F101992,t,Andhra Pradesh,2936817.805597782
F101992,t,Arunachal Pradesh,194905.33829331398
F101992,t,Assam,1020330.0584433079
F101992,t,Bihar,413566.5485033989
F101992,t,Chhattisgarh,554563.7223603725
F101992,t,Delhi,213590.8878326416
F101992,t,Goa,117663.12611913681
F101992,t,Gujarat,2527565.2157554626
F101992,t,Haryana,1882598.4885687828
F101992,t,Himachal Pradesh,187916.45692825317
F101992,t,Jammu and Kashmir,285113.4893977642
F101992,t,Jharkhand,559589.4482688904
F101992,t,Karnataka,1114664.0019836426
F101992,t,Kerala,1123151.836691618
F101992,t,Madhya Pradesh,1579901.2170495987
F101992,t,Maharashtra,3046397.9470682144
F101992,t,Manipur,82257.70187044144
F101992,t,Meghalaya,79037.60614681244
F101992,t,Mizoram,45141.98460817337
F101992,t,Nagaland,65316.5472536087
F101992,t,Orissa,812619.8409433365
F101992,t,Punjab,2015557.7194719315
F101992,t,Rajasthan,1509749.6988692284
F101992,t,Sikkim,21793.118198156357
F101992,t,Tamil Nadu,2338154.47061491
F101992,t,Tripura,119039.42700624466
F101992,t,Uttar Pradesh,3215881.5364313126
F101992,t,Uttaranchal,349886.67520594597
F101992,t,West Bengal,1617756.5569884777
F101992,x,Andhra Pradesh,378374.0922035724
F101992,x,Arunachal Pradesh,15500.983442857862
F101992,x,Assam,115114.66489979625
F101992,x,Bihar,53708.5769494921
F101992,x,Chhattisgarh,73080.9304047674
F101992,x,Delhi,93118.28163266182
F101992,x,Goa,14320.88960057497
F101992,x,Gujarat,368570.93327718973
F101992,x,Haryana,283197.5063073784
F101992,x,Himachal Pradesh,20249.619856789708
F101992,x,Jammu and Kashmir,39252.73438388109
F101992,x,Jharkhand,94677.12490974367
F101992,x,Karnataka,168400.22064705193
F101992,x,Kerala,131101.4687985927
F101992,x,Madhya Pradesh,233909.74038131535
F101992,x,Maharashtra,473934.5480617434
F101992,x,Manipur,7689.035901337862
F101992,x,Meghalaya,7273.77544260025
F101992,x,Mizoram,3528.8550984561443
F101992,x,Nagaland,5948.3505546450615
F101992,x,Orissa,96620.20518732071
F101992,x,Punjab,299912.4331675321
F101992,x,Rajasthan,263411.803108111
F101992,x,Sikkim,1636.8535394221544
F101992,x,Tamil Nadu,310136.28254906833
F101992,x,Tripura,12588.605731993914
F101992,x,Uttar Pradesh,450099.4099519551
F101992,x,Uttaranchal,45942.81697630882
F101992,x,West Bengal,235846.3769712001
F101993,t,Andhra Pradesh,3254589.7630217075
F101993,t,Arunachal Pradesh,191651.8537209034
F101993,t,Assam,901632.2961828709
F101993,t,Bihar,498122.3832999468
F101993,t,Chhattisgarh,1291615.187198639
F101993,t,Delhi,207594.83617210388
F101993,t,Goa,130975.26925420761
F101993,t,Gujarat,2687401.5048156977
F101993,t,Haryana,1528933.343398571
F101993,t,Himachal Pradesh,185056.43819761276
F101993,t,Jammu and Kashmir,323755.52844786644
F101993,t,Jharkhand,866741.0083596706
F101993,t,Karnataka,1138553.9195196629
F101993,t,Kerala,1167910.9823124409
F101993,t,Madhya Pradesh,1918678.5454494953
F101993,t,Maharashtra,3346926.2783282995
F101993,t,Manipur,90104.32992362976
F101993,t,Meghalaya,145039.69195759296
F101993,t,Mizoram,43081.35956573486
F101993,t,Nagaland,69285.64867377281
F101993,t,Orissa,1692323.687695384
F101993,t,Punjab,2161138.6628165245
F101993,t,Rajasthan,1672693.5860731602
F101993,t,Sikkim,26305.710729002953
F101993,t,Tamil Nadu,2387298.9297566414
F101993,t,Tripura,117257.15559077263
F101993,t,Uttar Pradesh,3195475.023967266
F101993,t,Uttaranchal,346727.80170845985
F101993,t,West Bengal,1625514.8970036507
F101993,x,Andhra Pradesh,475252.70444538444
F101993,x,Arunachal Pradesh,14399.69378066063
F101993,x,Assam,116015.15428354591
F101993,x,Bihar,67737.35202786326
F101993,x,Chhattisgarh,218971.61070808768
F101993,x,Delhi,90324.94761061668
F101993,x,Goa,16460.656615056098
F101993,x,Gujarat,396352.2281222269
F101993,x,Haryana,242143.97132460773
F101993,x,Himachal Pradesh,19551.654806390405
F101993,x,Jammu and Kashmir,43094.40947140753
F101993,x,Jharkhand,156667.21840320528
F101993,x,Karnataka,181181.2917783931
F101993,x,Kerala,146717.8060413748
F101993,x,Madhya Pradesh,307913.1331236437
F101993,x,Maharashtra,560152.1313017309
F101993,x,Manipur,9938.562287032604
F101993,x,Meghalaya,20953.79883787781
F101993,x,Mizoram,4755.284480281174
F101993,x,Nagaland,6925.215398065746
F101993,x,Orissa,267014.07418418676
F101993,x,Punjab,315779.59720122814
F101993,x,Rajasthan,291732.26918527484
F101993,x,Sikkim,1899.9896550402045
F101993,x,Tamil Nadu,333317.1569313705
F101993,x,Tripura,14757.150479257107
F101993,x,Uttar Pradesh,470611.1367934719
F101993,x,Uttaranchal,48143.72275558859
F101993,x,West Bengal,245289.15619760752
F101994,t,Andhra Pradesh,3221745.4720106125
F101994,t,Arunachal Pradesh,199145.0688022375
F101994,t,Assam,1061526.9327082634
F101994,t,Bihar,472344.8438283205
F101994,t,Chhattisgarh,891859.9089183807
F101994,t,Delhi,209068.71069717407
F101994,t,Goa,142066.48175549507
F101994,t,Gujarat,2821659.314127803
F101994,t,Haryana,1453197.1966803074
F101994,t,Himachal Pradesh,161801.6842019558
F101994,t,Jammu and Kashmir,314038.63299512863
F101994,t,Jharkhand,656568.8676977158
F101994,t,Karnataka,1290712.875207305
F101994,t,Kerala,1273341.0949361324
F101994,t,Madhya Pradesh,2154708.615385771
F101994,t,Maharashtra,3368692.9043542147
F101994,t,Manipur,133279.56062459946
F101994,t,Meghalaya,167049.64582312107
F101994,t,Mizoram,97347.26702427864
F101994,t,Nagaland,87506.53220880032
F101994,t,Orissa,1293859.1323711872
F101994,t,Punjab,1896987.807844162
F101994,t,Rajasthan,1746713.001815319
F101994,t,Sikkim,24775.792198061943
F101994,t,Tamil Nadu,2555352.946453333
F101994,t,Tripura,120209.69934606552
F101994,t,Uttar Pradesh,3204784.374671221
F101994,t,Uttaranchal,376637.78744995594
F101994,t,West Bengal,1600810.500118494
F101994,x,Andhra Pradesh,433302.5533140972
F101994,x,Arunachal Pradesh,14101.015360869467
F101994,x,Assam,134278.01244536042
F101994,x,Bihar,60549.17729149759
F101994,x,Chhattisgarh,135054.8610157445
F101994,x,Delhi,91114.79498577118
F101994,x,Goa,18436.617246344686
F101994,x,Gujarat,405408.9082270637
F101994,x,Haryana,222022.79287520796
F101994,x,Himachal Pradesh,16437.570262685418
F101994,x,Jammu and Kashmir,39071.86566865444
F101994,x,Jharkhand,113117.49198900163
F101994,x,Karnataka,202907.53128943592
F101994,x,Kerala,150302.6586552933
F101994,x,Madhya Pradesh,323233.77902437
F101994,x,Maharashtra,530575.1038401127
F101994,x,Manipur,17938.644184447825
F101994,x,Meghalaya,20691.867276228964
F101994,x,Mizoram,15575.094629444182
F101994,x,Nagaland,10199.882192865014
F101994,x,Orissa,171457.37861745805
F101994,x,Punjab,262136.36888416857
F101994,x,Rajasthan,286745.73429495096
F101994,x,Sikkim,1822.3815549090505
F101994,x,Tamil Nadu,350921.50043703616
F101994,x,Tripura,14448.198674403131
F101994,x,Uttar Pradesh,461667.22446891665
F101994,x,Uttaranchal,51579.49693349749
F101994,x,West Bengal,230775.8058580011
F121994,t,Andhra Pradesh,2827417.4466047287
F121994,t,Arunachal Pradesh,205609.59279370308
F121994,t,Assam,879797.2804896832
F121994,t,Bihar,483268.2517604828
F121994,t,Chhattisgarh,556559.17476511
F121994,t,Delhi,210212.33095932007
F121994,t,Goa,137898.07671403885
F121994,t,Gujarat,2792984.2875421047
F121994,t,Haryana,1960335.6701467037
F121994,t,Himachal Pradesh,217277.83919477463
F121994,t,Jammu and Kashmir,318374.6377270222
F121994,t,Jharkhand,588776.5016245842
F121994,t,Karnataka,1317213.7891283035
F121994,t,Kerala,1313833.039776802
F121994,t,Madhya Pradesh,2252609.1021180153
F121994,t,Maharashtra,2960635.6103081703
F121994,t,Manipur,76732.55729627609
F121994,t,Meghalaya,83611.27477407455
F121994,t,Mizoram,31128.37602853775
F121994,t,Nagaland,53970.256732940674
F121994,t,Orissa,833445.4178066254
F121994,t,Punjab,2921585.5290985107
F121994,t,Rajasthan,1800878.5230007172
F121994,t,Sikkim,20892.116828918457
F121994,t,Tamil Nadu,2280006.5385127068
F121994,t,Tripura,94762.87698125839
F121994,t,Uttar Pradesh,3048133.281672716
F121994,t,Uttaranchal,368355.1327316761
F121994,t,West Bengal,1656409.6031036377
F121994,x,Andhra Pradesh,446852.50964811444
F121994,x,Arunachal Pradesh,16468.711627855897
F121994,x,Assam,117950.18872575462
F121994,x,Bihar,71292.57625246048
F121994,x,Chhattisgarh,94045.83003351092
F121994,x,Delhi,101347.34874200821
F121994,x,Goa,23002.221708774567
F121994,x,Gujarat,468276.75687624514
F121994,x,Haryana,357280.03549820185
F121994,x,Himachal Pradesh,30014.883723527193
F121994,x,Jammu and Kashmir,54265.371374726295
F121994,x,Jharkhand,119912.59150405228
F121994,x,Karnataka,243497.3425783217
F121994,x,Kerala,200581.9154163003
F121994,x,Madhya Pradesh,372119.50560566783
F121994,x,Maharashtra,563485.4199643731
F121994,x,Manipur,8405.656316936016
F121994,x,Meghalaya,9384.1019154042
F121994,x,Mizoram,3500.5853440761566
F121994,x,Nagaland,5040.104345142841
F121994,x,Orissa,124904.42682299018
F121994,x,Punjab,489047.35432706773
F121994,x,Rajasthan,354276.5463474244
F121994,x,Sikkim,1737.810545757413
F121994,x,Tamil Nadu,396498.3427762389
F121994,x,Tripura,11626.88944800198
F121994,x,Uttar Pradesh,531682.3157116026
F121994,x,Uttaranchal,59548.91011059284
F121994,x,West Bengal,281796.0240022689
F121995,t,Andhra Pradesh,3297031.38056612
F121995,t,Arunachal Pradesh,189908.21303009987
F121995,t,Assam,952652.4065425396
F121995,t,Bihar,532580.4507502317
F121995,t,Chhattisgarh,692906.201274395
F121995,t,Delhi,209308.0521221161
F121995,t,Goa,132372.01310646534
F121995,t,Gujarat,2971514.395009756
F121995,t,Haryana,1888811.7259101868
F121995,t,Himachal Pradesh,217479.65678429604
F121995,t,Jammu and Kashmir,313656.6498339176
F121995,t,Jharkhand,692573.4649837017
F121995,t,Karnataka,1361092.8199608326
F121995,t,Kerala,1163456.653603077
F121995,t,Madhya Pradesh,2519128.5738532543
F121995,t,Maharashtra,3413551.997315049
F121995,t,Manipur,145064.66564810276
F121995,t,Meghalaya,187721.2252868414
F121995,t,Mizoram,156483.35929441452
F121995,t,Nagaland,67262.49363589287
F121995,t,Orissa,1104211.166275978
F121995,t,Punjab,2567354.8377741575
F121995,t,Rajasthan,1913873.1841677427
F121995,t,Sikkim,28664.67306101322
F121995,t,Tamil Nadu,2851910.210668683
F121995,t,Tripura,134656.33613193035
F121995,t,Uttar Pradesh,3135741.814314604
F121995,t,Uttaranchal,389155.20128273964
F121995,t,West Bengal,1714286.635490656
F121995,x,Andhra Pradesh,517155.7188208215
F121995,x,Arunachal Pradesh,15067.98710012436
F121995,x,Assam,136838.2089657709
F121995,x,Bihar,80730.47691499442
F121995,x,Chhattisgarh,109825.72906340659
F121995,x,Delhi,97636.0836493969
F121995,x,Goa,20415.500116318464
F121995,x,Gujarat,510231.66503257304
F121995,x,Haryana,327972.85583877563
F121995,x,Himachal Pradesh,27228.43659348041
F121995,x,Jammu and Kashmir,47837.67529051751
F121995,x,Jharkhand,136268.2828022614
F121995,x,Karnataka,248205.89956253767
F121995,x,Kerala,172384.32576806843
F121995,x,Madhya Pradesh,416389.12117145956
F121995,x,Maharashtra,631852.0488914549
F121995,x,Manipur,22668.923193231225
F121995,x,Meghalaya,31286.297362327576
F121995,x,Mizoram,30168.946366667747
F121995,x,Nagaland,8513.16195063293
F121995,x,Orissa,157427.82330577075
F121995,x,Punjab,416080.43243303895
F121995,x,Rajasthan,377048.7037122473
F121995,x,Sikkim,2441.080619201064
F121995,x,Tamil Nadu,464639.7893829718
F121995,x,Tripura,22110.18385192007
F121995,x,Uttar Pradesh,541994.1055049822
F121995,x,Uttaranchal,63475.57679605484
F121995,x,West Bengal,291443.44845078886
F121996,t,Andhra Pradesh,3619699.226183772
F121996,t,Arunachal Pradesh,221657.17897951603
F121996,t,Assam,922199.0354977846
F121996,t,Bihar,539230.1021610498
F121996,t,Chhattisgarh,766250.3290872574
F121996,t,Delhi,209795.01530075073
F121996,t,Goa,141567.12333238125
F121996,t,Gujarat,3152039.207677603
F121996,t,Haryana,2100542.416605234
F121996,t,Himachal Pradesh,223102.51390695572
F121996,t,Jammu and Kashmir,331134.8368703127
F121996,t,Jharkhand,635512.9556589127
F121996,t,Karnataka,1574439.575627923
F121996,t,Kerala,1256913.6911804676
F121996,t,Madhya Pradesh,2652494.1663929224
F121996,t,Maharashtra,3859569.5187864304
F121996,t,Manipur,94082.9876871109
F121996,t,Meghalaya,112824.82943117619
F121996,t,Mizoram,48340.60681831837
F121996,t,Nagaland,73375.24506092072
F121996,t,Orissa,1202402.6906712055
F121996,t,Punjab,2638216.9528166056
F121996,t,Rajasthan,2156792.754221678
F121996,t,Sikkim,25410.354795455933
F121996,t,Tamil Nadu,3145265.808274746
F121996,t,Tripura,118584.3252516985
F121996,t,Uttar Pradesh,3202857.990557313
F121996,t,Uttaranchal,400504.11823153496
F121996,t,West Bengal,1782982.2687609196
F121996,x,Andhra Pradesh,558467.2044970691
F121996,x,Arunachal Pradesh,17425.215296909213
F121996,x,Assam,120098.12092199922
F121996,x,Bihar,82187.53928833455
F121996,x,Chhattisgarh,129903.13215115666
F121996,x,Delhi,99835.07027387619
F121996,x,Goa,22612.45449578017
F121996,x,Gujarat,539985.9530449249
F121996,x,Haryana,375343.47512660176
F121996,x,Himachal Pradesh,29322.756724618375
F121996,x,Jammu and Kashmir,52365.846947826445
F121996,x,Jharkhand,123440.30834650993
F121996,x,Karnataka,283377.6442534104
F121996,x,Kerala,174659.04384160787
F121996,x,Madhya Pradesh,461578.087891113
F121996,x,Maharashtra,715374.3259016052
F121996,x,Manipur,11206.625150173903
F121996,x,Meghalaya,12869.446046613157
F121996,x,Mizoram,5514.030939795077
F121996,x,Nagaland,8429.012801349163
F121996,x,Orissa,174336.40260148048
F121996,x,Punjab,440012.2377374917
F121996,x,Rajasthan,426867.2181456387
F121996,x,Sikkim,2105.196812160313
F121996,x,Tamil Nadu,495826.458638981
F121996,x,Tripura,15387.185504443944
F121996,x,Uttar Pradesh,555372.3459336497
F121996,x,Uttaranchal,64855.317679442465
F121996,x,West Bengal,294151.1802958846
F121997,t,Andhra Pradesh,3620893.67355299
F121997,t,Arunachal Pradesh,142338.2409414053
F121997,t,Assam,840018.5799418688
F121997,t,Bihar,565417.2339062691
F121997,t,Chhattisgarh,979876.4327399731
F121997,t,Delhi,211692.8816947937
F121997,t,Goa,139044.04324769974
F121997,t,Gujarat,3400410.810978651
F121997,t,Haryana,1887224.3603663445
F121997,t,Himachal Pradesh,227336.627420187
F121997,t,Jammu and Kashmir,348673.890458107
F121997,t,Jharkhand,747798.7521007061
F121997,t,Karnataka,1598132.8935563564
F121997,t,Kerala,1211780.271314621
F121997,t,Madhya Pradesh,2507782.9779043198
F121997,t,Maharashtra,4044853.9286237955
F121997,t,Manipur,97592.12759625912
F121997,t,Meghalaya,99557.36506640911
F121997,t,Mizoram,57202.93370485306
F121997,t,Nagaland,54439.31405043602
F121997,t,Orissa,1561323.2285282612
F121997,t,Punjab,2758850.8144369125
F121997,t,Rajasthan,2163010.9702391624
F121997,t,Sikkim,27429.177363991737
F121997,t,Tamil Nadu,3259829.3730106354
F121997,t,Tripura,119050.47278165817
F121997,t,Uttar Pradesh,2827517.5205364227
F121997,t,Uttaranchal,381545.1400542259
F121997,t,West Bengal,1773616.2155674696
F121997,x,Andhra Pradesh,568888.5778096318
F121997,x,Arunachal Pradesh,12730.740493007004
F121997,x,Assam,125379.72545788437
F121997,x,Bihar,86384.06179125607
F121997,x,Chhattisgarh,176558.63338584453
F121997,x,Delhi,102383.30272722244
F121997,x,Goa,23022.915223442018
F121997,x,Gujarat,592558.7563372701
F121997,x,Haryana,344711.59487463534
F121997,x,Himachal Pradesh,29288.4653371498
F121997,x,Jammu and Kashmir,56447.59390606731
F121997,x,Jharkhand,150651.47312524915
F121997,x,Karnataka,295424.59163853526
F121997,x,Kerala,173189.00235266984
F121997,x,Madhya Pradesh,437466.02993748337
F121997,x,Maharashtra,753307.4026563913
F121997,x,Manipur,13671.286004342139
F121997,x,Meghalaya,12835.42085904628
F121997,x,Mizoram,7676.835206575692
F121997,x,Nagaland,7046.125220648944
F121997,x,Orissa,263505.12116190046
F121997,x,Punjab,462856.7937787771
F121997,x,Rajasthan,425192.09666752815
F121997,x,Sikkim,2315.5864233598113
F121997,x,Tamil Nadu,525130.3556705937
F121997,x,Tripura,16483.092133954167
F121997,x,Uttar Pradesh,517460.5541832745
F121997,x,Uttaranchal,61847.409089908004
F121997,x,West Bengal,306592.777129747
F121998,t,Andhra Pradesh,3838677.9128854275
F121998,t,Arunachal Pradesh,154052.9759299755
F121998,t,Assam,861146.0933017731
F121998,t,Bihar,502096.5910694599
F121998,t,Chhattisgarh,758848.5767290592
F121998,t,Delhi,211328.2211933136
F121998,t,Goa,145368.10200583935
F121998,t,Gujarat,3624557.330077529
F121998,t,Haryana,1935194.9319101572
F121998,t,Himachal Pradesh,276056.3802794218
F121998,t,Jammu and Kashmir,435192.3887488842
F121998,t,Jharkhand,539810.4505833387
F121998,t,Karnataka,1662720.0631047487
F121998,t,Kerala,1148232.322119832
F121998,t,Madhya Pradesh,2301271.4472409487
F121998,t,Maharashtra,3986845.329744816
F121998,t,Manipur,88334.42049360275
F121998,t,Meghalaya,101808.27073669434
F121998,t,Mizoram,56881.38202774525
F121998,t,Nagaland,54112.14642763138
F121998,t,Orissa,1157239.402334571
F121998,t,Punjab,3176920.835282564
F121998,t,Rajasthan,2279542.310737729
F121998,t,Sikkim,23968.701843857765
F121998,t,Tamil Nadu,3358437.4513300657
F121998,t,Tripura,132252.66864943504
F121998,t,Uttar Pradesh,2841898.449560046
F121998,t,Uttaranchal,389287.2977671623
F121998,t,West Bengal,1674102.8112686872
F121998,x,Andhra Pradesh,646544.3977013305
F121998,x,Arunachal Pradesh,15207.109994024038
F121998,x,Assam,131960.20428497344
F121998,x,Bihar,78556.3855824545
F121998,x,Chhattisgarh,144704.1044147238
F121998,x,Delhi,104632.69816541672
F121998,x,Goa,26115.25762025267
F121998,x,Gujarat,669237.2924669906
F121998,x,Haryana,365875.57986382395
F121998,x,Himachal Pradesh,39882.69912049174
F121998,x,Jammu and Kashmir,78590.21703924984
F121998,x,Jharkhand,109363.18151634932
F121998,x,Karnataka,331244.493667379
F121998,x,Kerala,177062.91501825303
F121998,x,Madhya Pradesh,430160.55517838895
F121998,x,Maharashtra,818568.1212938577
F121998,x,Manipur,11884.731445848942
F121998,x,Meghalaya,13924.29274160415
F121998,x,Mizoram,8658.235841095448
F121998,x,Nagaland,6824.374319858849
F121998,x,Orissa,185274.0422711745
F121998,x,Punjab,567064.6915461421
F121998,x,Rajasthan,472474.62202501297
F121998,x,Sikkim,2340.4164921864867
F121998,x,Tamil Nadu,590010.3630611598
F121998,x,Tripura,19766.974951393902
F121998,x,Uttar Pradesh,534309.946707122
F121998,x,Uttaranchal,68201.82034503669
F121998,x,West Bengal,306737.4846024737
F121999,t,Andhra Pradesh,4348156.351343632
F121999,t,Arunachal Pradesh,209278.39688110352
F121999,t,Assam,1076043.7732076645
F121999,t,Bihar,585468.0344223976
F121999,t,Chhattisgarh,880345.3018840551
F121999,t,Delhi,208486.44658470154
F121999,t,Goa,165971.5293047428
F121999,t,Gujarat,3989293.774317622
F121999,t,Haryana,2108470.318842888
F121999,t,Himachal Pradesh,428476.72505140305
F121999,t,Jammu and Kashmir,340425.4341003895
F121999,t,Jharkhand,763903.9082103968
F121999,t,Karnataka,1807899.2311372757
F121999,t,Kerala,1251168.6099894047
F121999,t,Madhya Pradesh,2667431.7267184258
F121999,t,Maharashtra,4488466.455778956
F121999,t,Manipur,166167.0771522522
F121999,t,Meghalaya,246483.2118513584
F121999,t,Mizoram,130036.56893849373
F121999,t,Nagaland,98749.6994342804
F121999,t,Orissa,1542820.5065205097
F121999,t,Punjab,3884396.723015547
F121999,t,Rajasthan,2426518.9781045914
F121999,t,Sikkim,38482.49285531044
F121999,t,Tamil Nadu,3891856.742364168
F121999,t,Tripura,170788.057056427
F121999,t,Uttar Pradesh,2616681.90955317
F121999,t,Uttaranchal,506622.932754755
F121999,t,West Bengal,1944611.9073621035
F121999,x,Andhra Pradesh,729656.6983833387
F121999,x,Arunachal Pradesh,28107.68517393619
F121999,x,Assam,174740.02104651183
F121999,x,Bihar,93719.98922803253
F121999,x,Chhattisgarh,157566.25549857318
F121999,x,Delhi,102162.22928071022
F121999,x,Goa,31435.062090151012
F121999,x,Gujarat,742436.4732227325
F121999,x,Haryana,383146.49630488455
F121999,x,Himachal Pradesh,55841.391694903374
F121999,x,Jammu and Kashmir,56290.08861310035
F121999,x,Jharkhand,152237.55210660398
F121999,x,Karnataka,370712.39084237814
F121999,x,Kerala,206213.26741807163
F121999,x,Madhya Pradesh,524440.9433457181
F121999,x,Maharashtra,930228.3287874758
F121999,x,Manipur,25974.7641171813
F121999,x,Meghalaya,54639.95815434307
F121999,x,Mizoram,24659.506272651255
F121999,x,Nagaland,17460.992945313454
F121999,x,Orissa,253886.72436276823
F121999,x,Punjab,658376.7360204309
F121999,x,Rajasthan,489946.3925437033
F121999,x,Sikkim,4697.412467584014
F121999,x,Tamil Nadu,708707.0583215281
F121999,x,Tripura,25461.583293557167
F121999,x,Uttar Pradesh,501111.99368608
F121999,x,Uttaranchal,82458.3155991137
F121999,x,West Bengal,352864.4577630609
F141997,t,Andhra Pradesh,3565973.468360901
F141997,t,Arunachal Pradesh,157656.93208956718
F141997,t,Assam,976645.9941499233
F141997,t,Bihar,525565.964818716
F141997,t,Chhattisgarh,613791.0162303448
F141997,t,Delhi,208588.90050315857
F141997,t,Goa,142567.09139966965
F141997,t,Gujarat,3851042.2029862404
F141997,t,Haryana,1921119.312104702
F141997,t,Himachal Pradesh,244561.82227897644
F141997,t,Jammu and Kashmir,345664.5659174919
F141997,t,Jharkhand,545155.3212308884
F141997,t,Karnataka,1552439.903388977
F141997,t,Kerala,1172273.8663554192
F141997,t,Madhya Pradesh,2070692.4753379822
F141997,t,Maharashtra,3979736.3481197357
F141997,t,Manipur,96371.99670624733
F141997,t,Meghalaya,86978.47850513458
F141997,t,Mizoram,39698.9084610939
F141997,t,Nagaland,54070.35252594948
F141997,t,Orissa,1032129.911247015
F141997,t,Punjab,3022982.0274500847
F141997,t,Rajasthan,2130497.58241868
F141997,t,Sikkim,26981.554832696915
F141997,t,Tamil Nadu,3177799.7257084846
F141997,t,Tripura,120977.95534491539
F141997,t,Uttar Pradesh,2612945.723891735
F141997,t,Uttaranchal,377464.9831573963
F141997,t,West Bengal,1841810.4673695564
F141997,x,Andhra Pradesh,421468.01646359265
F141997,x,Arunachal Pradesh,9918.577620714903
F141997,x,Assam,106290.62415223569
F141997,x,Bihar,59934.505356647074
F141997,x,Chhattisgarh,77432.80824010074
F141997,x,Delhi,93650.61544704437
F141997,x,Goa,17374.03347571194
F141997,x,Gujarat,516327.5981144756
F141997,x,Haryana,288900.44093357027
F141997,x,Himachal Pradesh,25018.849666893482
F141997,x,Jammu and Kashmir,43806.05577854812
F141997,x,Jharkhand,86322.93129971623
F141997,x,Karnataka,222664.95652779192
F141997,x,Kerala,118376.91096674651
F141997,x,Madhya Pradesh,279796.7416024804
F141997,x,Maharashtra,579178.0786136687
F141997,x,Manipur,8567.050673134625
F141997,x,Meghalaya,7854.213061757386
F141997,x,Mizoram,3272.977090328932
F141997,x,Nagaland,4709.861315146089
F141997,x,Orissa,114027.46100403368
F141997,x,Punjab,422015.384965837
F141997,x,Rajasthan,343774.4459651187
F141997,x,Sikkim,1848.6864997893572
F141997,x,Tamil Nadu,397112.6319416389
F141997,x,Tripura,12989.123390898108
F141997,x,Uttar Pradesh,381157.7434290275
F141997,x,Uttaranchal,48653.84178827703
F141997,x,West Bengal,251465.17501150817
F141998,t,Andhra Pradesh,4107567.509988427
F141998,t,Arunachal Pradesh,213682.6396714449
F141998,t,Assam,1022079.1447092295
F141998,t,Bihar,617134.9875416756
F141998,t,Chhattisgarh,876951.3487253189
F141998,t,Delhi,209521.34025764465
F141998,t,Goa,161791.18799722195
F141998,t,Gujarat,3904050.579415202
F141998,t,Haryana,1875894.414326191
F141998,t,Himachal Pradesh,283081.2000193596
F141998,t,Jammu and Kashmir,424626.96669352055
F141998,t,Jharkhand,567546.1545603275
F141998,t,Karnataka,1712172.0005590916
F141998,t,Kerala,1298581.4984213114
F141998,t,Madhya Pradesh,2354815.5472534895
F141998,t,Maharashtra,4189500.432654023
F141998,t,Manipur,97858.66656458378
F141998,t,Meghalaya,136923.648691535
F141998,t,Mizoram,58840.48741149902
F141998,t,Nagaland,65315.52533245087
F141998,t,Orissa,1270702.5649517775
F141998,t,Punjab,3201686.2818558216
F141998,t,Rajasthan,2216913.3398598433
F141998,t,Sikkim,27412.37006831169
F141998,t,Tamil Nadu,3401881.9803301096
F141998,t,Tripura,153104.28120064735
F141998,t,Uttar Pradesh,2972351.049524188
F141998,t,Uttaranchal,417528.1544575691
F141998,t,West Bengal,1823135.1250947714
F141998,x,Andhra Pradesh,522596.79917999357
F141998,x,Arunachal Pradesh,13917.929832227528
F141998,x,Assam,110079.89094690979
F141998,x,Bihar,68260.21735457331
F141998,x,Chhattisgarh,120905.19657951221
F141998,x,Delhi,94657.12263846397
F141998,x,Goa,20487.588516898453
F141998,x,Gujarat,526364.1552194916
F141998,x,Haryana,278419.29708726704
F141998,x,Himachal Pradesh,30086.70516347885
F141998,x,Jammu and Kashmir,54404.03769984096
F141998,x,Jharkhand,83059.73997981846
F141998,x,Karnataka,258803.25405380502
F141998,x,Kerala,138671.7301414758
F141998,x,Madhya Pradesh,328410.43901878595
F141998,x,Maharashtra,662534.1207217276
F141998,x,Manipur,9356.750566899776
F141998,x,Meghalaya,15194.296198822558
F141998,x,Mizoram,7337.520937480032
F141998,x,Nagaland,5769.769274748862
F141998,x,Orissa,141143.10185539722
F141998,x,Punjab,429612.36506737024
F141998,x,Rajasthan,358783.5403812602
F141998,x,Sikkim,1776.5480274409056
F141998,x,Tamil Nadu,447412.7837780416
F141998,x,Tripura,16532.82914352417
F141998,x,Uttar Pradesh,423676.2915133983
F141998,x,Uttaranchal,52940.79479453713
F141998,x,West Bengal,244741.38271565735
F141999,t,Andhra Pradesh,4477809.9445028305
F141999,t,Arunachal Pradesh,262296.22647333145
F141999,t,Assam,1155049.050624013
F141999,t,Bihar,680735.5222759247
F141999,t,Chhattisgarh,1256118.0311552286
F141999,t,Delhi,211443.72940063477
F141999,t,Goa,162324.76897203922
F141999,t,Gujarat,4199011.590784192
F141999,t,Haryana,2171514.557780504
F141999,t,Himachal Pradesh,447122.49326503277
F141999,t,Jammu and Kashmir,356755.2427868843
F141999,t,Jharkhand,936307.523597002
F141999,t,Karnataka,1823490.6924819946
F141999,t,Kerala,1287595.650821209
F141999,t,Madhya Pradesh,2762282.8913570642
F141999,t,Maharashtra,4569571.239548087
F141999,t,Manipur,272419.01349902153
F141999,t,Meghalaya,289877.55185472965
F141999,t,Mizoram,141006.89783251286
F141999,t,Nagaland,120858.61556100845
F141999,t,Orissa,2027973.0667529106
F141999,t,Punjab,3731433.1673568487
F141999,t,Rajasthan,2371132.0615907907
F141999,t,Sikkim,38239.859498262405
F141999,t,Tamil Nadu,3941136.7929924726
F141999,t,Tripura,193886.5372105837
F141999,t,Uttar Pradesh,2822750.475884795
F141999,t,Uttaranchal,617889.0534988642
F141999,t,West Bengal,2068567.7257426977
F141999,x,Andhra Pradesh,579174.9603843838
F141999,x,Arunachal Pradesh,22964.618025496602
F141999,x,Assam,135993.9249677211
F141999,x,Bihar,81782.7928462699
F141999,x,Chhattisgarh,185231.26582181454
F141999,x,Delhi,98552.85638356209
F141999,x,Goa,21367.805568367243
F141999,x,Gujarat,575761.6467677578
F141999,x,Haryana,324035.64229730517
F141999,x,Himachal Pradesh,44516.543885059655
F141999,x,Jammu and Kashmir,43373.1120968312
F141999,x,Jharkhand,147076.48620878905
F141999,x,Karnataka,284564.42315493524
F141999,x,Kerala,147338.68371265382
F141999,x,Madhya Pradesh,414159.72330797464
F141999,x,Maharashtra,730802.3617227003
F141999,x,Manipur,41572.30655543506
F141999,x,Meghalaya,47458.32604625076
F141999,x,Mizoram,23662.647582165897
F141999,x,Nagaland,17819.368495941162
F141999,x,Orissa,265044.90535821766
F141999,x,Punjab,527003.3561405465
F141999,x,Rajasthan,388278.56074710935
F141999,x,Sikkim,3266.1031900942326
F141999,x,Tamil Nadu,541740.5741992891
F141999,x,Tripura,21927.696634203196
F141999,x,Uttar Pradesh,433418.9403673932
F141999,x,Uttaranchal,77643.6488204673
F141999,x,West Bengal,282258.5039116889
F142000,x,Andhra Pradesh,591640.6731929556
F142000,x,Arunachal Pradesh,15339.25586322695
F142000,x,Assam,121392.96931103617
F142000,x,Bihar,77522.43444447964
F142000,x,Chhattisgarh,153185.21232416108
F142000,x,Delhi,101482.57004499435
F142000,x,Goa,25544.297255974263
F142000,x,Gujarat,636490.0000091158
F142000,x,Haryana,361256.2231399119
F142000,x,Himachal Pradesh,48485.44395270944
F142000,x,Jammu and Kashmir,46306.54747902602
F142000,x,Jharkhand,106175.27002123371
F142000,x,Karnataka,321970.8430608362
F142000,x,Kerala,172679.6388562359
F142000,x,Madhya Pradesh,404261.70083797723
F142000,x,Maharashtra,792100.8266041949
F142000,x,Manipur,9712.546104982495
F142000,x,Meghalaya,21484.533515885472
F142000,x,Mizoram,6041.725967943668
F142000,x,Nagaland,6575.61035354808
F142000,x,Orissa,201899.2477930598
F142000,x,Punjab,539862.2629749328
F142000,x,Rajasthan,404085.4417135939
F142000,x,Sikkim,1756.3324695006013
F142000,x,Tamil Nadu,571195.6443338394
F142000,x,Tripura,18250.649491347373
F142000,x,Uttar Pradesh,459760.8931016773
F142000,x,Uttaranchal,69579.92758662254
F142000,x,West Bengal,292549.6533845365
F142000,t,Andhra Pradesh,4469752.218557596
F142000,t,Arunachal Pradesh,224965.89719438553
F142000,t,Assam,1078189.5050946474
F142000,t,Bihar,658238.9153519869
F142000,t,Chhattisgarh,1070406.313512206
F142000,t,Delhi,213338.40715789795
F142000,t,Goa,169498.32493579388
F142000,t,Gujarat,4533026.919697762
F142000,t,Haryana,2381234.703588009
F142000,t,Himachal Pradesh,466301.48451530933
F142000,t,Jammu and Kashmir,366530.8309599161
F142000,t,Jharkhand,685850.7560626268
F142000,t,Karnataka,1998344.7798435688
F142000,t,Kerala,1454692.0972406864
F142000,t,Madhya Pradesh,2682597.7030420303
F142000,t,Maharashtra,4730762.97947824
F142000,t,Manipur,98234.15090417862
F142000,t,Meghalaya,183087.5325192213
F142000,t,Mizoram,56926.58608019352
F142000,t,Nagaland,69165.92080891132
F142000,t,Orissa,1722782.1041845083
F142000,t,Punjab,3785024.116232276
F142000,t,Rajasthan,2423665.9317764044
F142000,t,Sikkim,26023.7502297163
F142000,t,Tamil Nadu,4061223.6586503983
F142000,t,Tripura,161512.77407050133
F142000,t,Uttar Pradesh,2964189.7636009455
F142000,t,Uttaranchal,548682.5839477777
F142000,t,West Bengal,2087800.8827505112
F142001,x,Andhra Pradesh,656973.8861260563
F142001,x,Arunachal Pradesh,16414.03177175671
F142001,x,Assam,129320.43917986006
F142001,x,Bihar,77566.30908869952
F142001,x,Chhattisgarh,206605.18683627993
F142001,x,Delhi,105247.74633479118
F142001,x,Goa,28684.936240546405
F142001,x,Gujarat,643587.2886629403
F142001,x,Haryana,416081.4662087634
F142001,x,Himachal Pradesh,60522.86720947176
F142001,x,Jammu and Kashmir,55116.14584428072
F142001,x,Jharkhand,132665.69953534007
F142001,x,Karnataka,343181.43959255517
F142001,x,Kerala,178433.4360645041
F142001,x,Madhya Pradesh,367124.21868949383
F142001,x,Maharashtra,863117.1451920345
F142001,x,Manipur,20914.478342793882
F142001,x,Meghalaya,24772.032820373774
F142001,x,Mizoram,22925.105634838343
F142001,x,Nagaland,9829.01463803649
F142001,x,Orissa,296816.3403083533
F142001,x,Punjab,634365.6911123693
F142001,x,Rajasthan,445277.19645585865
F142001,x,Sikkim,1821.988305002451
F142001,x,Tamil Nadu,690115.319321543
F142001,x,Tripura,21068.78601486236
F142001,x,Uttar Pradesh,538983.4277599156
F142001,x,Uttaranchal,78259.84542816132
F142001,x,West Bengal,306818.9994549751
F142001,t,Andhra Pradesh,4707518.035944819
F142001,t,Arunachal Pradesh,256041.4074318409
F142001,t,Assam,1132657.3298443556
F142001,t,Bihar,662273.4009053707
F142001,t,Chhattisgarh,1372165.1666650772
F142001,t,Delhi,214294.4151687622
F142001,t,Goa,178985.21961677074
F142001,t,Gujarat,4653841.926473498
F142001,t,Haryana,2578243.549071312
F142001,t,Himachal Pradesh,561330.0764946938
F142001,t,Jammu and Kashmir,421977.3542442322
F142001,t,Jharkhand,879200.7725584507
F142001,t,Karnataka,2066977.9765205383
F142001,t,Kerala,1521164.5410020351
F142001,t,Madhya Pradesh,2299371.749209523
F142001,t,Maharashtra,5160266.762832522
F142001,t,Manipur,174347.728343606
F142001,t,Meghalaya,194089.44698870182
F142001,t,Mizoram,137038.32232499123
F142001,t,Nagaland,91746.39027643204
F142001,t,Orissa,2286942.071844101
F142001,t,Punjab,4229109.397663355
F142001,t,Rajasthan,2664994.4934505224
F142001,t,Sikkim,27994.53307378292
F142001,t,Tamil Nadu,4821805.303997636
F142001,t,Tripura,190432.37653696537
F142001,t,Uttar Pradesh,3586569.2536156178
F142001,t,Uttaranchal,577413.6402356625
F142001,t,West Bengal,2191915.782925606
F142002,x,Andhra Pradesh,663633.9640002623
F142002,x,Arunachal Pradesh,13596.778282813728
F142002,x,Assam,121728.17997267097
F142002,x,Bihar,92981.12253895402
F142002,x,Chhattisgarh,124469.81644106656
F142002,x,Delhi,104569.68869113922
F142002,x,Goa,32854.287438966334
F142002,x,Gujarat,658861.4868267924
F142002,x,Haryana,414364.01659819484
F142002,x,Himachal Pradesh,62275.416090764105
F142002,x,Jammu and Kashmir,57931.57525534183
F142002,x,Jharkhand,108863.85646857321
F142002,x,Karnataka,353528.86785820127
F142002,x,Kerala,205290.32095735893
F142002,x,Madhya Pradesh,299370.23148049414
F142002,x,Maharashtra,802888.1448635161
F142002,x,Manipur,9507.063178986311
F142002,x,Meghalaya,12185.012311808765
F142002,x,Mizoram,4953.887041382492
F142002,x,Nagaland,6860.980096973479
F142002,x,Orissa,157628.46866498888
F142002,x,Punjab,609873.5846090168
F142002,x,Rajasthan,440549.1782239005
F142002,x,Sikkim,2673.66708689183
F142002,x,Tamil Nadu,700240.5712792948
F142002,x,Tripura,19136.43727774918
F142002,x,Uttar Pradesh,502058.98211280257
F142002,x,Uttaranchal,84817.07024291903
F142002,x,West Bengal,323998.2533208057
F142002,t,Andhra Pradesh,5124067.709207654
F142002,t,Arunachal Pradesh,194008.5431485176
F142002,t,Assam,1053166.8300220966
F142002,t,Bihar,793058.4597678185
F142002,t,Chhattisgarh,927645.0671287775
F142002,t,Delhi,214500.45126724243
F142002,t,Goa,195218.27776408195
F142002,t,Gujarat,4791644.37919879
F142002,t,Haryana,2602832.310914278
F142002,t,Himachal Pradesh,587588.8191359043
F142002,t,Jammu and Kashmir,426573.31256198883
F142002,t,Jharkhand,686619.6781554222
F142002,t,Karnataka,2088502.6658742428
F142002,t,Kerala,1651297.4960764647
F142002,t,Madhya Pradesh,1933626.4961109161
F142002,t,Maharashtra,4858731.235572696
F142002,t,Manipur,104710.53799343109
F142002,t,Meghalaya,122376.34543442726
F142002,t,Mizoram,48566.44085025787
F142002,t,Nagaland,72466.7980928421
F142002,t,Orissa,1356860.9323507547
F142002,t,Punjab,4129129.767798662
F142002,t,Rajasthan,2638463.8010823727
F142002,t,Sikkim,34358.69043493271
F142002,t,Tamil Nadu,4842321.3425678015
F142002,t,Tripura,170707.00924873352
F142002,t,Uttar Pradesh,3236669.9736294746
F142002,t,Uttaranchal,628453.4496824741
F142002,t,West Bengal,2348150.651319027
F142003,x,Andhra Pradesh,644017.5096589774
F142003,x,Arunachal Pradesh,14284.135041363537
F142003,x,Assam,116921.05541686714
F142003,x,Bihar,85721.56361928955
F142003,x,Chhattisgarh,186636.38448546082
F142003,x,Delhi,104200.33772420883
F142003,x,Goa,31964.72818867117
F142003,x,Gujarat,547622.8273814768
F142003,x,Haryana,381537.9063853845
F142003,x,Himachal Pradesh,54445.719374366105
F142003,x,Jammu and Kashmir,49527.70786007866
F142003,x,Jharkhand,118135.24360559136
F142003,x,Karnataka,335546.1964486465
F142003,x,Kerala,168166.37350862473
F142003,x,Madhya Pradesh,290563.8805645332
F142003,x,Maharashtra,792848.0849376991
F142003,x,Manipur,18471.162688463926
F142003,x,Meghalaya,15533.645943492651
F142003,x,Mizoram,12001.764562778175
F142003,x,Nagaland,8159.107774458826
F142003,x,Orissa,216268.34223323688
F142003,x,Punjab,609362.9736547396
F142003,x,Rajasthan,424921.1665969938
F142003,x,Sikkim,1860.6721187978983
F142003,x,Tamil Nadu,704161.1584133878
F142003,x,Tripura,21114.14284079522
F142003,x,Uttar Pradesh,514066.74126597494
F142003,x,Uttaranchal,83001.3827392757
F142003,x,West Bengal,281545.74529211223
F142003,t,Andhra Pradesh,4653983.676129818
F142003,t,Arunachal Pradesh,204840.57449793816
F142003,t,Assam,1001684.8003897667
F142003,t,Bihar,684020.73186481
F142003,t,Chhattisgarh,1316895.0363754034
F142003,t,Delhi,214308.0712966919
F142003,t,Goa,193152.07034122944
F142003,t,Gujarat,4063057.1578891277
F142003,t,Haryana,2470097.956637621
F142003,t,Himachal Pradesh,515845.4228361845
F142003,t,Jammu and Kashmir,377833.51495206356
F142003,t,Jharkhand,794351.6476186514
F142003,t,Karnataka,1996711.5128899813
F142003,t,Kerala,1381427.2208777666
F142003,t,Madhya Pradesh,1880987.8710889816
F142003,t,Maharashtra,4825252.360722542
F142003,t,Manipur,169959.82769060135
F142003,t,Meghalaya,140742.39330601692
F142003,t,Mizoram,88395.95546889305
F142003,t,Nagaland,81561.73661804199
F142003,t,Orissa,1684677.0049476624
F142003,t,Punjab,4234827.892205238
F142003,t,Rajasthan,2753966.4963474274
F142003,t,Sikkim,25236.70384287834
F142003,t,Tamil Nadu,4682442.498598814
F142003,t,Tripura,201247.53262138367
F142003,t,Uttar Pradesh,3043463.0098456144
F142003,t,Uttaranchal,601859.5269964933
F142003,t,West Bengal,2082398.7058974504
F152000,x,Andhra Pradesh,638314.0499988049
F152000,x,Arunachal Pradesh,12306.16120672226
F152000,x,Assam,137723.25902997702
F152000,x,Bihar,88081.0330298096
F152000,x,Chhattisgarh,151581.00879275054
F152000,x,Delhi,107124.29144906998
F152000,x,Goa,29801.0230595991
F152000,x,Gujarat,695033.7309214398
F152000,x,Haryana,413501.48714868724
F152000,x,Himachal Pradesh,48706.61829782277
F152000,x,Jammu and Kashmir,58784.54692941904
F152000,x,Jharkhand,117330.23905327171
F152000,x,Karnataka,365350.1542946473
F152000,x,Kerala,209220.5306123346
F152000,x,Madhya Pradesh,453949.3770368248
F152000,x,Maharashtra,857582.0629312992
F152000,x,Manipur,11443.66111831367
F152000,x,Meghalaya,21480.697734206915
F152000,x,Mizoram,5243.261703319848
F152000,x,Nagaland,7880.813983716071
F152000,x,Orissa,212733.85241163522
F152000,x,Punjab,550937.0662615597
F152000,x,Rajasthan,467516.89441301674
F152000,x,Sikkim,1687.7470340505242
F152000,x,Tamil Nadu,679547.6900078282
F152000,x,Tripura,19726.165038108826
F152000,x,Uttar Pradesh,538611.8570700213
F152000,x,Uttaranchal,74895.19417324662
F152000,x,West Bengal,330954.5282047689
F152000,t,Andhra Pradesh,3791259.550218463
F152000,t,Arunachal Pradesh,125873.4225422144
F152000,t,Assam,909449.3694937229
F152000,t,Bihar,545501.5361922979
F152000,t,Chhattisgarh,825647.8996218443
F152000,t,Delhi,213886.3069076538
F152000,t,Goa,162155.41160941124
F152000,t,Gujarat,3944051.6671261787
F152000,t,Haryana,2206149.764185667
F152000,t,Himachal Pradesh,346640.3602119684
F152000,t,Jammu and Kashmir,333442.27029263973
F152000,t,Jharkhand,586476.6826920509
F152000,t,Karnataka,1883795.5586020947
F152000,t,Kerala,1391010.2643028498
F152000,t,Madhya Pradesh,2386851.124890685
F152000,t,Maharashtra,4346412.751391411
F152000,t,Manipur,83907.5554819107
F152000,t,Meghalaya,142166.42111945152
F152000,t,Mizoram,39211.75073695183
F152000,t,Nagaland,58474.052814006805
F152000,t,Orissa,1378775.553372264
F152000,t,Punjab,3185345.867753744
F152000,t,Rajasthan,2316457.4347013235
F152000,t,Sikkim,17995.52377331257
F152000,t,Tamil Nadu,3918623.872929573
F152000,t,Tripura,141186.0141774416
F152000,t,Uttar Pradesh,2711424.2963502407
F152000,t,Uttaranchal,440734.19082570076
F152000,t,West Bengal,1849570.247199893
F152001,x,Andhra Pradesh,660593.6495963745
F152001,x,Arunachal Pradesh,13639.480255931616
F152001,x,Assam,141517.7289686054
F152001,x,Bihar,93781.84025392681
F152001,x,Chhattisgarh,178636.6883265525
F152001,x,Delhi,106587.38941335678
F152001,x,Goa,32233.359711959958
F152001,x,Gujarat,697240.8947616816
F152001,x,Haryana,403749.2441466376
F152001,x,Himachal Pradesh,46140.6974266991
F152001,x,Jammu and Kashmir,62254.02331816405
F152001,x,Jharkhand,133875.89726018906
F152001,x,Karnataka,385271.97024433315
F152001,x,Kerala,201426.14318545908
F152001,x,Madhya Pradesh,399290.16586660594
F152001,x,Maharashtra,927315.1895626038
F152001,x,Manipur,20623.77432537079
F152001,x,Meghalaya,29518.9984979555
F152001,x,Mizoram,16313.924471646547
F152001,x,Nagaland,11358.332143627107
F152001,x,Orissa,270763.6499612443
F152001,x,Punjab,535220.6243364885
F152001,x,Rajasthan,461810.69605910033
F152001,x,Sikkim,1842.3886938914657
F152001,x,Tamil Nadu,773002.1330504715
F152001,x,Tripura,26511.297435700893
F152001,x,Uttar Pradesh,589743.3821863346
F152001,x,Uttaranchal,82918.68836323172
F152001,x,West Bengal,336424.68491702527
F152001,t,Andhra Pradesh,3990384.847594619
F152001,t,Arunachal Pradesh,136290.8444031477
F152001,t,Assam,908362.8236311674
F152001,t,Bihar,563329.1327791214
F152001,t,Chhattisgarh,989644.1317739487
F152001,t,Delhi,213341.14518737793
F152001,t,Goa,167812.58484387398
F152001,t,Gujarat,3994297.5852935314
F152001,t,Haryana,2183381.7525618076
F152001,t,Himachal Pradesh,354519.2775424719
F152001,t,Jammu and Kashmir,380209.36648130417
F152001,t,Jharkhand,708332.3839684725
F152001,t,Karnataka,1958254.2062077522
F152001,t,Kerala,1381835.1252199411
F152001,t,Madhya Pradesh,2069376.060361743
F152001,t,Maharashtra,4683700.43385458
F152001,t,Manipur,130296.17117214203
F152001,t,Meghalaya,162805.6294720173
F152001,t,Mizoram,85613.01998710632
F152001,t,Nagaland,67914.52475774288
F152001,t,Orissa,1717601.751059413
F152001,t,Punjab,3153469.607250452
F152001,t,Rajasthan,2323661.623412609
F152001,t,Sikkim,21011.05709862709
F152001,t,Tamil Nadu,4456566.134766102
F152001,t,Tripura,173076.70302939415
F152001,t,Uttar Pradesh,3083156.18229115
F152001,t,Uttaranchal,498705.1704351902
F152001,t,West Bengal,1846644.2813227177
F152002,x,Andhra Pradesh,682957.2191092893
F152002,x,Arunachal Pradesh,11948.425404137
F152002,x,Assam,134234.71552512608
F152002,x,Bihar,91462.07785891369
F152002,x,Chhattisgarh,181335.82351385057
F152002,x,Delhi,108796.28060150146
F152002,x,Goa,35327.67631728947
F152002,x,Gujarat,659520.2750394959
F152002,x,Haryana,481243.72435051575
F152002,x,Himachal Pradesh,52641.08613642678
F152002,x,Jammu and Kashmir,70392.35758400336
F152002,x,Jharkhand,138377.3596452549
F152002,x,Karnataka,385835.98119296506
F152002,x,Kerala,195930.85315172747
F152002,x,Madhya Pradesh,383463.3154602125
F152002,x,Maharashtra,863399.4252781346
F152002,x,Manipur,13808.355496313423
F152002,x,Meghalaya,17601.090622711927
F152002,x,Mizoram,9381.011947575957
F152002,x,Nagaland,8659.148787647486
F152002,x,Orissa,243519.06595912203
F152002,x,Punjab,555143.0025360584
F152002,x,Rajasthan,480966.50451811403
F152002,x,Sikkim,2420.6412412784994
F152002,x,Tamil Nadu,773291.5325311832
F152002,x,Tripura,23084.208056390285
F152002,x,Uttar Pradesh,567064.3947159424
F152002,x,Uttaranchal,98025.4309996292
F152002,x,West Bengal,358448.84043598175
F152002,t,Andhra Pradesh,4163052.605027914
F152002,t,Arunachal Pradesh,139243.5320789814
F152002,t,Assam,876477.0209648609
F152002,t,Bihar,560157.7848290205
F152002,t,Chhattisgarh,1010794.5464541912
F152002,t,Delhi,214254.19512939453
F152002,t,Goa,180627.68196201324
F152002,t,Gujarat,3834228.02060163
F152002,t,Haryana,2520281.607687235
F152002,t,Himachal Pradesh,379898.89489996433
F152002,t,Jammu and Kashmir,382931.3820666075
F152002,t,Jharkhand,696997.2735738754
F152002,t,Karnataka,1970609.6172225475
F152002,t,Kerala,1320509.8974300623
F152002,t,Madhya Pradesh,1984660.8557416797
F152002,t,Maharashtra,4395425.245220363
F152002,t,Manipur,99376.10810244083
F152002,t,Meghalaya,117685.86153018475
F152002,t,Mizoram,58365.95502436161
F152002,t,Nagaland,63281.175667881966
F152002,t,Orissa,1473105.5258185863
F152002,t,Punjab,3108720.9590740204
F152002,t,Rajasthan,2463896.518797636
F152002,t,Sikkim,24031.18618965149
F152002,t,Tamil Nadu,4480253.03438592
F152002,t,Tripura,160004.1939958334
F152002,t,Uttar Pradesh,2776452.056322336
F152002,t,Uttaranchal,577038.6374474764
F152002,t,West Bengal,1985363.6226569414
F152003,x,Andhra Pradesh,482188.704752516
F152003,x,Arunachal Pradesh,10377.342066088691
F152003,x,Assam,96778.52145604603
F152003,x,Bihar,64702.70657336339
F152003,x,Chhattisgarh,153338.95554190874
F152003,x,Delhi,100411.32198190689
F152003,x,Goa,25999.312712408602
F152003,x,Gujarat,432137.14497289807
F152003,x,Haryana,295941.7525371313
F152003,x,Himachal Pradesh,27986.12376127392
F152003,x,Jammu and Kashmir,47639.15990564227
F152003,x,Jharkhand,103082.53831746802
F152003,x,Karnataka,298728.45784749836
F152003,x,Kerala,118447.69643831626
F152003,x,Madhya Pradesh,233132.39191604406
F152003,x,Maharashtra,649928.7540537305
F152003,x,Manipur,13927.603916112334
F152003,x,Meghalaya,11811.567568127066
F152003,x,Mizoram,7128.69786382094
F152003,x,Nagaland,7327.436055138707
F152003,x,Orissa,197649.57372087613
F152003,x,Punjab,326120.84125242755
F152003,x,Rajasthan,329878.9758133255
F152003,x,Sikkim,1839.3193809762597
F152003,x,Tamil Nadu,514453.24655295163
F152003,x,Tripura,18654.645706266165
F152003,x,Uttar Pradesh,429230.3804658856
F152003,x,Uttaranchal,69594.9035922531
F152003,x,West Bengal,255081.74797016755
F152003,t,Andhra Pradesh,4052745.391421318
F152003,t,Arunachal Pradesh,180446.8094497919
F152003,t,Assam,879108.892803669
F152003,t,Bihar,546683.8911452293
F152003,t,Chhattisgarh,1247641.6708431244
F152003,t,Delhi,213840.86207199097
F152003,t,Goa,178056.71938240528
F152003,t,Gujarat,3300504.8845070004
F152003,t,Haryana,2044726.6213279963
F152003,t,Himachal Pradesh,288836.1080932617
F152003,t,Jammu and Kashmir,353813.0064610243
F152003,t,Jharkhand,756412.3730409145
F152003,t,Karnataka,1993373.815395832
F152003,t,Kerala,1149347.094933629
F152003,t,Madhya Pradesh,1646210.1017649174
F152003,t,Maharashtra,4429121.545451164
F152003,t,Manipur,133053.39109373093
F152003,t,Meghalaya,119096.20629906654
F152003,t,Mizoram,63259.88027405739
F152003,t,Nagaland,72204.7047302723
F152003,t,Orissa,1709854.0401568413
F152003,t,Punjab,2414344.1702210903
F152003,t,Rajasthan,2203234.324676156
F152003,t,Sikkim,28117.816789388657
F152003,t,Tamil Nadu,3938438.715417385
F152003,t,Tripura,187385.8257226944
F152003,t,Uttar Pradesh,2678343.9553642273
F152003,t,Uttaranchal,572250.4081876278
F152003,t,West Bengal,1970054.7561901808
F152004,x,Andhra Pradesh,536032.7337642256
F152004,x,Arunachal Pradesh,12442.459691692144
F152004,x,Assam,104277.15651092492
F152004,x,Bihar,70721.01483054459
F152004,x,Chhattisgarh,174382.92201839387
F152004,x,Delhi,101756.28238534927
F152004,x,Goa,26601.290718317032
F152004,x,Gujarat,423769.51456712186
F152004,x,Haryana,338491.88964047283
F152004,x,Himachal Pradesh,35747.29815832153
F152004,x,Jammu and Kashmir,53026.582536688074
F152004,x,Jharkhand,122280.28385164216
F152004,x,Karnataka,313014.4431615658
F152004,x,Kerala,131432.72442382574
F152004,x,Madhya Pradesh,309597.7053053323
F152004,x,Maharashtra,649590.8833983056
F152004,x,Manipur,9713.616037979722
F152004,x,Meghalaya,15554.024235766381
F152004,x,Mizoram,10285.550477502868
F152004,x,Nagaland,7373.25626854226
F152004,x,Orissa,213945.95764858834
F152004,x,Punjab,379378.0522799827
F152004,x,Rajasthan,377581.6104295477
F152004,x,Sikkim,1799.0037543661892
F152004,x,Tamil Nadu,529693.9850909375
F152004,x,Tripura,18363.227629961446
F152004,x,Uttar Pradesh,430339.8290734086
F152004,x,Uttaranchal,97939.1876694262
F152004,x,West Bengal,275203.46943114325
F152004,t,Andhra Pradesh,4604119.901221395
F152004,t,Arunachal Pradesh,282264.5372008085
F152004,t,Assam,1050514.6137971878
F152004,t,Bihar,624072.39623487
F152004,t,Chhattisgarh,1377462.206754446
F152004,t,Delhi,214024.20264434814
F152004,t,Goa,181748.77502441406
F152004,t,Gujarat,3301836.8042885065
F152004,t,Haryana,2311646.5167661905
F152004,t,Himachal Pradesh,375620.61989343166
F152004,t,Jammu and Kashmir,424889.1253837347
F152004,t,Jharkhand,891292.4880442619
F152004,t,Karnataka,2121364.033178687
F152004,t,Kerala,1238245.6943702698
F152004,t,Madhya Pradesh,2030098.0351891518
F152004,t,Maharashtra,4377571.851684213
F152004,t,Manipur,124346.49889600277
F152004,t,Meghalaya,161365.36882030964
F152004,t,Mizoram,92731.04593324661
F152004,t,Nagaland,98749.25493371487
F152004,t,Orissa,1935317.3333109617
F152004,t,Punjab,2799380.6104958057
F152004,t,Rajasthan,2480663.6516661644
F152004,t,Sikkim,28007.704793691635
F152004,t,Tamil Nadu,4104633.5033427477
F152004,t,Tripura,203874.26993739605
F152004,t,Uttar Pradesh,2722262.8514163494
F152004,t,Uttaranchal,768947.9479534626
F152004,t,West Bengal,2196683.8626282215
F152005,x,Andhra Pradesh,571139.133514028
F152005,x,Arunachal Pradesh,11478.371294120327
F152005,x,Assam,102817.3470159173
F152005,x,Bihar,71335.12554606795
F152005,x,Chhattisgarh,184317.46283234656
F152005,x,Delhi,103268.63408184052
F152005,x,Goa,30918.870200488716
F152005,x,Gujarat,436920.3304360397
F152005,x,Haryana,362169.4582214132
F152005,x,Himachal Pradesh,47382.96942147799
F152005,x,Jammu and Kashmir,58046.467539260164
F152005,x,Jharkhand,114646.67219826579
F152005,x,Karnataka,343748.5317161083
F152005,x,Kerala,152782.45166442916
F152005,x,Madhya Pradesh,290922.1830810122
F152005,x,Maharashtra,582600.5537942164
F152005,x,Manipur,9705.013595379889
F152005,x,Meghalaya,18283.772120691836
F152005,x,Mizoram,8360.963605750352
F152005,x,Nagaland,8399.682080199942
F152005,x,Orissa,197804.86632951722
F152005,x,Punjab,455598.66300111264
F152005,x,Rajasthan,404132.2927700691
F152005,x,Sikkim,2508.554325863719
F152005,x,Tamil Nadu,555472.2843718454
F152005,x,Tripura,18331.71899998188
F152005,x,Uttar Pradesh,440089.42549027875
F152005,x,Uttaranchal,84577.24735594541
F152005,x,West Bengal,295318.6637523547
F152005,t,Andhra Pradesh,4765712.295119524
F152005,t,Arunachal Pradesh,263969.5245273113
F152005,t,Assam,1018936.820943594
F152005,t,Bihar,618818.3058177233
F152005,t,Chhattisgarh,1507278.5869015455
F152005,t,Delhi,213968.89525222778
F152005,t,Goa,192666.2951194048
F152005,t,Gujarat,3438575.961291194
F152005,t,Haryana,2414479.2620464563
F152005,t,Himachal Pradesh,470453.8562786579
F152005,t,Jammu and Kashmir,483404.7411978245
F152005,t,Jharkhand,845243.3656071424
F152005,t,Karnataka,2336352.3678987026
F152005,t,Kerala,1384516.6136603355
F152005,t,Madhya Pradesh,1937853.1720294952
F152005,t,Maharashtra,3792897.686303735
F152005,t,Manipur,119653.6057356596
F152005,t,Meghalaya,169871.90189504623
F152005,t,Mizoram,81561.43433713913
F152005,t,Nagaland,95791.90904855728
F152005,t,Orissa,1806280.4916454554
F152005,t,Punjab,3339005.1388167143
F152005,t,Rajasthan,2655521.12290287
F152005,t,Sikkim,36352.19960975647
F152005,t,Tamil Nadu,4210249.955254316
F152005,t,Tripura,195538.41787827015
F152005,t,Uttar Pradesh,2733886.4962215424
F152005,t,Uttaranchal,653489.2353762388
F152005,t,West Bengal,2371477.8660781384
F152006,x,Andhra Pradesh,653279.3125990108
F152006,x,Arunachal Pradesh,12026.265213411301
F152006,x,Assam,132003.93324308097
F152006,x,Bihar,80795.6380215548
F152006,x,Chhattisgarh,174214.97399542853
F152006,x,Delhi,106411.63130617142
F152006,x,Goa,30806.348491746932
F152006,x,Gujarat,481762.87964513525
F152006,x,Haryana,374044.6734098308
F152006,x,Himachal Pradesh,59148.26148626953
F152006,x,Jammu and Kashmir,56733.17843553983
F152006,x,Jharkhand,127997.35361442715
F152006,x,Karnataka,378101.1604674533
F152006,x,Kerala,166748.0975175798
F152006,x,Madhya Pradesh,294529.85118993744
F152006,x,Maharashtra,590241.2678020671
F152006,x,Manipur,28887.551814861596
F152006,x,Meghalaya,36279.09144965932
F152006,x,Mizoram,42728.82411194779
F152006,x,Nagaland,15874.936997588724
F152006,x,Orissa,219964.78002247587
F152006,x,Punjab,540383.7963283472
F152006,x,Rajasthan,443981.8707635924
F152006,x,Sikkim,3075.420950649306
F152006,x,Tamil Nadu,608079.2061509974
F152006,x,Tripura,31272.68384694867
F152006,x,Uttar Pradesh,526817.3471264951
F152006,x,Uttaranchal,96931.88816825114
F152006,x,West Bengal,303294.93600448966
F152006,t,Andhra Pradesh,5467918.511739731
F152006,t,Arunachal Pradesh,222063.5137861967
F152006,t,Assam,1244029.5755690336
F152006,t,Bihar,741006.2246640921
F152006,t,Chhattisgarh,1406238.037954688
F152006,t,Delhi,215534.9580001831
F152006,t,Goa,198354.06367957592
F152006,t,Gujarat,3801648.1355298758
F152006,t,Haryana,2399247.2058434486
F152006,t,Himachal Pradesh,623092.3851704597
F152006,t,Jammu and Kashmir,473501.5530388355
F152006,t,Jharkhand,970498.4881352186
F152006,t,Karnataka,2437740.0559096336
F152006,t,Kerala,1472679.3959306479
F152006,t,Madhya Pradesh,1984542.247825265
F152006,t,Maharashtra,3856070.0165405273
F152006,t,Manipur,228655.4886776209
F152006,t,Meghalaya,303585.21275281906
F152006,t,Mizoram,263974.6131455898
F152006,t,Nagaland,124093.74754559994
F152006,t,Orissa,1982973.339777708
F152006,t,Punjab,3872597.378780961
F152006,t,Rajasthan,2926685.216318965
F152006,t,Sikkim,45002.32889342308
F152006,t,Tamil Nadu,4566140.844406366
F152006,t,Tripura,287840.0623009205
F152006,t,Uttar Pradesh,3378724.1124567986
F152006,t,Uttaranchal,733538.2860474586
F152006,t,West Bengal,2512189.3456116915
F152007,x,Andhra Pradesh,629015.7562693357
F152007,x,Arunachal Pradesh,11942.667019963264
F152007,x,Assam,112961.32163062692
F152007,x,Bihar,81700.18001279607
F152007,x,Chhattisgarh,161665.2026166655
F152007,x,Delhi,99663.32258796692
F152007,x,Goa,29370.3100855425
F152007,x,Gujarat,453701.0561339427
F152007,x,Haryana,335069.2633001283
F152007,x,Himachal Pradesh,64399.996923234314
F152007,x,Jammu and Kashmir,61584.27036039904
F152007,x,Jharkhand,111709.88083067164
F152007,x,Karnataka,379065.8528303169
F152007,x,Kerala,150532.82785681635
F152007,x,Madhya Pradesh,291893.6687426772
F152007,x,Maharashtra,601209.366452992
F152007,x,Manipur,10251.917197033763
F152007,x,Meghalaya,17363.626493092626
F152007,x,Mizoram,33378.745696648955
F152007,x,Nagaland,6836.934310626239
F152007,x,Orissa,170308.94663082808
F152007,x,Punjab,550388.6500393674
F152007,x,Rajasthan,445028.3695844542
F152007,x,Sikkim,2757.015260118991
F152007,x,Tamil Nadu,589000.6159529537
F152007,x,Tripura,17742.233869716525
F152007,x,Uttar Pradesh,501325.0611045882
F152007,x,Uttaranchal,94748.38711311668
F152007,x,West Bengal,276411.696019575
F152007,t,Andhra Pradesh,5326992.577043295
F152007,t,Arunachal Pradesh,241386.88813126087
F152007,t,Assam,1182703.4054270983
F152007,t,Bihar,730306.0787354708
F152007,t,Chhattisgarh,1305831.0452264547
F152007,t,Delhi,211881.1444091797
F152007,t,Goa,187962.83722877502
F152007,t,Gujarat,3493477.59712255
F152007,t,Haryana,2219196.84137702
F152007,t,Himachal Pradesh,620471.2231743336
F152007,t,Jammu and Kashmir,523315.7279012203
F152007,t,Jharkhand,793353.4942308664
F152007,t,Karnataka,2475243.371031046
F152007,t,Kerala,1433986.8382943869
F152007,t,Madhya Pradesh,1884991.130433917
F152007,t,Maharashtra,3943799.1080213785
F152007,t,Manipur,122741.80913841724
F152007,t,Meghalaya,224967.41133534908
F152007,t,Mizoram,215688.69293546677
F152007,t,Nagaland,87546.80708277225
F152007,t,Orissa,1567811.2777184248
F152007,t,Punjab,3897107.8549120426
F152007,t,Rajasthan,2967296.3761202097
F152007,t,Sikkim,39278.89722323418
F152007,t,Tamil Nadu,4456677.872081757
F152007,t,Tripura,202499.7511498928
F152007,t,Uttar Pradesh,3190589.9634552
F152007,t,Uttaranchal,703168.455858469
F152007,t,West Bengal,2180001.988718629
F162004,x,Andhra Pradesh,737290.5385226458
F162004,x,Arunachal Pradesh,15938.478881977499
F162004,x,Assam,134865.6648445949
F162004,x,Bihar,87582.67363139242
F162004,x,Chhattisgarh,220289.2899036482
F162004,x,Delhi,107836.62062835693
F162004,x,Goa,35075.99799055606
F162004,x,Gujarat,557341.8180056736
F162004,x,Haryana,465051.3784299046
F162004,x,Himachal Pradesh,69321.92067180574
F162004,x,Jammu and Kashmir,63669.00398162007
F162004,x,Jharkhand,155448.70682314038
F162004,x,Karnataka,386290.0407482758
F162004,x,Kerala,227291.4413542822
F162004,x,Madhya Pradesh,396912.70290710777
F162004,x,Maharashtra,812574.3335104957
F162004,x,Manipur,15211.091059438884
F162004,x,Meghalaya,20374.319655761123
F162004,x,Mizoram,15742.997436709702
F162004,x,Nagaland,10091.559745118022
F162004,x,Orissa,279364.4032504335
F162004,x,Punjab,701517.8626861423
F162004,x,Rajasthan,502740.8372223675
F162004,x,Sikkim,2548.6355287879705
F162004,x,Tamil Nadu,698165.2433475852
F162004,x,Tripura,24570.748665757477
F162004,x,Uttar Pradesh,524477.3519105017
F162004,x,Uttaranchal,116652.45878174901
F162004,x,West Bengal,336508.0490066409
F162004,t,Andhra Pradesh,5020053.640607119
F162004,t,Arunachal Pradesh,189925.91040861607
F162004,t,Assam,1069484.4545753002
F162004,t,Bihar,680239.1799051762
F162004,t,Chhattisgarh,1442374.843446374
F162004,t,Delhi,215275.62060165405
F162004,t,Goa,196469.0698260069
F162004,t,Gujarat,3843380.6044323444
F162004,t,Haryana,2824836.937058091
F162004,t,Himachal Pradesh,630598.5606795549
F162004,t,Jammu and Kashmir,453819.30051362514
F162004,t,Jharkhand,921566.4791970253
F162004,t,Karnataka,2180529.610863924
F162004,t,Kerala,1714887.4343003035
F162004,t,Madhya Pradesh,2171368.427130699
F162004,t,Maharashtra,4504255.764203429
F162004,t,Manipur,130016.744104743
F162004,t,Meghalaya,172559.60569930077
F162004,t,Mizoram,97196.73395943642
F162004,t,Nagaland,84952.94587814808
F162004,t,Orissa,1964664.5786645412
F162004,t,Punjab,4526088.981068373
F162004,t,Rajasthan,2997326.7956454754
F162004,t,Sikkim,31265.00482070446
F162004,t,Tamil Nadu,4476150.1638890505
F162004,t,Tripura,220287.23612844944
F162004,t,Uttar Pradesh,3056492.9426344633
F162004,t,Uttaranchal,776187.4095095396
F162004,t,West Bengal,2412631.931877613
F162005,x,Andhra Pradesh,605846.2561175041
F162005,x,Arunachal Pradesh,10643.667716611177
F162005,x,Assam,113244.67871036753
F162005,x,Bihar,79171.59539233893
F162005,x,Chhattisgarh,188068.83215785772
F162005,x,Delhi,104327.4951839447
F162005,x,Goa,31597.022573228925
F162005,x,Gujarat,455878.86762181297
F162005,x,Haryana,379529.43207157403
F162005,x,Himachal Pradesh,50194.180049329996
F162005,x,Jammu and Kashmir,55059.70695975423
F162005,x,Jharkhand,115615.80632021278
F162005,x,Karnataka,340550.2590179853
F162005,x,Kerala,175524.28641313314
F162005,x,Madhya Pradesh,303407.16348746046
F162005,x,Maharashtra,595177.8361173049
F162005,x,Manipur,13377.639182820916
F162005,x,Meghalaya,20805.97995947674
F162005,x,Mizoram,13822.856929652393
F162005,x,Nagaland,7683.548308406025
F162005,x,Orissa,218581.82504753396
F162005,x,Punjab,526058.4970526174
F162005,x,Rajasthan,405280.43080114946
F162005,x,Sikkim,2487.8702347017825
F162005,x,Tamil Nadu,576727.7446787097
F162005,x,Tripura,20145.12103328854
F162005,x,Uttar Pradesh,469661.0746299438
F162005,x,Uttaranchal,82317.78900688887
F162005,x,West Bengal,283902.4292532243
F162005,t,Andhra Pradesh,4725621.128841996
F162005,t,Arunachal Pradesh,158002.26763629913
F162005,t,Assam,969155.398498416
F162005,t,Bihar,662321.2886534929
F162005,t,Chhattisgarh,1426340.2630969286
F162005,t,Delhi,213948.06297302246
F162005,t,Goa,200501.70585000515
F162005,t,Gujarat,3517429.027272105
F162005,t,Haryana,2469385.0660563707
F162005,t,Himachal Pradesh,490740.93817675114
F162005,t,Jammu and Kashmir,410812.2773191929
F162005,t,Jharkhand,815701.5904926062
F162005,t,Karnataka,2217953.6542135477
F162005,t,Kerala,1549089.6144131422
F162005,t,Madhya Pradesh,1959798.1913101673
F162005,t,Maharashtra,3762805.1162655354
F162005,t,Manipur,124045.16875457764
F162005,t,Meghalaya,172282.54067361355
F162005,t,Mizoram,94747.28870344162
F162005,t,Nagaland,75496.54470896721
F162005,t,Orissa,1818844.5304203033
F162005,t,Punjab,3740998.0290498734
F162005,t,Rajasthan,2631602.8305419683
F162005,t,Sikkim,34915.16442716122
F162005,t,Tamil Nadu,4220297.928825378
F162005,t,Tripura,199419.25183069706
F162005,t,Uttar Pradesh,2833195.5221140385
F162005,t,Uttaranchal,612256.0784908533
F162005,t,West Bengal,2175863.4257980585
F162006,x,Andhra Pradesh,711576.5557633042
F162006,x,Arunachal Pradesh,9753.463229440153
F162006,x,Assam,123191.9709359482
F162006,x,Bihar,80734.51999960095
F162006,x,Chhattisgarh,160115.55937100202
F162006,x,Delhi,109990.98065471649
F162006,x,Goa,31638.73667907715
F162006,x,Gujarat,466264.06297819316
F162006,x,Haryana,401664.9234813377
F162006,x,Himachal Pradesh,63546.56056749076
F162006,x,Jammu and Kashmir,63586.35769263655
F162006,x,Jharkhand,131165.74058128148
F162006,x,Karnataka,406596.74221782386
F162006,x,Kerala,199209.29864331335
F162006,x,Madhya Pradesh,296717.5720472038
F162006,x,Maharashtra,596600.3105296791
F162006,x,Manipur,19706.3630637601
F162006,x,Meghalaya,26713.571470938623
F162006,x,Mizoram,27980.25732281059
F162006,x,Nagaland,9770.287780083716
F162006,x,Orissa,213137.6286580637
F162006,x,Punjab,621059.1168817803
F162006,x,Rajasthan,475057.2138891667
F162006,x,Sikkim,2390.6710289791226
F162006,x,Tamil Nadu,687898.3569530621
F162006,x,Tripura,32499.77325756848
F162006,x,Uttar Pradesh,534763.0096514076
F162006,x,Uttaranchal,102296.7706020996
F162006,x,West Bengal,294579.286610201
F162006,t,Andhra Pradesh,5083488.0236063
F162006,t,Arunachal Pradesh,121050.31058454514
F162006,t,Assam,911513.3230142593
F162006,t,Bihar,613593.3868585825
F162006,t,Chhattisgarh,1097848.6927198172
F162006,t,Delhi,214687.8204689026
F162006,t,Goa,181065.81861686707
F162006,t,Gujarat,3149519.2461719513
F162006,t,Haryana,2233116.7250323296
F162006,t,Himachal Pradesh,483092.9574716091
F162006,t,Jammu and Kashmir,380302.5798805952
F162006,t,Jharkhand,857794.0104849339
F162006,t,Karnataka,2358529.3670983315
F162006,t,Kerala,1518199.1409744024
F162006,t,Madhya Pradesh,1756872.6418412924
F162006,t,Maharashtra,3490199.132484913
F162006,t,Manipur,151639.89675939083
F162006,t,Meghalaya,221957.55677628517
F162006,t,Mizoram,168210.34505224228
F162006,t,Nagaland,76950.48823690414
F162006,t,Orissa,1690454.3337756395
F162006,t,Punjab,3758412.536798358
F162006,t,Rajasthan,2739048.3328130245
F162006,t,Sikkim,29581.419478416443
F162006,t,Tamil Nadu,4479858.934303284
F162006,t,Tripura,255896.59174263477
F162006,t,Uttar Pradesh,2873696.6501396894
F162006,t,Uttaranchal,614575.717496872
F162006,t,West Bengal,2093690.841789484
F162007,x,Andhra Pradesh,897694.4369406477
F162007,x,Arunachal Pradesh,13962.359980192035
F162007,x,Assam,146687.33426245674
F162007,x,Bihar,106106.3442440927
F162007,x,Chhattisgarh,232796.09691338986
F162007,x,Delhi,112776.30111217499
F162007,x,Goa,39778.62577150762
F162007,x,Gujarat,584396.1146688387
F162007,x,Haryana,524387.1439303607
F162007,x,Himachal Pradesh,94882.8919577375
F162007,x,Jammu and Kashmir,84658.33588561788
F162007,x,Jharkhand,146494.1535896808
F162007,x,Karnataka,506172.6808739379
F162007,x,Kerala,244002.87944651395
F162007,x,Madhya Pradesh,403316.73874624074
F162007,x,Maharashtra,773386.9293126985
F162007,x,Manipur,18716.343739926815
F162007,x,Meghalaya,29851.998824372888
F162007,x,Mizoram,40385.35141753405
F162007,x,Nagaland,11483.241885259748
F162007,x,Orissa,254836.2905825153
F162007,x,Punjab,788193.3970873579
F162007,x,Rajasthan,611690.2368315905
F162007,x,Sikkim,3709.4153197705746
F162007,x,Tamil Nadu,853094.506025821
F162007,x,Tripura,25826.34652032703
F162007,x,Uttar Pradesh,687542.3309095576
F162007,x,Uttaranchal,133976.91467526183
F162007,x,West Bengal,362645.7381816134
F162007,t,Andhra Pradesh,5464068.884040952
F162007,t,Arunachal Pradesh,151659.01202225685
F162007,t,Assam,1039493.7807663679
F162007,t,Bihar,696715.1448622942
F162007,t,Chhattisgarh,1365634.0751142502
F162007,t,Delhi,215361.61810302734
F162007,t,Goa,190339.94919490814
F162007,t,Gujarat,3412817.204435706
F162007,t,Haryana,2707271.657401204
F162007,t,Himachal Pradesh,707067.0151263475
F162007,t,Jammu and Kashmir,505417.00776314735
F162007,t,Jharkhand,779549.2078132629
F162007,t,Karnataka,2546346.387567401
F162007,t,Kerala,1585468.3061058521
F162007,t,Madhya Pradesh,1973888.8070231676
F162007,t,Maharashtra,3736785.4236091375
F162007,t,Manipur,128139.32367241383
F162007,t,Meghalaya,209284.36945092678
F162007,t,Mizoram,161874.80447483063
F162007,t,Nagaland,84232.80266833305
F162007,t,Orissa,1688061.0983560085
F162007,t,Punjab,4365497.1820997
F162007,t,Rajasthan,3294463.861610055
F162007,t,Sikkim,39822.85518717766
F162007,t,Tamil Nadu,4772219.517438531
F162007,t,Tripura,192235.92820835114
F162007,t,Uttar Pradesh,3467390.6370079517
F162007,t,Uttaranchal,767042.5790120363
F162007,t,West Bengal,2178746.6031286716
F162008,x,Andhra Pradesh,932593.4427365139
F162008,x,Arunachal Pradesh,16321.340848229825
F162008,x,Assam,148492.2319539413
F162008,x,Bihar,140019.85435257107
F162008,x,Chhattisgarh,253469.74043421447
F162008,x,Delhi,111320.98221063614
F162008,x,Goa,38038.09430731833
F162008,x,Gujarat,590086.2798114121
F162008,x,Haryana,522524.35190402716
F162008,x,Himachal Pradesh,90829.86684888601
F162008,x,Jammu and Kashmir,85177.3701742366
F162008,x,Jharkhand,162928.6661209017
F162008,x,Karnataka,519001.99997150153
F162008,x,Kerala,208259.9437245652
F162008,x,Madhya Pradesh,446838.02208440006
F162008,x,Maharashtra,830685.4467918873
F162008,x,Manipur,14887.854449763894
F162008,x,Meghalaya,25072.304532811046
F162008,x,Mizoram,15886.176346972585
F162008,x,Nagaland,11925.433849558234
F162008,x,Orissa,252237.7531184107
F162008,x,Punjab,742734.0584752485
F162008,x,Rajasthan,636538.6791048422
F162008,x,Sikkim,4485.70461114496
F162008,x,Tamil Nadu,815207.423709929
F162008,x,Tripura,23374.393278889358
F162008,x,Uttar Pradesh,712451.5789485797
F162008,x,Uttaranchal,151327.21749336272
F162008,x,West Bengal,372799.93067068607
F162008,t,Andhra Pradesh,5613388.207708955
F162008,t,Arunachal Pradesh,199326.9515775442
F162008,t,Assam,1182958.4880552292
F162008,t,Bihar,907897.7179789543
F162008,t,Chhattisgarh,1540542.453245163
F162008,t,Delhi,214733.74925994873
F162008,t,Goa,184461.87798249722
F162008,t,Gujarat,3533157.927407384
F162008,t,Haryana,2792997.0679069757
F162008,t,Himachal Pradesh,724960.3678958416
F162008,t,Jammu and Kashmir,604946.0604519844
F162008,t,Jharkhand,885078.6929547787
F162008,t,Karnataka,2614778.496822953
F162008,t,Kerala,1426100.3372055292
F162008,t,Madhya Pradesh,2170497.7424503565
F162008,t,Maharashtra,3935611.9066746235
F162008,t,Manipur,120453.1550590992
F162008,t,Meghalaya,191073.76086473465
F162008,t,Mizoram,93508.36713123322
F162008,t,Nagaland,95637.4174901247
F162008,t,Orissa,1687948.2153244019
F162008,t,Punjab,4459852.517102838
F162008,t,Rajasthan,3531648.1598665714
F162008,t,Sikkim,50407.488802075386
F162008,t,Tamil Nadu,4613774.49745059
F162008,t,Tripura,194396.87406873703
F162008,t,Uttar Pradesh,3624068.224186301
F162008,t,Uttaranchal,871214.0082741976
F162008,t,West Bengal,2319489.459460497
F162009,x,Andhra Pradesh,971085.1396116316
F162009,x,Arunachal Pradesh,18769.94317635894
F162009,x,Assam,173167.2091997862
F162009,x,Bihar,154959.2545197606
F162009,x,Chhattisgarh,255088.76107786596
F162009,x,Delhi,114651.16389369965
F162009,x,Goa,40775.46778802574
F162009,x,Gujarat,616288.7874697149
F162009,x,Haryana,644403.5522931069
F162009,x,Himachal Pradesh,78981.45922334492
F162009,x,Jammu and Kashmir,86849.26728974283
F162009,x,Jharkhand,173158.42383040488
F162009,x,Karnataka,529714.0738531351
F162009,x,Kerala,206303.404345721
F162009,x,Madhya Pradesh,311393.05494458973
F162009,x,Maharashtra,818922.6813517064
F162009,x,Manipur,31500.426440507174
F162009,x,Meghalaya,35675.16139732301
F162009,x,Mizoram,26531.908891782165
F162009,x,Nagaland,19980.907563760877
F162009,x,Orissa,342521.9652103931
F162009,x,Punjab,773327.5449106693
F162009,x,Rajasthan,721988.1821271777
F162009,x,Sikkim,4875.217017695308
F162009,x,Tamil Nadu,834682.6576993167
F162009,x,Tripura,24813.861133262515
F162009,x,Uttar Pradesh,652741.81916067
F162009,x,Uttaranchal,139792.28627111018
F162009,x,West Bengal,416274.2872271836
F162009,t,Andhra Pradesh,5927494.992318869
F162009,t,Arunachal Pradesh,222510.9458808899
F162009,t,Assam,1323304.6006846428
F162009,t,Bihar,1072542.9001710415
F162009,t,Chhattisgarh,1623616.2785236835
F162009,t,Delhi,215565.7435836792
F162009,t,Goa,208838.56628751755
F162009,t,Gujarat,3823752.2923767567
F162009,t,Haryana,3349321.096171379
F162009,t,Himachal Pradesh,593064.2608644962
F162009,t,Jammu and Kashmir,564343.073546648
F162009,t,Jharkhand,935296.153857708
F162009,t,Karnataka,2784721.246532917
F162009,t,Kerala,1446490.5317423344
F162009,t,Madhya Pradesh,1529611.3940238953
F162009,t,Maharashtra,4097096.823783636
F162009,t,Manipur,206351.35545682907
F162009,t,Meghalaya,260936.26380848885
F162009,t,Mizoram,139531.10032486916
F162009,t,Nagaland,127789.89890503883
F162009,t,Orissa,2155710.0403060913
F162009,t,Punjab,4499471.216692686
F162009,t,Rajasthan,4068153.894701481
F162009,t,Sikkim,52097.77222394943
F162009,t,Tamil Nadu,4715210.250714302
F162009,t,Tripura,216593.44690155983
F162009,t,Uttar Pradesh,3404740.867827654
F162009,t,Uttaranchal,787703.4733524323
F162009,t,West Bengal,2573742.700327635
F182010,x,Andhra Pradesh,1587204.7720491067
F182010,x,Arunachal Pradesh,20240.853721506894
F182010,x,Assam,260442.96059902012
F182010,x,Bihar,213738.18865469843
F182010,x,Chhattisgarh,488989.2951616198
F182010,x,Delhi,122029.01679515839
F182010,x,Goa,56158.590048864484
F182010,x,Gujarat,894742.5336601585
F182010,x,Haryana,838662.0875791162
F182010,x,Himachal Pradesh,136037.6032192707
F182010,x,Jammu and Kashmir,136118.68360306323
F182010,x,Jharkhand,296241.9184086174
F182010,x,Karnataka,792327.383817561
F182010,x,Kerala,345042.8863208592
F182010,x,Madhya Pradesh,583461.444743596
F182010,x,Maharashtra,1184073.5642089099
F182010,x,Manipur,38825.627496019006
F182010,x,Meghalaya,81424.96825221926
F182010,x,Mizoram,36977.946584858
F182010,x,Nagaland,29781.562366634607
F182010,x,Orissa,454286.0898775384
F182010,x,Punjab,1034324.9222303033
F182010,x,Rajasthan,1198573.3058361188
F182010,x,Sikkim,10345.9001179263
F182010,x,Tamil Nadu,1413106.7792211622
F182010,x,Tripura,46096.75731758028
F182010,x,Uttar Pradesh,946730.1742654368
F182010,x,Uttaranchal,203704.07750934362
F182010,x,West Bengal,587228.6766081899
F182010,t,Andhra Pradesh,7861857.6252985
F182010,t,Arunachal Pradesh,158949.3212287426
F182010,t,Assam,1526544.344651103
F182010,t,Bihar,1161726.6404237747
F182010,t,Chhattisgarh,2483672.7741804123
F182010,t,Delhi,215710.64795684814
F182010,t,Goa,208388.7600070238
F182010,t,Gujarat,4380044.656956196
F182010,t,Haryana,3637880.026265621
F182010,t,Himachal Pradesh,810451.1155800819
F182010,t,Jammu and Kashmir,675150.7203522921
F182010,t,Jharkhand,1272494.7707868814
F182010,t,Karnataka,3393889.1311807632
F182010,t,Kerala,1838579.5389444828
F182010,t,Madhya Pradesh,2357521.503798604
F182010,t,Maharashtra,4836577.573680997
F182010,t,Manipur,192394.77882313728
F182010,t,Meghalaya,379450.82848393917
F182010,t,Mizoram,146419.48212122917
F182010,t,Nagaland,148629.5663741827
F182010,t,Orissa,2278961.979284644
F182010,t,Punjab,4850574.479243994
F182010,t,Rajasthan,5836480.049829721
F182010,t,Sikkim,73215.87707996368
F182010,t,Tamil Nadu,6402194.867974162
F182010,t,Tripura,287246.03622567654
F182010,t,Uttar Pradesh,4270218.789364815
F182010,t,Uttaranchal,931518.4173827171
F182010,t,West Bengal,2934009.2397446632
F182011,x,Andhra Pradesh,1270051.179421395
F182011,x,Arunachal Pradesh,19423.326730303466
F182011,x,Assam,200502.89930737764
F182011,x,Bihar,145577.3625401482
F182011,x,Chhattisgarh,399256.27219875157
F182011,x,Delhi,120101.27629566193
F182011,x,Goa,50095.61003045738
F182011,x,Gujarat,778067.2527321875
F182011,x,Haryana,703399.6280587688
F182011,x,Himachal Pradesh,109207.56609019637
F182011,x,Jammu and Kashmir,113060.49216015637
F182011,x,Jharkhand,225505.4383734092
F182011,x,Karnataka,717580.9234979302
F182011,x,Kerala,258123.05253163725
F182011,x,Madhya Pradesh,554974.8403295204
F182011,x,Maharashtra,1146815.2618591338
F182011,x,Manipur,19922.298372663558
F182011,x,Meghalaya,32957.54289932549
F182011,x,Mizoram,13201.186664320529
F182011,x,Nagaland,15888.31615382433
F182011,x,Orissa,353962.28101074696
F182011,x,Punjab,799572.2493866086
F182011,x,Rajasthan,920223.503870301
F182011,x,Sikkim,7831.530960157514
F182011,x,Tamil Nadu,1052156.0189946964
F182011,x,Tripura,39809.372665442526
F182011,x,Uttar Pradesh,875017.2124861926
F182011,x,Uttaranchal,176634.09160144627
F182011,x,West Bengal,498617.06790909916
F182012,x,Andhra Pradesh,1424321.8742034882
F182012,x,Arunachal Pradesh,21125.319433934987
F182012,x,Assam,232908.98394104838
F182012,x,Bihar,196468.10314625502
F182012,x,Chhattisgarh,432035.7178694904
F182012,x,Delhi,121158.98317718506
F182012,x,Goa,51540.91280408949
F182012,x,Gujarat,843339.0158633664
F182012,x,Haryana,802208.330997467
F182012,x,Himachal Pradesh,122769.7731372267
F182012,x,Jammu and Kashmir,137661.10115786642
F182012,x,Jharkhand,225219.01416505128
F182012,x,Karnataka,733601.5388298184
F182012,x,Kerala,288443.2576562539
F182012,x,Madhya Pradesh,613266.1339620203
F182012,x,Maharashtra,1233259.8892848864
F182012,x,Manipur,41627.927672326565
F182012,x,Meghalaya,65379.038380116224
F182012,x,Mizoram,28952.646293736994
F182012,x,Nagaland,19718.254677839577
F182012,x,Orissa,450159.9267568812
F182012,x,Punjab,893298.628902629
F182012,x,Rajasthan,1163362.777144596
F182012,x,Sikkim,6980.843371741474
F182012,x,Tamil Nadu,1008170.8794441074
F182012,x,Tripura,50027.62621053308
F182012,x,Uttar Pradesh,1032777.10183727
F182012,x,Uttaranchal,187681.25730606914
F182012,x,West Bengal,553731.7156993449
F182012,t,Andhra Pradesh,6957464.345924377
F182012,t,Arunachal Pradesh,173149.04108548164
F182012,t,Assam,1357346.7644828558
F182012,t,Bihar,1096993.3046549559
F182012,t,Chhattisgarh,2110205.506626606
F182012,t,Delhi,213540.20314788818
F182012,t,Goa,201064.48035514355
F182012,t,Gujarat,3968261.359995842
F182012,t,Haryana,3362991.77069211
F182012,t,Himachal Pradesh,706717.6675809622
F182012,t,Jammu and Kashmir,664780.7416074276
F182012,t,Jharkhand,1009991.7036685944
F182012,t,Karnataka,2975361.452324271
F182012,t,Kerala,1614780.6706836224
F182012,t,Madhya Pradesh,2429542.7212269306
F182012,t,Maharashtra,5017758.021470785
F182012,t,Manipur,210643.26245474815
F182012,t,Meghalaya,331784.0296975374
F182012,t,Mizoram,130408.4865539074
F182012,t,Nagaland,106391.12122809887
F182012,t,Orissa,2233217.514030695
F182012,t,Punjab,4122434.7274489403
F182012,t,Rajasthan,5348969.557677627
F182012,t,Sikkim,51254.73582935333
F182012,t,Tamil Nadu,4680841.464831948
F182012,t,Tripura,309737.7739291191
F182012,t,Uttar Pradesh,4530367.494241476
F182012,t,Uttaranchal,849587.9922175407
F182012,t,West Bengal,2777291.0519245863
