201204,Andhra Pradesh,919062.6997138243
201204,Arunachal Pradesh,60662.72002732381
201204,Assam,178529.97002896108
201204,Bihar,284595.859926926
201204,Chhattisgarh,374733.77989744395
201204,Delhi,225090.52013331652
201204,Goa,21710.849997377023
201204,Gujarat,734937.6098416317
201204,Haryana,400291.0796953477
201204,Himachal Pradesh,78519.80000155047
201204,Jammu and Kashmir,179306.03001368977
201204,Jharkhand,256441.90006298572
201204,Karnataka,694790.5497797187
201204,Kerala,27935.219996025786
201204,Madhya Pradesh,910674.3399395328
201204,Maharashtra,977239.5898414273
201204,Manipur,26446.330012300983
201204,Meghalaya,38224.770000649616
201204,Mizoram,23486.220014235005
201204,Nagaland,26782.689999759197
201204,Orissa,371424.9699573163
201204,Punjab,335561.88990649395
201204,Rajasthan,1043974.8996243514
201204,Sikkim,12448.159990726039
201204,Tamil Nadu,426060.10980992205
201204,Tripura,27358.749989392236
201204,Uttar Pradesh,1347322.0993326567
201204,Uttaranchal,164779.6599679701
201204,West Bengal,402728.8698011935
201205,Andhra Pradesh,787854.6496929023
201205,Arunachal Pradesh,69886.75004130974
201205,Assam,154542.21973681264
201205,Bihar,164030.6299822703
201205,Chhattisgarh,292728.5198608022
201205,Delhi,170991.37002515793
201205,Goa,20821.990008113906
201205,Gujarat,626701.9498923868
201205,Haryana,285440.4900379777
201205,Himachal Pradesh,107054.02997204289
201205,Jammu and Kashmir,179457.6299298834
201205,Jharkhand,198602.41998038255
201205,Karnataka,625097.4697647803
201205,Kerala,54643.32998441905
201205,Madhya Pradesh,631305.7998333406
201205,Maharashtra,905720.4696727917
201205,Manipur,19963.270001174882
201205,Meghalaya,35219.41999311745
201205,Mizoram,16002.180002612993
201205,Nagaland,17095.960004810244
201205,Orissa,293231.17991803214
201205,Punjab,323400.0701113939
201205,Rajasthan,785145.3897975218
201205,Sikkim,9136.48999973014
201205,Tamil Nadu,458831.1097559519
201205,Tripura,23310.439990390092
201205,Uttar Pradesh,851245.9797154255
201205,Uttaranchal,200533.149935117
201205,West Bengal,358109.6498677414
201206,Andhra Pradesh,123645.3899980858
201206,Arunachal Pradesh,37670.69998744503
201206,Assam,69794.70999549516
201206,Bihar,72129.54996716417
201206,Chhattisgarh,15510.599986145273
201206,Delhi,166927.15001517534
201206,Goa,5449.8999928198755
201206,Gujarat,388352.51021044515
201206,Haryana,218909.03995708562
201206,Himachal Pradesh,71846.9799856823
201206,Jammu and Kashmir,107216.23996205814
201206,Jharkhand,49725.62994422577
201206,Karnataka,440401.9701568559
201206,Kerala,45195.87998206355
201206,Madhya Pradesh,229278.1499283705
201206,Maharashtra,404662.42994372733
201206,Manipur,11153.10998996161
201206,Meghalaya,13042.939987838268
201206,Mizoram,9003.949997384101
201206,Nagaland,12072.46999564208
201206,Orissa,39405.06997650489
201206,Punjab,211735.26990216598
201206,Rajasthan,623120.6296367589
201206,Sikkim,5321.399998281151
201206,Tamil Nadu,314568.37993469276
201206,Tripura,3239.3299973905087
201206,Uttar Pradesh,632314.5396479927
201206,Uttaranchal,99790.08992293477
201206,West Bengal,74118.45998958871
201207,Andhra Pradesh,79740.14998353273
201207,Arunachal Pradesh,18685.659983513877
201207,Assam,20438.000005735084
201207,Bihar,13570.080005260184
201207,Chhattisgarh,78280.56001641601
201207,Delhi,120481.51002675295
201207,Goa,3964.3600025419146
201207,Gujarat,369576.7500072699
201207,Haryana,211062.87989198044
201207,Himachal Pradesh,76820.09003268927
201207,Jammu and Kashmir,155477.79002371058
201207,Jharkhand,55970.41997001879
201207,Karnataka,338633.97985577025
201207,Kerala,42283.97997966595
201207,Madhya Pradesh,141913.55995531194
201207,Maharashtra,180499.18999077193
201207,Manipur,16808.639999451116
201207,Meghalaya,10452.160003460944
201207,Mizoram,12594.690000513569
201207,Nagaland,6112.089994743466
201207,Orissa,129257.73001916148
201207,Punjab,216356.03993641585
201207,Rajasthan,568891.0199704245
201207,Sikkim,3556.1200023721904
201207,Tamil Nadu,161920.55986164138
201207,Tripura,8156.879999032244
201207,Uttar Pradesh,200772.73997880705
201207,Uttaranchal,120667.88997793198
201207,West Bengal,77027.51997938193
201208,Andhra Pradesh,215053.80986499414
201208,Arunachal Pradesh,55258.430023415014
201208,Assam,81134.03996501304
201208,Bihar,39393.690002352
201208,Chhattisgarh,104750.69002392702
201208,Delhi,74322.95003050566
201208,Goa,15469.189991774037
201208,Gujarat,303376.09992457926
201208,Haryana,153430.97989462875
201208,Himachal Pradesh,77208.62005542591
201208,Jammu and Kashmir,149301.81997501664
201208,Jharkhand,121640.03000104241
201208,Karnataka,565977.8798977844
201208,Kerala,79094.70000707172
201208,Madhya Pradesh,369110.2300726138
201208,Maharashtra,586843.8798697889
201208,Manipur,25242.71001520939
201208,Meghalaya,28206.270003655925
201208,Mizoram,19887.190015461296
201208,Nagaland,18250.53000940755
201208,Orissa,133330.11995961517
201208,Punjab,139521.1798780188
201208,Rajasthan,452544.9399115145
201208,Sikkim,8945.890000021085
201208,Tamil Nadu,310058.3099073414
201208,Tripura,11554.940000226721
201208,Uttar Pradesh,257611.92988741957
201208,Uttaranchal,90978.33999439701
201208,West Bengal,145175.8099155631
201209,Andhra Pradesh,347025.059863016
201209,Arunachal Pradesh,89019.79003319703
201209,Assam,113785.4999400843
201209,Bihar,177147.67996831983
201209,Chhattisgarh,249320.0199272856
201209,Delhi,195422.67987066507
201209,Goa,20441.54000394605
201209,Gujarat,496336.4999332521
201209,Haryana,356425.149751164
201209,Himachal Pradesh,131896.9800951518
201209,Jammu and Kashmir,246100.08995410986
201209,Jharkhand,257046.71010836773
201209,Karnataka,673626.8397549577
201209,Kerala,81091.36999163218
201209,Madhya Pradesh,733996.4899968319
201209,Maharashtra,730185.1898396648
201209,Manipur,26572.910014860332
201209,Meghalaya,19305.279982849956
201209,Mizoram,30032.460046898574
201209,Nagaland,25361.660022193566
201209,Orissa,259384.6700288169
201209,Punjab,365314.24973905087
201209,Rajasthan,930744.4800076447
201209,Sikkim,11406.019996648654
201209,Tamil Nadu,375217.0997637417
201209,Tripura,20799.72998346947
201209,Uttar Pradesh,990062.9694253504
201209,Uttaranchal,173697.610073369
201209,West Bengal,212221.58981623314
201210,Andhra Pradesh,766247.7598933987
201210,Arunachal Pradesh,92673.99017245881
201210,Assam,260741.74000446126
201210,Bihar,219543.6699325852
201210,Chhattisgarh,370369.3299651556
201210,Delhi,213473.32009637356
201210,Goa,20942.439980223775
201210,Gujarat,739728.0697920453
201210,Haryana,465757.26983585954
201210,Himachal Pradesh,143279.8200778775
201210,Jammu and Kashmir,321294.5902848318
201210,Jharkhand,251846.6300833337
201210,Karnataka,573344.7998679802
201210,Kerala,5206.610000101849
201210,Madhya Pradesh,752825.2699927688
201210,Maharashtra,904128.5398041531
201210,Manipur,24178.860012261197
201210,Meghalaya,42014.27001801506
201210,Mizoram,17473.54000093043
201210,Nagaland,23890.060018396005
201210,Orissa,356757.48987148143
201210,Punjab,455986.1098256409
201210,Rajasthan,1086485.409750497
201210,Sikkim,13328.259996106848
201210,Tamil Nadu,171968.45996670797
201210,Tripura,44001.70999211073
201210,Uttar Pradesh,1064780.0394444168
201210,Uttaranchal,190491.25997948833
201210,West Bengal,591614.359751828
201211,Andhra Pradesh,779421.5498299431
201211,Arunachal Pradesh,22416.599862523377
201211,Assam,217399.26980148256
201211,Bihar,289318.12987617217
201211,Chhattisgarh,387120.98987077735
201211,Delhi,352318.6499708891
201211,Goa,25198.67999172397
201211,Gujarat,613976.8297537994
201211,Haryana,717135.8901100922
201211,Himachal Pradesh,99447.68995027058
201211,Jammu and Kashmir,216020.91002951376
201211,Jharkhand,280001.10981641524
201211,Karnataka,616995.7198109608
201211,Kerala,58455.759986415505
201211,Madhya Pradesh,702215.4997544456
201211,Maharashtra,946488.8195886686
201211,Manipur,7478.399977322668
201211,Meghalaya,23220.369970355183
201211,Mizoram,5040.269979082048
201211,Nagaland,11927.31998693198
201211,Orissa,317509.199898459
201211,Punjab,727188.0697813332
201211,Rajasthan,1095989.5995084718
201211,Sikkim,8490.089989623055
201211,Tamil Nadu,433627.0398065243
201211,Tripura,33841.329999148846
201211,Uttar Pradesh,1712744.4695110135
201211,Uttaranchal,264485.24991566874
201211,West Bengal,614757.4797537066
201212,Andhra Pradesh,723659.5497728828
201212,Arunachal Pradesh,12113.479976227507
201212,Assam,147962.0001245346
201212,Bihar,161365.76990683563
201212,Chhattisgarh,311775.89982529543
201212,Delhi,256140.31006008387
201212,Goa,23330.72000435926
201212,Gujarat,585914.4100114498
201212,Haryana,370185.0600520577
201212,Himachal Pradesh,58358.11995784193
201212,Jammu and Kashmir,149841.139964981
201212,Jharkhand,212812.97987228073
201212,Karnataka,559529.4699181803
201212,Kerala,69180.19995420799
201212,Madhya Pradesh,493814.74986591935
201212,Maharashtra,775922.9596984275
201212,Manipur,6422.609990583733
201212,Meghalaya,16963.019985515624
201212,Mizoram,3206.7999998889863
201212,Nagaland,14907.899994608015
201212,Orissa,308169.82992869616
201212,Punjab,370444.7200869974
201212,Rajasthan,787303.7097243164
201212,Sikkim,5104.569996813312
201212,Tamil Nadu,435982.98980582133
201212,Tripura,28534.19994870387
201212,Uttar Pradesh,1194535.3094892912
201212,Uttaranchal,136246.68992321007
201212,West Bengal,417880.6898426041
201301,Andhra Pradesh,757178.6397736203
201301,Arunachal Pradesh,22627.149894932285
201301,Assam,193634.96974557638
201301,Bihar,115926.49993992224
201301,Chhattisgarh,329549.309959678
201301,Delhi,210483.850150764
201301,Goa,24090.690012404695
201301,Gujarat,632499.8597070724
201301,Haryana,336115.4598771669
201301,Himachal Pradesh,72085.6600273978
201301,Jammu and Kashmir,171731.77003569342
201301,Jharkhand,219748.13995683566
201301,Karnataka,589540.5697981436
201301,Kerala,62257.329947110265
201301,Madhya Pradesh,554313.6897364818
201301,Maharashtra,879554.4696898554
201301,Manipur,7490.409997753799
201301,Meghalaya,22076.379981098697
201301,Mizoram,3882.459996169433
201301,Nagaland,11624.089994695038
201301,Orissa,311535.55985707976
201301,Punjab,314190.85986961797
201301,Rajasthan,808035.6195770055
201301,Sikkim,7077.549988247454
201301,Tamil Nadu,505960.45979778655
201301,Tripura,27250.399966048077
201301,Uttar Pradesh,914260.7496600933
201301,Uttaranchal,122070.05997147225
201301,West Bengal,379815.01981957443
201302,Andhra Pradesh,893211.9297186751
201302,Arunachal Pradesh,26205.519921530038
201302,Assam,210358.36021289788
201302,Bihar,199055.55993507244
201302,Chhattisgarh,341111.0698262006
201302,Delhi,268966.3598861098
201302,Goa,25349.51998505369
201302,Gujarat,753430.6497976482
201302,Haryana,473806.26982940733
201302,Himachal Pradesh,86473.87003109045
201302,Jammu and Kashmir,195127.73013516888
201302,Jharkhand,247326.52996204235
201302,Karnataka,663164.8000175655
201302,Kerala,87749.52997875027
201302,Madhya Pradesh,673799.0897836778
201302,Maharashtra,984149.3395897131
201302,Manipur,10555.979978002608
201302,Meghalaya,30864.019970644265
201302,Mizoram,7029.469986848533
201302,Nagaland,18147.999990263954
201302,Orissa,384418.8598068021
201302,Punjab,420908.0598191656
201302,Rajasthan,1050886.0397499297
201302,Sikkim,9233.859996071085
201302,Tamil Nadu,526639.1897259019
201302,Tripura,40750.08998789266
201302,Uttar Pradesh,1369390.1192744486
201302,Uttaranchal,152088.3999411706
201302,West Bengal,518240.34975393675
201303,Andhra Pradesh,939262.9298797231
201303,Arunachal Pradesh,52644.1599869933
201303,Assam,192622.5199433919
201303,Bihar,203101.78996481746
201303,Chhattisgarh,387372.0198711809
201303,Delhi,247999.8299511075
201303,Goa,25052.649999126792
201303,Gujarat,712483.2496530507
201303,Haryana,421425.61966978014
201303,Himachal Pradesh,106398.5099006258
201303,Jammu and Kashmir,244114.65987886675
201303,Jharkhand,286304.04996294156
201303,Karnataka,719001.0700933915
201303,Kerala,93384.90997296199
201303,Madhya Pradesh,770232.0497422349
201303,Maharashtra,1082921.3697066866
201303,Manipur,22798.029988165945
201303,Meghalaya,44956.12999338098
201303,Mizoram,32620.98998483084
201303,Nagaland,18517.899991761893
201303,Orissa,482472.00984155573
201303,Punjab,407642.6897899881
201303,Rajasthan,1072709.42982875
201303,Sikkim,10488.349996298552
201303,Tamil Nadu,591888.0096756667
201303,Tripura,37305.079992128536
201303,Uttar Pradesh,1164988.3496910427
201303,Uttaranchal,170514.5599851068
201303,West Bengal,467239.18974339403
201304,Andhra Pradesh,953911.4497318845
201304,Arunachal Pradesh,63900.329989381135
201304,Assam,217353.38988523
201304,Bihar,235769.15995219536
201304,Chhattisgarh,424316.4798300024
201304,Delhi,233482.820058465
201304,Goa,25495.0199973993
201304,Gujarat,767016.2997916453
201304,Haryana,461331.19987401366
201304,Himachal Pradesh,106941.97005419806
201304,Jammu and Kashmir,237720.99000883847
201304,Jharkhand,318783.08991154656
201304,Karnataka,731631.4496362992
201304,Kerala,96129.33995856903
201304,Madhya Pradesh,992168.7096979953
201304,Maharashtra,1119108.3398940582
201304,Manipur,30487.13998688385
201304,Meghalaya,58591.79000455141
201304,Mizoram,48188.989979974926
201304,Nagaland,22300.529987165704
201304,Orissa,469176.999871565
201304,Punjab,409347.81977915764
201304,Rajasthan,1137274.349829765
201304,Sikkim,12149.239993482828
201304,Tamil Nadu,584162.3896124922
201304,Tripura,31876.269979100674
201304,Uttar Pradesh,1071878.469583068
201304,Uttaranchal,173352.4499800373
201304,West Bengal,448046.39983163215
201305,Andhra Pradesh,871058.9197214022
201305,Arunachal Pradesh,73612.98003177159
201305,Assam,233805.42992294766
201305,Bihar,228671.31993692368
201305,Chhattisgarh,380377.1998782605
201305,Delhi,200319.49007105827
201305,Goa,25406.87999679707
201305,Gujarat,757052.0699421745
201305,Haryana,412624.47999786586
201305,Himachal Pradesh,98799.1399364546
201305,Jammu and Kashmir,214404.76993670687
201305,Jharkhand,215516.49995921738
201305,Karnataka,659595.5897822566
201305,Kerala,49886.06996902265
201305,Madhya Pradesh,947969.5897093136
201305,Maharashtra,1015342.3297978118
201305,Manipur,19956.320008581504
201305,Meghalaya,31747.16998787783
201305,Mizoram,21333.24001199007
201305,Nagaland,21488.760001603514
201305,Orissa,305599.34986573644
201305,Punjab,352308.6697762832
201305,Rajasthan,1098381.0998718105
201305,Sikkim,11135.849997432902
201305,Tamil Nadu,503883.66973470524
201305,Tripura,22842.869985779747
201305,Uttar Pradesh,1050776.579502143
201305,Uttaranchal,161607.30995472707
201305,West Bengal,345666.5298116747
201306,Andhra Pradesh,552748.8396965526
201306,Arunachal Pradesh,89024.55007743649
201306,Assam,206279.82987039164
201306,Bihar,198261.0999184195
201306,Chhattisgarh,87048.67999097332
201306,Delhi,158288.6299572587
201306,Goa,6478.449986403808
201306,Gujarat,306162.1798715573
201306,Haryana,291961.48977409303
201306,Himachal Pradesh,104688.03001784906
201306,Jammu and Kashmir,215358.09998328425
201306,Jharkhand,217987.98992481828
201306,Karnataka,634678.5797045156
201306,Kerala,57427.169927328825
201306,Madhya Pradesh,287930.1099376511
201306,Maharashtra,230524.64983488247
201306,Manipur,21463.780014727265
201306,Meghalaya,39539.16999156214
201306,Mizoram,18737.200014809147
201306,Nagaland,21522.780030418187
201306,Orissa,271385.90988395177
201306,Punjab,280742.34979237616
201306,Rajasthan,785849.8398220465
201306,Sikkim,11261.689993171021
201306,Tamil Nadu,277992.5798275862
201306,Tripura,29108.169945502654
201306,Uttar Pradesh,789960.7796596941
201306,Uttaranchal,129455.53001300246
201306,West Bengal,330118.20960339904
201307,Andhra Pradesh,129145.03000767156
201307,Arunachal Pradesh,18384.589959124103
201307,Assam,66350.32996010967
201307,Bihar,32063.05998097174
201307,Chhattisgarh,194192.07994055562
201307,Delhi,107866.80017155409
201307,Goa,6811.0300008859485
201307,Gujarat,150538.91989992186
201307,Haryana,212253.36993102357
201307,Himachal Pradesh,47944.09997553378
201307,Jammu and Kashmir,120807.65986046754
201307,Jharkhand,148264.26996254362
201307,Karnataka,289095.84984230064
201307,Kerala,32816.01998194866
201307,Madhya Pradesh,331654.69006671384
201307,Maharashtra,416202.1700514462
201307,Manipur,8425.829997811466
201307,Meghalaya,14582.239991011098
201307,Mizoram,7831.379994573072
201307,Nagaland,16176.879991613328
201307,Orissa,239062.54960078
201307,Punjab,244001.84989953972
201307,Rajasthan,424554.60982225277
201307,Sikkim,3390.4899979531765
201307,Tamil Nadu,178609.22991980799
201307,Tripura,8700.469988228753
201307,Uttar Pradesh,241080.77998709492
201307,Uttaranchal,66321.69996441901
201307,West Bengal,132361.3299705051
201308,Andhra Pradesh,549669.8800143357
201308,Arunachal Pradesh,34111.729965198785
201308,Assam,67455.48998121358
201308,Bihar,89780.95999391563
201308,Chhattisgarh,191904.23001992702
201308,Delhi,71071.14002203941
201308,Goa,12487.789995834231
201308,Gujarat,358725.50998100266
201308,Haryana,246912.66993989423
201308,Himachal Pradesh,70051.34000425972
201308,Jammu and Kashmir,167864.20996975712
201308,Jharkhand,163576.21997958608
201308,Karnataka,470989.36005104147
201308,Kerala,53422.24996347912
201308,Madhya Pradesh,432211.25003071874
201308,Maharashtra,703194.6398469284
201308,Manipur,16132.790003243834
201308,Meghalaya,20492.57999670878
201308,Mizoram,7723.610002718866
201308,Nagaland,12348.660001130775
201308,Orissa,222526.10992984474
201308,Punjab,304747.7499313932
201308,Rajasthan,504049.27985479124
201308,Sikkim,7184.369996106252
201308,Tamil Nadu,421676.1698265467
201308,Tripura,18468.499980075285
201308,Uttar Pradesh,371528.69981406815
201308,Uttaranchal,91410.75996830128
201308,West Bengal,131894.11992280744
201309,Andhra Pradesh,691420.749716809
201309,Arunachal Pradesh,68045.75999675691
201309,Assam,199374.85051423125
201309,Bihar,184652.2800127156
201309,Chhattisgarh,142927.89001101814
201309,Delhi,200538.80996626616
201309,Goa,17633.279996920377
201309,Gujarat,617771.6599870343
201309,Haryana,467645.07990956306
201309,Himachal Pradesh,85786.68000784703
201309,Jammu and Kashmir,183753.89990768582
201309,Jharkhand,150073.83994134143
201309,Karnataka,530301.3098076992
201309,Kerala,59200.07998578437
201309,Madhya Pradesh,626810.2899957206
201309,Maharashtra,805310.309805546
201309,Manipur,21610.85999270901
201309,Meghalaya,39795.16999332048
201309,Mizoram,19846.42000665702
201309,Nagaland,19434.15000385046
201309,Orissa,108673.28001060523
201309,Punjab,411665.07986034453
201309,Rajasthan,914976.1297273394
201309,Sikkim,9765.049996428192
201309,Tamil Nadu,408051.7797992062
201309,Tripura,12266.069992158562
201309,Uttar Pradesh,837252.3398285005
201309,Uttaranchal,140353.78997430205
201309,West Bengal,142741.29986762255
201310,Andhra Pradesh,821568.6297161076
201310,Arunachal Pradesh,167431.9501985386
201310,Assam,337763.5898028016
201310,Bihar,306944.11991851777
201310,Chhattisgarh,393943.3899450004
201310,Delhi,228156.47020441294
201310,Goa,21368.030000172555
201310,Gujarat,724004.589689754
201310,Haryana,493178.2698691189
201310,Himachal Pradesh,123621.81014115922
201310,Jammu and Kashmir,300232.0505091995
201310,Jharkhand,313217.5998602826
201310,Karnataka,703415.7097081337
201310,Kerala,83331.06996833347
201310,Madhya Pradesh,825021.669833906
201310,Maharashtra,915063.9897926748
201310,Manipur,47935.06004541367
201310,Meghalaya,61512.070001723245
201310,Mizoram,35463.39000782184
201310,Nagaland,41278.36999075487
201310,Orissa,420463.56982991286
201310,Punjab,416780.01991541684
201310,Rajasthan,1146703.770304542
201310,Sikkim,17200.960024395958
201310,Tamil Nadu,555137.009685969
201310,Tripura,54938.719961408526
201310,Uttar Pradesh,1202054.8491683155
201310,Uttaranchal,177548.40001964755
201310,West Bengal,568957.3996956367
201311,Andhra Pradesh,918177.6099575739
201311,Arunachal Pradesh,74096.3399799075
201311,Assam,279213.87021293864
201311,Bihar,386031.09980973415
201311,Chhattisgarh,464792.26975234784
201311,Delhi,341206.7197933197
201311,Goa,27333.90999560617
201311,Gujarat,698615.5796647798
201311,Haryana,762188.2699640095
201311,Himachal Pradesh,141954.38008615933
201311,Jammu and Kashmir,315450.140152717
201311,Jharkhand,333515.2499315962
201311,Karnataka,734998.6298266836
201311,Kerala,77225.40997403301
201311,Madhya Pradesh,967558.3895816822
201311,Maharashtra,1112877.109620491
201311,Manipur,19700.929992839694
201311,Meghalaya,40185.59997848421
201311,Mizoram,13180.389994217083
201311,Nagaland,20571.289988365024
201311,Orissa,401096.5699557029
201311,Punjab,653071.2099105269
201311,Rajasthan,1357799.7697791085
201311,Sikkim,12478.559984840453
201311,Tamil Nadu,558371.7596749198
201311,Tripura,44711.16997287981
201311,Uttar Pradesh,1949038.9593061581
201311,Uttaranchal,276546.16992917657
201311,West Bengal,663367.9298585858
201312,Andhra Pradesh,820320.4596724883
201312,Arunachal Pradesh,44622.95994784124
201312,Assam,237628.03956352733
201312,Bihar,232599.61989833228
201312,Chhattisgarh,378124.2799554989
201312,Delhi,251661.01994472742
201312,Goa,28396.579981792718
201312,Gujarat,657332.2498999462
201312,Haryana,530789.839980036
201312,Himachal Pradesh,104958.97999461927
201312,Jammu and Kashmir,263394.3101023361
201312,Jharkhand,262037.8498553671
201312,Karnataka,670555.7998947613
201312,Kerala,77298.50999435782
201312,Madhya Pradesh,720303.169613855
201312,Maharashtra,841391.9398143366
201312,Manipur,13084.009979275987
201312,Meghalaya,31303.859966354445
201312,Mizoram,5078.619990630075
201312,Nagaland,20327.98997062631
201312,Orissa,357779.7198296506
201312,Punjab,459515.3300373629
201312,Rajasthan,1053105.7596086953
201312,Sikkim,10068.409995518625
201312,Tamil Nadu,522533.7098045293
201312,Tripura,34622.549979818985
201312,Uttar Pradesh,1328507.799526317
201312,Uttaranchal,167623.21995205805
201312,West Bengal,490688.0698184855
201401,Andhra Pradesh,792780.4596902411
201401,Arunachal Pradesh,32987.89992622845
201401,Assam,223321.28001771495
201401,Bihar,206581.99989639595
201401,Chhattisgarh,345143.9398559462
201401,Delhi,200488.31989610195
201401,Goa,27769.75001060404
201401,Gujarat,677325.5696658809
201401,Haryana,416445.46985318884
201401,Himachal Pradesh,92809.20997171663
201401,Jammu and Kashmir,222827.9799629338
201401,Jharkhand,244548.3299715966
201401,Karnataka,691207.299786983
201401,Kerala,81323.11994727701
201401,Madhya Pradesh,645721.099609103
201401,Maharashtra,883776.9397152998
201401,Manipur,13786.629980809987
201401,Meghalaya,24775.16997038573
201401,Mizoram,6113.5199902020395
201401,Nagaland,17758.989969216287
201401,Orissa,331429.3598521333
201401,Punjab,399923.7197866626
201401,Rajasthan,961806.5895052087
201401,Sikkim,7330.979990592226
201401,Tamil Nadu,575557.03983959
201401,Tripura,36403.77997507155
201401,Uttar Pradesh,1150331.3395265974
201401,Uttaranchal,150663.36998808384
201401,West Bengal,463463.6197802052
201402,Andhra Pradesh,914919.8097573072
201402,Arunachal Pradesh,41744.429898783565
201402,Assam,219733.80012171157
201402,Bihar,289741.759866165
201402,Chhattisgarh,406374.8298529051
201402,Delhi,243988.36990606785
201402,Goa,24935.730018461123
201402,Gujarat,693073.749734791
201402,Haryana,472680.88981367275
201402,Himachal Pradesh,107641.55000446178
201402,Jammu and Kashmir,222188.0599304419
201402,Jharkhand,295211.849926658
201402,Karnataka,764799.8300465029
201402,Kerala,97154.64995724894
201402,Madhya Pradesh,776737.6798083428
201402,Maharashtra,1023432.6697968692
201402,Manipur,14202.269967924803
201402,Meghalaya,27692.829983457923
201402,Mizoram,6305.969972630963
201402,Nagaland,16116.809977760538
201402,Orissa,426810.39985198155
201402,Punjab,392233.01978031546
201402,Rajasthan,1085270.4097628891
201402,Sikkim,10459.69999253191
201402,Tamil Nadu,669045.5897273105
201402,Tripura,40574.049991698936
201402,Uttar Pradesh,1532058.2091694828
201402,Uttaranchal,176099.36001864076
201402,West Bengal,557767.1697641145
201403,Andhra Pradesh,1037384.2394110002
201403,Arunachal Pradesh,53057.569996399805
201403,Assam,214046.11990588903
201403,Bihar,286723.3799257595
201403,Chhattisgarh,417842.2899944056
201403,Delhi,264065.7600668669
201403,Goa,25766.739987291396
201403,Gujarat,856957.4602422398
201403,Haryana,494165.9498164207
201403,Himachal Pradesh,112296.35007056966
201403,Jammu and Kashmir,244924.61999582872
201403,Jharkhand,289754.40996333584
201403,Karnataka,779866.5497978497
201403,Kerala,102481.11995962262
201403,Madhya Pradesh,937074.229745185
201403,Maharashtra,1108041.4296221454
201403,Manipur,37088.74998907
201403,Meghalaya,50380.10001357645
201403,Mizoram,26444.71999202296
201403,Nagaland,28663.65998752229
201403,Orissa,515502.8499215655
201403,Punjab,417171.26979795843
201403,Rajasthan,1247347.6394269075
201403,Sikkim,10920.789999809116
201403,Tamil Nadu,664146.6896525696
201403,Tripura,46929.60998148471
201403,Uttar Pradesh,1544822.419580495
201403,Uttaranchal,174359.1899575293
201403,West Bengal,512549.0797712207
201404,Andhra Pradesh,1065763.1293224692
201404,Arunachal Pradesh,97390.6300158035
201404,Assam,272803.39002122916
201404,Bihar,323746.82981225476
201404,Chhattisgarh,540794.5698044971
201404,Delhi,252402.0899693966
201404,Goa,21644.27999970317
201404,Gujarat,847112.9094667397
201404,Haryana,469906.47985470295
201404,Himachal Pradesh,98266.88992450014
201404,Jammu and Kashmir,209060.589907296
201404,Jharkhand,317128.2197923362
201404,Karnataka,860507.079674866
201404,Kerala,95926.59995345213
201404,Madhya Pradesh,1130841.159306638
201404,Maharashtra,1170086.7296021823
201404,Manipur,45386.070020603016
201404,Meghalaya,44341.15000288747
201404,Mizoram,35830.40001634136
201404,Nagaland,34795.240006444976
201404,Orissa,574644.0996863246
201404,Punjab,387172.2698147446
201404,Rajasthan,1228900.1795191616
201404,Sikkim,12122.409993033856
201404,Tamil Nadu,667014.3395565767
201404,Tripura,36799.61999610439
201404,Uttar Pradesh,1409672.5692470297
201404,Uttaranchal,168477.10996676795
201404,West Bengal,459386.4798029363
201405,Andhra Pradesh,915432.3896793537
201405,Arunachal Pradesh,41984.779971377924
201405,Assam,179327.7600389868
201405,Bihar,244525.9598837737
201405,Chhattisgarh,409735.1597842276
201405,Delhi,190328.61998033524
201405,Goa,20428.599987937137
201405,Gujarat,745079.999954028
201405,Haryana,378181.50993403234
201405,Himachal Pradesh,107659.28006861173
201405,Jammu and Kashmir,241963.25007480755
201405,Jharkhand,214569.52989505604
201405,Karnataka,631148.0096958075
201405,Kerala,90485.97995784879
201405,Madhya Pradesh,938409.1496155784
201405,Maharashtra,960170.849738555
201405,Manipur,11751.689986154437
201405,Meghalaya,24293.66000753641
201405,Mizoram,14087.529994159937
201405,Nagaland,12731.94998557493
201405,Orissa,364687.7298812773
201405,Punjab,329138.1397723183
201405,Rajasthan,1090101.1997120325
201405,Sikkim,8254.789999490604
201405,Tamil Nadu,638402.1098208278
201405,Tripura,33834.960018796846
201405,Uttar Pradesh,1118293.7494511046
201405,Uttaranchal,162599.98993517645
201405,West Bengal,380394.90987725
201406,Andhra Pradesh,725571.5298551489
201406,Arunachal Pradesh,54570.450007604435
201406,Assam,159141.71018444747
201406,Bihar,182944.5899555646
201406,Chhattisgarh,273561.48990434036
201406,Delhi,194533.70003139973
201406,Goa,19247.419992847368
201406,Gujarat,573340.849751927
201406,Haryana,328419.12987430394
201406,Himachal Pradesh,68543.22997930832
201406,Jammu and Kashmir,127656.0299236849
201406,Jharkhand,200877.90991236083
201406,Karnataka,652475.5697512943
201406,Kerala,78153.95998849533
201406,Madhya Pradesh,597873.81965
201406,Maharashtra,798566.0697886758
201406,Manipur,16283.339988719672
201406,Meghalaya,25004.159986935556
201406,Mizoram,10140.079988066107
201406,Nagaland,13358.299988619983
201406,Orissa,282224.7598762065
201406,Punjab,269254.10994044505
201406,Rajasthan,751239.8097252157
201406,Sikkim,8354.550001470372
201406,Tamil Nadu,573035.9597528744
201406,Tripura,23719.8799860999
201406,Uttar Pradesh,846231.9996816702
201406,Uttaranchal,140832.02995290607
201406,West Bengal,359248.1398687698
201407,Andhra Pradesh,716260.0896726046
201407,Arunachal Pradesh,57494.77999802679
201407,Assam,168867.23028703406
201407,Bihar,200953.93994490616
201407,Chhattisgarh,235913.60990079306
201407,Delhi,194197.2099687457
201407,Goa,18734.289977759123
201407,Gujarat,607770.0797382947
201407,Haryana,303806.48985060863
201407,Himachal Pradesh,79918.5900303889
201407,Jammu and Kashmir,183084.33995461836
201407,Jharkhand,197128.9099472128
201407,Karnataka,639200.2696181089
201407,Kerala,85884.74000231922
201407,Madhya Pradesh,464625.95994177647
201407,Maharashtra,740814.1097194273
201407,Manipur,16808.819992870092
201407,Meghalaya,26631.229997240007
201407,Mizoram,11263.949986511841
201407,Nagaland,14369.23999568075
201407,Orissa,310248.72992267646
201407,Punjab,287703.5197760947
201407,Rajasthan,736391.5997504834
201407,Sikkim,5840.489998105913
201407,Tamil Nadu,577322.6897113211
201407,Tripura,17963.299982015043
201407,Uttar Pradesh,716986.2998439409
201407,Uttaranchal,110183.16998405196
201407,West Bengal,334807.8998425789
201408,Andhra Pradesh,968836.1296885964
201408,Arunachal Pradesh,48524.829985620454
201408,Assam,172931.36031304672
201408,Bihar,161486.51994021237
201408,Chhattisgarh,317708.02995645255
201408,Delhi,205634.57986748219
201408,Goa,12468.970001537353
201408,Gujarat,593601.5398336537
201408,Haryana,372286.4898748994
201408,Himachal Pradesh,98088.48998953402
201408,Jammu and Kashmir,207767.47002054006
201408,Jharkhand,213342.76995595172
201408,Karnataka,551763.5897176359
201408,Kerala,75022.29999317788
201408,Madhya Pradesh,503486.299993217
201408,Maharashtra,599060.4699465781
201408,Manipur,16423.529995530844
201408,Meghalaya,25401.139984775335
201408,Mizoram,18998.040014266968
201408,Nagaland,16117.909997975454
201408,Orissa,392811.199901022
201408,Punjab,323280.6697793156
201408,Rajasthan,936592.4698036276
201408,Sikkim,9835.689992845058
201408,Tamil Nadu,617674.8197252974
201408,Tripura,27014.609959438443
201408,Uttar Pradesh,756720.2898475155
201408,Uttaranchal,137475.48994718865
201408,West Bengal,328488.6497951448
201409,Andhra Pradesh,960995.8399215396
201409,Arunachal Pradesh,67881.16000995785
201409,Assam,193782.7098519858
201409,Bihar,264026.2199204266
201409,Chhattisgarh,482900.3297944907
201409,Delhi,236259.50004911423
201409,Goa,22876.089983953163
201409,Gujarat,748033.7697843462
201409,Haryana,459950.57984538376
201409,Himachal Pradesh,100325.44005413726
201409,Jammu and Kashmir,199751.77010395937
201409,Jharkhand,271002.20994551294
201409,Karnataka,717868.599864779
201409,Kerala,91989.0599540975
201409,Madhya Pradesh,860862.6397752259
201409,Maharashtra,1014252.8598477207
201409,Manipur,26790.28000721708
201409,Meghalaya,43925.839991087094
201409,Mizoram,24314.02002046071
201409,Nagaland,22248.730019271374
201409,Orissa,435240.0298998244
201409,Punjab,386891.209682405
201409,Rajasthan,1083100.399665365
201409,Sikkim,11987.009996233508
201409,Tamil Nadu,648777.4397728574
201409,Tripura,38066.56995837949
201409,Uttar Pradesh,958301.399815701
201409,Uttaranchal,158641.7099974919
201409,West Bengal,517165.2196903601
201410,Andhra Pradesh,779421.359902408
201410,Arunachal Pradesh,54140.07997703552
201410,Assam,300411.32005659863
201410,Bihar,409225.109862078
201410,Chhattisgarh,378618.4498331994
201410,Delhi,322106.7997879982
201410,Goa,23287.249995559454
201410,Gujarat,791791.7899025511
201410,Haryana,693589.8697626963
201410,Himachal Pradesh,94908.35995765217
201410,Jammu and Kashmir,228067.1199603211
201410,Jharkhand,310185.6398518868
201410,Karnataka,649570.2198372651
201410,Kerala,62822.27996294014
201410,Madhya Pradesh,772414.0898522828
201410,Maharashtra,904073.0497505106
201410,Manipur,20031.249992942438
201410,Meghalaya,38659.95000683144
201410,Mizoram,13683.249992052093
201410,Nagaland,20733.10999698937
201410,Orissa,361362.84982766956
201410,Punjab,599364.3198321164
201410,Rajasthan,1295557.499735156
201410,Sikkim,10155.909996666014
201410,Tamil Nadu,481902.50985410064
201410,Tripura,49955.019968884066
201410,Uttar Pradesh,1632189.7997446116
201410,Uttaranchal,223807.9899884779
201410,West Bengal,658816.049787106
201411,Andhra Pradesh,628708.4098438192
201411,Arunachal Pradesh,10866.079982426018
201411,Assam,222093.33950461075
201411,Bihar,286762.2098638397
201411,Chhattisgarh,327162.41986569576
201411,Delhi,294919.59996175766
201411,Goa,19941.580003978685
201411,Gujarat,553634.029909147
201411,Haryana,557192.6598471291
201411,Himachal Pradesh,54873.73995663226
201411,Jammu and Kashmir,163798.28991701454
201411,Jharkhand,260315.1999084819
201411,Karnataka,584505.7198386304
201411,Kerala,57638.159986520186
201411,Madhya Pradesh,515795.6997952834
201411,Maharashtra,729599.5796975698
201411,Manipur,8989.119987264276
201411,Meghalaya,21050.20999784395
201411,Mizoram,3128.640000861138
201411,Nagaland,10799.149982014671
201411,Orissa,322668.7198200729
201411,Punjab,422137.7499721609
201411,Rajasthan,921541.539715128
201411,Sikkim,5272.459995353594
201411,Tamil Nadu,397245.0198348034
201411,Tripura,32138.269977170974
201411,Uttar Pradesh,1270470.8197984323
201411,Uttaranchal,130195.2799842041
201411,West Bengal,482863.909814978
201412,Andhra Pradesh,862800.8597862069
201412,Arunachal Pradesh,67059.39997675084
201412,Assam,307415.88975745626
201412,Bihar,344080.96986892447
201412,Chhattisgarh,433666.1498310007
201412,Delhi,240238.05000251532
201412,Goa,30115.939991984516
201412,Gujarat,781320.5697837714
201412,Haryana,538052.6098368745
201412,Himachal Pradesh,133382.1899468433
201412,Jammu and Kashmir,320945.3998764735
201412,Jharkhand,284971.86985298246
201412,Karnataka,644402.9197588209
201412,Kerala,74308.41996116191
201412,Madhya Pradesh,722645.4096438605
201412,Maharashtra,1032927.189588014
201412,Manipur,17005.349974317476
201412,Meghalaya,41588.52998318337
201412,Mizoram,9899.119969230145
201412,Nagaland,31420.210012225434
201412,Orissa,393176.6298300754
201412,Punjab,408537.73981677927
201412,Rajasthan,1266506.2295456007
201412,Sikkim,14188.919995766133
201412,Tamil Nadu,478771.97974625975
201412,Tripura,43134.70997180045
201412,Uttar Pradesh,1391903.2594404295
201412,Uttaranchal,187903.7100788094
201412,West Bengal,559786.2996754386
201501,Andhra Pradesh,925930.6096238941
201501,Arunachal Pradesh,43208.769896924496
201501,Assam,326059.38991525024
201501,Bihar,316604.01993185095
201501,Chhattisgarh,398284.6898685843
201501,Delhi,221096.80001860857
201501,Goa,25486.689990082756
201501,Gujarat,823109.7598061655
201501,Haryana,350517.45003468543
201501,Himachal Pradesh,105334.0199790895
201501,Jammu and Kashmir,245856.83009953424
201501,Jharkhand,292699.7499262579
201501,Karnataka,763445.0697467756
201501,Kerala,89179.15995838307
201501,Madhya Pradesh,683379.4397323634
201501,Maharashtra,1004975.409572741
201501,Manipur,13885.619972893968
201501,Meghalaya,37639.06996867061
201501,Mizoram,9473.289964353666
201501,Nagaland,21987.929983003065
201501,Orissa,419579.6098098289
201501,Punjab,387807.28984630853
201501,Rajasthan,1235028.63964732
201501,Sikkim,11319.370000595227
201501,Tamil Nadu,620176.7896877304
201501,Tripura,42729.450015166774
201501,Uttar Pradesh,1183092.5896192547
201501,Uttaranchal,154241.59996414743
201501,West Bengal,628327.6297543142
201502,Andhra Pradesh,1197893.4395773094
201502,Arunachal Pradesh,120591.6501117032
201502,Assam,323812.78962052986
201502,Bihar,379853.04973690957
201502,Chhattisgarh,483379.18985446356
201502,Delhi,271242.56990361214
201502,Goa,28464.339981772006
201502,Gujarat,888507.9596404079
201502,Haryana,412842.2198136449
201502,Himachal Pradesh,170377.4195097983
201502,Jammu and Kashmir,369861.9688222259
201502,Jharkhand,326853.9398552794
201502,Karnataka,985853.2998257764
201502,Kerala,125637.95995929837
201502,Madhya Pradesh,952052.229627572
201502,Maharashtra,1296899.4295957293
201502,Manipur,26214.440010948107
201502,Meghalaya,51222.859983213246
201502,Mizoram,22512.550041059032
201502,Nagaland,27452.970013793558
201502,Orissa,532300.3598096166
201502,Punjab,418775.7998095155
201502,Rajasthan,1435958.259547649
201502,Sikkim,16586.740022314712
201502,Tamil Nadu,762035.6896163654
201502,Tripura,44575.639993049204
201502,Uttar Pradesh,1580746.2392766103
201502,Uttaranchal,212738.03987163305
201502,West Bengal,560198.0496996269
201503,Andhra Pradesh,982994.2397811431
201503,Arunachal Pradesh,96902.09004009515
201503,Assam,367470.13989890367
201503,Bihar,372278.359814357
201503,Chhattisgarh,540530.0998085644
201503,Delhi,294935.1601270437
201503,Goa,21833.399993035942
201503,Gujarat,866453.4995435271
201503,Haryana,432212.35989337787
201503,Himachal Pradesh,117672.2301706709
201503,Jammu and Kashmir,280716.6303921044
201503,Jharkhand,331219.2899699453
201503,Karnataka,811991.3898493461
201503,Kerala,98252.24996677972
201503,Madhya Pradesh,887675.8898042701
201503,Maharashtra,1127575.5295366663
201503,Manipur,44600.94999237172
201503,Meghalaya,74500.93996980041
201503,Mizoram,47376.74002588354
201503,Nagaland,40955.879983548075
201503,Orissa,562122.5597851779
201503,Punjab,400069.71972565353
201503,Rajasthan,1308855.6894176118
201503,Sikkim,13960.820003053173
201503,Tamil Nadu,647719.2597098704
201503,Tripura,49718.55996955931
201503,Uttar Pradesh,1481188.4095166475
201503,Uttaranchal,183068.95004146732
201503,West Bengal,549580.6596496738
201504,Andhra Pradesh,1027682.9495874643
201504,Arunachal Pradesh,68760.68999649212
201504,Assam,288838.0303962771
201504,Bihar,390496.3796966933
201504,Chhattisgarh,478472.62980643474
201504,Delhi,244192.009873271
201504,Goa,24778.479995420203
201504,Gujarat,891541.0896007475
201504,Haryana,436937.03989346325
201504,Himachal Pradesh,111020.0700691361
201504,Jammu and Kashmir,235494.79004375078
201504,Jharkhand,317331.1498518344
201504,Karnataka,825394.5897181891
201504,Kerala,101957.68995206617
201504,Madhya Pradesh,1181902.409360122
201504,Maharashtra,1185198.3195263203
201504,Manipur,30140.620000373572
201504,Meghalaya,39600.58998639323
201504,Mizoram,22824.230014989153
201504,Nagaland,23647.180009111762
201504,Orissa,511048.56986492313
201504,Punjab,373548.9596661106
201504,Rajasthan,1324095.2592880074
201504,Sikkim,12835.200004879385
201504,Tamil Nadu,648280.2796471044
201504,Tripura,32868.07998325862
201504,Uttar Pradesh,1370368.628987737
201504,Uttaranchal,184865.8900419306
201504,West Bengal,541275.1097287852
201505,Andhra Pradesh,949177.7298369184
201505,Arunachal Pradesh,69136.58001341298
201505,Assam,275928.3105374705
201505,Bihar,321143.98975773156
201505,Chhattisgarh,401173.0098086186
201505,Delhi,219829.52999675274
201505,Goa,20725.500004924834
201505,Gujarat,729742.1098676417
201505,Haryana,382932.44974334165
201505,Himachal Pradesh,87787.03997923993
201505,Jammu and Kashmir,185768.31993962638
201505,Jharkhand,268062.97991643846
201505,Karnataka,804817.1198313236
201505,Kerala,104936.05996691622
201505,Madhya Pradesh,812718.8397976626
201505,Maharashtra,1011573.1697141789
201505,Manipur,23330.270003819838
201505,Meghalaya,41253.01999675669
201505,Mizoram,17018.790007941425
201505,Nagaland,21317.720005609095
201505,Orissa,432032.109801095
201505,Punjab,310201.1698066145
201505,Rajasthan,946962.5895597283
201505,Sikkim,8993.789993038401
201505,Tamil Nadu,671034.4596632719
201505,Tripura,31909.71999100037
201505,Uttar Pradesh,1071022.2995919436
201505,Uttaranchal,164779.47995932028
201505,West Bengal,463778.0395042468
201506,Andhra Pradesh,454049.5297989994
201506,Arunachal Pradesh,56837.40000095405
201506,Assam,230422.09987320937
201506,Bihar,279609.6998984646
201506,Chhattisgarh,274601.7798808012
201506,Delhi,203920.579941988
201506,Goa,18286.80001137592
201506,Gujarat,597699.0797583759
201506,Haryana,343600.79989104904
201506,Himachal Pradesh,77388.57998207398
201506,Jammu and Kashmir,82893.9499627091
201506,Jharkhand,224767.69992890954
201506,Karnataka,605852.1297102291
201506,Kerala,105623.46991696954
201506,Madhya Pradesh,526455.0297699496
201506,Maharashtra,690574.4699577205
201506,Manipur,17440.839998673648
201506,Meghalaya,31967.4199969247
201506,Mizoram,11566.709996914491
201506,Nagaland,18992.47999184765
201506,Orissa,358294.01991756074
201506,Punjab,293790.5798069779
201506,Rajasthan,797775.9297701847
201506,Sikkim,10028.759996863082
201506,Tamil Nadu,771885.7795377318
201506,Tripura,15184.389994429424
201506,Uttar Pradesh,887112.6999050304
201506,Uttaranchal,143278.1599779874
201506,West Bengal,427182.8298135698
201507,Andhra Pradesh,547179.7899346203
201507,Arunachal Pradesh,52442.849987069145
201507,Assam,222122.1202780176
201507,Bihar,231596.3398754932
201507,Chhattisgarh,147957.59998353198
201507,Delhi,201517.10994243622
201507,Goa,17296.93999452144
201507,Gujarat,651524.3398500085
201507,Haryana,310603.06987887435
201507,Himachal Pradesh,67140.96000564657
201507,Jammu and Kashmir,131087.15995721892
201507,Jharkhand,176615.00986114144
201507,Karnataka,698634.4397452194
201507,Kerala,87840.32995876111
201507,Madhya Pradesh,520874.0798571985
201507,Maharashtra,752055.2998240516
201507,Manipur,16588.71998919919
201507,Meghalaya,31848.03999841027
201507,Mizoram,15325.990002350882
201507,Nagaland,15872.809994537383
201507,Orissa,235524.85982962698
201507,Punjab,258896.04982982948
201507,Rajasthan,674423.839767227
201507,Sikkim,8041.659997258335
201507,Tamil Nadu,646735.1097054146
201507,Tripura,21744.04999465123
201507,Uttar Pradesh,775133.8298261911
201507,Uttaranchal,105680.56000995263
201507,West Bengal,348317.0998320505
201508,Andhra Pradesh,817446.4197206907
201508,Arunachal Pradesh,27134.909970441833
201508,Assam,156793.1100135129
201508,Bihar,190576.23989955522
201508,Chhattisgarh,224769.12992224284
201508,Delhi,187917.73988306522
201508,Goa,21086.690011143684
201508,Gujarat,576273.0699171256
201508,Haryana,326602.1198191438
201508,Himachal Pradesh,50465.969966780394
201508,Jammu and Kashmir,127349.43989029899
201508,Jharkhand,208604.58998997323
201508,Karnataka,815075.6299128644
201508,Kerala,135131.59989128448
201508,Madhya Pradesh,493092.61987450346
201508,Maharashtra,991985.6097888481
201508,Manipur,13593.149977480993
201508,Meghalaya,22976.55998395011
201508,Mizoram,8604.599988162518
201508,Nagaland,11059.779986906797
201508,Orissa,323429.3799190074
201508,Punjab,298942.34982336126
201508,Rajasthan,704380.2697481457
201508,Sikkim,4851.789994131774
201508,Tamil Nadu,724013.5495729502
201508,Tripura,19331.85997912474
201508,Uttar Pradesh,727717.2598678377
201508,Uttaranchal,86992.22994929366
201508,West Bengal,366155.04977635853
201509,Andhra Pradesh,1040917.4296191111
201509,Arunachal Pradesh,62019.24001737498
201509,Assam,216417.8394644037
201509,Bihar,283780.1798443664
201509,Chhattisgarh,290205.94995207526
201509,Delhi,208314.58993721008
201509,Goa,19317.809997072443
201509,Gujarat,714282.2898058575
201509,Haryana,398171.1999641098
201509,Himachal Pradesh,76408.96998776682
201509,Jammu and Kashmir,157480.89992257953
201509,Jharkhand,274378.75993210636
201509,Karnataka,713252.780087404
201509,Kerala,100821.60996102355
201509,Madhya Pradesh,651723.8299790174
201509,Maharashtra,884296.7496174201
201509,Manipur,20146.499993594363
201509,Meghalaya,31760.889992190525
201509,Mizoram,12938.269999358803
201509,Nagaland,16879.619997624308
201509,Orissa,395770.8698806409
201509,Punjab,339565.1398468241
201509,Rajasthan,921034.7398843374
201509,Sikkim,8791.469996178523
201509,Tamil Nadu,723718.5497313663
201509,Tripura,24874.15998479165
201509,Uttar Pradesh,862121.6799799204
201509,Uttaranchal,130231.26999153383
201509,West Bengal,446537.86987391673
201510,Andhra Pradesh,939037.1995801535
201510,Arunachal Pradesh,77077.55006770231
201510,Assam,280901.3198412135
201510,Bihar,358329.7797156684
201510,Chhattisgarh,427831.93985516205
201510,Delhi,234534.99002242088
201510,Goa,19903.989986432716
201510,Gujarat,826269.909744123
201510,Haryana,391415.3598733507
201510,Himachal Pradesh,95175.06996788085
201510,Jammu and Kashmir,227903.75996390916
201510,Jharkhand,290257.17995397374
201510,Karnataka,732917.1898836065
201510,Kerala,98832.90993537381
201510,Madhya Pradesh,875170.0697389469
201510,Maharashtra,1032948.7199146226
201510,Manipur,27822.89000478387
201510,Meghalaya,42696.479996372014
201510,Mizoram,19738.690009195358
201510,Nagaland,24521.00000965409
201510,Orissa,404551.3599959742
201510,Punjab,428328.0497071743
201510,Rajasthan,1104027.2696953379
201510,Sikkim,10803.220002088696
201510,Tamil Nadu,656508.1196909063
201510,Tripura,57706.369954371825
201510,Uttar Pradesh,1221956.0695664305
201510,Uttaranchal,159008.2099707257
201510,West Bengal,582097.119652953
201511,Andhra Pradesh,852974.8098595832
201511,Arunachal Pradesh,70657.15998907015
201511,Assam,315155.9701041542
201511,Bihar,583247.279666286
201511,Chhattisgarh,519014.57968790457
201511,Delhi,358062.4796847105
201511,Goa,24616.829992325976
201511,Gujarat,825814.2697271109
201511,Haryana,633993.9597753994
201511,Himachal Pradesh,115351.93002707511
201511,Jammu and Kashmir,267289.28027148545
201511,Jharkhand,383590.2999485582
201511,Karnataka,640267.4599049855
201511,Kerala,63400.05999226123
201511,Madhya Pradesh,968524.6197553575
201511,Maharashtra,1190866.2795380317
201511,Manipur,23225.079986415803
201511,Meghalaya,41219.62997763045
201511,Mizoram,12813.67999397777
201511,Nagaland,23477.340004293248
201511,Orissa,498143.7498607375
201511,Punjab,502959.7096593678
201511,Rajasthan,1423904.6496537682
201511,Sikkim,11535.949999930337
201511,Tamil Nadu,435330.4297768753
201511,Tripura,47240.019984129816
201511,Uttar Pradesh,2078706.6094689053
201511,Uttaranchal,271765.7800275218
201511,West Bengal,766265.3797336798
201512,Andhra Pradesh,909151.9498086777
201512,Arunachal Pradesh,91752.75004692003
201512,Assam,295952.93967920355
201512,Bihar,456930.09974307753
201512,Chhattisgarh,421254.13980236277
201512,Delhi,265584.6200809479
201512,Goa,24321.689993185923
201512,Gujarat,826319.969833361
201512,Haryana,467207.0599071011
201512,Himachal Pradesh,118005.03012946248
201512,Jammu and Kashmir,274774.73035264574
201512,Jharkhand,310760.37983619235
201512,Karnataka,757802.4397685602
201512,Kerala,94816.66994076036
201512,Madhya Pradesh,912103.8995898366
201512,Maharashtra,1096888.9796957392
201512,Manipur,22319.239993929863
201512,Meghalaya,42874.08998288028
201512,Mizoram,12731.559986855835
201512,Nagaland,33634.27000585385
201512,Orissa,470233.6399796214
201512,Punjab,427631.9697769731
201512,Rajasthan,1361301.3997694477
201512,Sikkim,12393.369996408
201512,Tamil Nadu,530025.9497939125
201512,Tripura,39942.61997814663
201512,Uttar Pradesh,1716305.489632303
201512,Uttaranchal,188004.1100101862
201512,West Bengal,550337.0097334329
201601,Andhra Pradesh,769192.7797715887
201601,Arunachal Pradesh,10515.039968049154
201601,Assam,219580.3097835593
201601,Bihar,337111.9897638075
201601,Chhattisgarh,340767.4099241346
201601,Delhi,229689.92000174522
201601,Goa,26723.32998755388
201601,Gujarat,745962.8998345844
201601,Haryana,396299.08999611065
201601,Himachal Pradesh,55234.65997325629
201601,Jammu and Kashmir,152318.87990976125
201601,Jharkhand,250684.80995566398
201601,Karnataka,674707.9398543388
201601,Kerala,74433.67995524779
201601,Madhya Pradesh,680495.9096690305
201601,Maharashtra,922188.3698227629
201601,Manipur,10809.599987806752
201601,Meghalaya,25167.769977862015
201601,Mizoram,4246.929998381063
201601,Nagaland,13139.439983749762
201601,Orissa,341626.14000483416
201601,Punjab,364868.8898502048
201601,Rajasthan,1035837.4095751774
201601,Sikkim,5382.249992676079
201601,Tamil Nadu,535084.2998980135
201601,Tripura,32862.28998779133
201601,Uttar Pradesh,1352453.0993801747
201601,Uttaranchal,128375.86991622671
201601,West Bengal,455782.869811276
201602,Andhra Pradesh,716014.2298230734
201602,Arunachal Pradesh,9438.649982543662
201602,Assam,181002.1698586922
201602,Bihar,400743.7298271544
201602,Chhattisgarh,317605.3898598254
201602,Delhi,256033.45993113518
201602,Goa,24030.90000192076
201602,Gujarat,782639.6396567672
201602,Haryana,382499.0898541622
201602,Himachal Pradesh,65747.079955481
201602,Jammu and Kashmir,171004.2099811416
201602,Jharkhand,251839.13992094249
201602,Karnataka,679546.399845155
201602,Kerala,75554.649937829
201602,Madhya Pradesh,684133.459706787
201602,Maharashtra,987017.4895606656
201602,Manipur,13127.659994618967
201602,Meghalaya,26203.8999775853
201602,Mizoram,3900.0199974253774
201602,Nagaland,11266.24999479577
201602,Orissa,333067.67978314124
201602,Punjab,385888.0098307319
201602,Rajasthan,1002811.4199549202
201602,Sikkim,4514.599992610514
201602,Tamil Nadu,554598.9497944564
201602,Tripura,32477.049973342568
201602,Uttar Pradesh,1507138.9491944648
201602,Uttaranchal,134355.19995781407
201602,West Bengal,476637.7799654305
201603,Andhra Pradesh,918523.8198923301
201603,Arunachal Pradesh,16092.52995707281
201603,Assam,202795.51989859343
201603,Bihar,376503.559809383
201603,Chhattisgarh,379261.6497435849
201603,Delhi,267400.4701844454
201603,Goa,24199.670001260936
201603,Gujarat,802969.3797295298
201603,Haryana,407006.540011812
201603,Himachal Pradesh,75967.0400132928
201603,Jammu and Kashmir,199707.29999314062
201603,Jharkhand,266501.80980094336
201603,Karnataka,784319.3298725225
201603,Kerala,101619.07996168174
201603,Madhya Pradesh,829831.7797290906
201603,Maharashtra,1114492.8398005702
201603,Manipur,21408.019991733134
201603,Meghalaya,38717.49997853488
201603,Mizoram,9380.89999035187
201603,Nagaland,14943.050006888807
201603,Orissa,461590.08997968957
201603,Punjab,372964.9398147594
201603,Rajasthan,1116845.3594711814
201603,Sikkim,5425.019993212074
201603,Tamil Nadu,676514.289796371
201603,Tripura,31896.39997521788
201603,Uttar Pradesh,1577381.0893692933
201603,Uttaranchal,156764.96995079517
201603,West Bengal,495908.86979211867
201604,Andhra Pradesh,916890.679947855
201604,Arunachal Pradesh,30401.299961568788
201604,Assam,235601.27967322245
201604,Bihar,374498.50975394994
201604,Chhattisgarh,412811.89986244217
201604,Delhi,234333.53997433186
201604,Goa,22234.889993634075
201604,Gujarat,862375.5397480428
201604,Haryana,411811.59985181876
201604,Himachal Pradesh,80928.54001851939
201604,Jammu and Kashmir,177328.69995165616
201604,Jharkhand,308380.57987318
201604,Karnataka,749229.8898166735
201604,Kerala,107003.38996663876
201604,Madhya Pradesh,1035713.8995630722
201604,Maharashtra,1072305.2995647434
201604,Manipur,25833.01997823082
201604,Meghalaya,33245.749986378476
201604,Mizoram,11005.819981543347
201604,Nagaland,16366.579992298037
201604,Orissa,442898.55982064083
201604,Punjab,365950.5298049096
201604,Rajasthan,1149319.609594565
201604,Sikkim,5893.289990993217
201604,Tamil Nadu,664603.8996246122
201604,Tripura,25499.249981105328
201604,Uttar Pradesh,1409209.069224162
201604,Uttaranchal,170174.60995333083
201604,West Bengal,454835.4598000981
201605,Andhra Pradesh,1041291.339482177
201605,Arunachal Pradesh,54172.45998161286
201605,Assam,243725.68003460765
201605,Bihar,388716.2397063412
201605,Chhattisgarh,429921.1998453457
201605,Delhi,194608.26983880997
201605,Goa,26093.989992303774
201605,Gujarat,818668.0197715051
201605,Haryana,364032.9099113196
201605,Himachal Pradesh,95054.23998897336
201605,Jammu and Kashmir,205905.72999915108
201605,Jharkhand,277860.19991010055
201605,Karnataka,835636.1198838707
201605,Kerala,113531.39994848892
201605,Madhya Pradesh,990310.0496496093
201605,Maharashtra,1197572.0995321758
201605,Manipur,26112.269989367574
201605,Meghalaya,38347.169998506084
201605,Mizoram,16555.42999773845
201605,Nagaland,21850.860002556816
201605,Orissa,445202.4999472853
201605,Punjab,309620.91977111995
201605,Rajasthan,1111785.3297315761
201605,Sikkim,9634.490001989529
201605,Tamil Nadu,775561.5495913737
201605,Tripura,26418.67997782491
201605,Uttar Pradesh,1208931.8593083397
201605,Uttaranchal,142043.09998590685
201605,West Bengal,473272.4696423765
201606,Andhra Pradesh,826402.9697538763
201606,Arunachal Pradesh,43389.659990821034
201606,Assam,215596.030186072
201606,Bihar,326416.17976918817
201606,Chhattisgarh,319083.269898884
201606,Delhi,190945.27001082897
201606,Goa,8393.749991826713
201606,Gujarat,727817.829728961
201606,Haryana,330760.8199131768
201606,Himachal Pradesh,69436.59998140112
201606,Jammu and Kashmir,165377.81998161227
201606,Jharkhand,257199.81995275058
201606,Karnataka,580369.6498303823
201606,Kerala,97846.37992452271
201606,Madhya Pradesh,734683.1397818904
201606,Maharashtra,957955.8897030056
201606,Manipur,23938.909985462204
201606,Meghalaya,31583.929995693266
201606,Mizoram,12356.439996087924
201606,Nagaland,17122.2600051146
201606,Orissa,406284.2998819072
201606,Punjab,277789.80983794294
201606,Rajasthan,903192.2496608403
201606,Sikkim,8227.949993079528
201606,Tamil Nadu,673710.8696953263
201606,Tripura,27261.889977084473
201606,Uttar Pradesh,1026671.6294926889
201606,Uttaranchal,109555.13996130414
201606,West Bengal,490555.01987966336
201607,Andhra Pradesh,576889.7297972571
201607,Arunachal Pradesh,25080.69996549934
201607,Assam,139859.5201132726
201607,Bihar,312055.70980796777
201607,Chhattisgarh,133876.46998733282
201607,Delhi,171060.6199876666
201607,Goa,13018.549993291497
201607,Gujarat,431754.1397812478
201607,Haryana,301501.7898544017
201607,Himachal Pradesh,51709.03998355754
201607,Jammu and Kashmir,139769.3398864176
201607,Jharkhand,181794.28990025446
201607,Karnataka,521173.0899586752
201607,Kerala,83420.19993467629
201607,Madhya Pradesh,201541.71988128312
201607,Maharashtra,427773.40987271443
201607,Manipur,15893.369982918724
201607,Meghalaya,18569.729989428073
201607,Mizoram,8727.09998674877
201607,Nagaland,11823.859990606084
201607,Orissa,202783.7599596735
201607,Punjab,280040.7497982271
201607,Rajasthan,521958.06972939894
201607,Sikkim,2103.8199975937605
201607,Tamil Nadu,617863.1496314611
201607,Tripura,20144.30998907797
201607,Uttar Pradesh,909099.8195115421
201607,Uttaranchal,87992.87995905243
201607,West Bengal,368117.0400739759
201608,Andhra Pradesh,804691.3997517899
201608,Arunachal Pradesh,23747.58993180655
201608,Assam,190952.66983363032
201608,Bihar,258897.14986360073
201608,Chhattisgarh,280015.01989869773
201608,Delhi,193770.39004963636
201608,Goa,15074.039989195764
201608,Gujarat,416017.5200195275
201608,Haryana,315310.82003647834
201608,Himachal Pradesh,38282.22996853292
201608,Jammu and Kashmir,116206.11987952888
201608,Jharkhand,226917.24997866713
201608,Karnataka,650612.4800000265
201608,Kerala,125243.53990165703
201608,Madhya Pradesh,450176.7299003396
201608,Maharashtra,646470.2997855563
201608,Manipur,17748.909975769
201608,Meghalaya,27661.39999282919
201608,Mizoram,9027.369984675199
201608,Nagaland,12042.529997494072
201608,Orissa,356053.6900854502
201608,Punjab,296882.5098450016
201608,Rajasthan,602251.3698460832
201608,Sikkim,5338.729995293543
201608,Tamil Nadu,779160.2796520144
201608,Tripura,21869.379974430427
201608,Uttar Pradesh,920902.5596766062
201608,Uttaranchal,103217.42000928707
201608,West Bengal,430083.2100021783
201609,Andhra Pradesh,1020009.3596577682
201609,Arunachal Pradesh,52844.66999717243
201609,Assam,204470.11996451393
201609,Bihar,377809.8296537977
201609,Chhattisgarh,234090.56989752688
201609,Delhi,195987.90007340908
201609,Goa,22113.539999788627
201609,Gujarat,689446.7399387602
201609,Haryana,388475.4898112118
201609,Himachal Pradesh,77342.36999721825
201609,Jammu and Kashmir,174059.2199055534
201609,Jharkhand,290114.6998753939
201609,Karnataka,747671.4995895121
201609,Kerala,98716.30996208079
201609,Madhya Pradesh,689849.5098087415
201609,Maharashtra,999357.5397673249
201609,Manipur,24451.240002334118
201609,Meghalaya,38696.219996433705
201609,Mizoram,17340.14000304416
201609,Nagaland,22087.909999968484
201609,Orissa,384815.2797957361
201609,Punjab,345344.44971647114
201609,Rajasthan,948340.8500067983
201609,Sikkim,6492.360000690445
201609,Tamil Nadu,595714.2895985972
201609,Tripura,30369.28998630494
201609,Uttar Pradesh,1086440.8493994698
201609,Uttaranchal,126313.68000401743
201609,West Bengal,454020.1896633897
201610,Andhra Pradesh,939672.7297006231
201610,Arunachal Pradesh,67127.74002442509
201610,Assam,270797.15973174386
201610,Bihar,504193.17974290997
201610,Chhattisgarh,511594.50979098305
201610,Delhi,259372.14997923374
201610,Goa,22213.34998943284
201610,Gujarat,834556.1997606121
201610,Haryana,486528.90975672007
201610,Himachal Pradesh,122062.0099030491
201610,Jammu and Kashmir,268672.81981754303
201610,Jharkhand,328366.03998081386
201610,Karnataka,754229.5498529524
201610,Kerala,105779.96995196119
201610,Madhya Pradesh,1062583.4095208012
201610,Maharashtra,1184324.1697846781
201610,Manipur,28507.060009106994
201610,Meghalaya,41117.13000034541
201610,Mizoram,15898.810000775382
201610,Nagaland,20901.420000754297
201610,Orissa,422971.98990594037
201610,Punjab,485453.9298674315
201610,Rajasthan,1359251.4995468892
201610,Sikkim,11864.499996179715
201610,Tamil Nadu,632396.8497737963
201610,Tripura,47136.01997915842
201610,Uttar Pradesh,1991420.1492636353
201610,Uttaranchal,235676.49003573693
201610,West Bengal,699488.5399212446
201611,Andhra Pradesh,795163.119832512
201611,Arunachal Pradesh,20637.029919473454
201611,Assam,263858.01019900106
201611,Bihar,575177.999799421
201611,Chhattisgarh,351359.69987206906
201611,Delhi,239157.27014362812
201611,Goa,24597.860006069764
201611,Gujarat,763445.5600367822
201611,Haryana,390923.03992762417
201611,Himachal Pradesh,86081.1999932807
201611,Jammu and Kashmir,219962.0099960994
201611,Jharkhand,324287.6998762302
201611,Karnataka,695064.7897747234
201611,Kerala,70556.24997126311
201611,Madhya Pradesh,809536.2796068545
201611,Maharashtra,1026878.4795391336
201611,Manipur,17289.549974545836
201611,Meghalaya,26721.749982450157
201611,Mizoram,4755.68998817727
201611,Nagaland,13941.87999032624
201611,Orissa,376235.96993847564
201611,Punjab,439173.6999587044
201611,Rajasthan,1028905.1796554327
201611,Sikkim,7877.789986958727
201611,Tamil Nadu,512686.13983453996
201611,Tripura,38565.289981668815
201611,Uttar Pradesh,1972239.0796520058
201611,Uttaranchal,178097.19994361512
201611,West Bengal,568887.2098274063
201612,Andhra Pradesh,825206.8898354843
201612,Arunachal Pradesh,18675.619977885857
201612,Assam,248524.34974407777
201612,Bihar,378982.3997280244
201612,Chhattisgarh,348707.3299717698
201612,Delhi,217633.1298930645
201612,Goa,28560.920005057007
201612,Gujarat,897846.6698154882
201612,Haryana,332656.9300384894
201612,Himachal Pradesh,75958.9499876406
201612,Jammu and Kashmir,210435.22995498963
201612,Jharkhand,279650.0699137468
201612,Karnataka,711862.259939
201612,Kerala,87535.42997966893
201612,Madhya Pradesh,731786.4495830741
201612,Maharashtra,960825.4196713623
201612,Manipur,19090.139999838546
201612,Meghalaya,29806.43997757323
201612,Mizoram,5155.239999150857
201612,Nagaland,20726.549980290234
201612,Orissa,359940.3698822502
201612,Punjab,372761.5899170842
201612,Rajasthan,904409.7097640801
201612,Sikkim,6784.280000036582
201612,Tamil Nadu,541299.8298427016
201612,Tripura,37586.489997550845
201612,Uttar Pradesh,1664113.4892263822
201612,Uttaranchal,137454.82989908755
201612,West Bengal,512348.7897716798
201701,Andhra Pradesh,910180.9497522879
201701,Arunachal Pradesh,64174.099966360256
201701,Assam,300048.97986881435
201701,Bihar,466491.31972081773
201701,Chhattisgarh,400333.0298715234
201701,Delhi,212085.3699529171
201701,Goa,27810.479985836893
201701,Gujarat,924187.4506365713
201701,Haryana,354829.85994786024
201701,Himachal Pradesh,118772.71009416506
201701,Jammu and Kashmir,327620.94983152486
201701,Jharkhand,355242.73992195167
201701,Karnataka,815122.669649126
201701,Kerala,100196.93993329816
201701,Madhya Pradesh,923919.0096319318
201701,Maharashtra,1163418.7595224679
201701,Manipur,30205.890001507476
201701,Meghalaya,41058.269991895184
201701,Mizoram,12294.889983097091
201701,Nagaland,25267.449982598424
201701,Orissa,447359.27983997576
201701,Punjab,416731.0498243645
201701,Rajasthan,1047877.2097989507
201701,Sikkim,11586.940000720322
201701,Tamil Nadu,625129.1797802467
201701,Tripura,45103.66997081414
201701,Uttar Pradesh,1991735.0392872822
201701,Uttaranchal,174842.96995219402
201701,West Bengal,622059.6198067255
201702,Andhra Pradesh,1158959.1195798032
201702,Arunachal Pradesh,68591.11001521349
201702,Assam,270157.9899624251
201702,Bihar,535507.5396908615
201702,Chhattisgarh,494957.89990521036
201702,Delhi,270736.42991542816
201702,Goa,26698.719995327294
201702,Gujarat,1002808.0897977185
201702,Haryana,410992.63971600495
201702,Himachal Pradesh,147363.02003198676
201702,Jammu and Kashmir,337393.3897611704
201702,Jharkhand,404408.2299078461
201702,Karnataka,951993.569467416
201702,Kerala,134642.87994975224
201702,Madhya Pradesh,1099410.3795178607
201702,Maharashtra,1369272.2295847777
201702,Manipur,31731.839984614402
201702,Meghalaya,45611.10000148974
201702,Mizoram,15997.049990218133
201702,Nagaland,24297.35000672564
201702,Orissa,573502.4599847402
201702,Punjab,467780.53981392086
201702,Rajasthan,1398221.849545259
201702,Sikkim,11226.660002674907
201702,Tamil Nadu,722223.4897839446
201702,Tripura,49825.02998620272
201702,Uttar Pradesh,2319112.35926605
201702,Uttaranchal,201363.1900452394
201702,West Bengal,672883.0797245838
201703,Andhra Pradesh,1161611.4396165386
201703,Arunachal Pradesh,86025.12004181743
201703,Assam,281709.72979000583
201703,Bihar,457300.5696371794
201703,Chhattisgarh,518858.5896467641
201703,Delhi,248472.21010875702
201703,Goa,26309.46000429243
201703,Gujarat,946980.4397464115
201703,Haryana,407065.459872745
201703,Himachal Pradesh,133924.63020130433
201703,Jammu and Kashmir,294765.56056154706
201703,Jharkhand,373543.65976180136
201703,Karnataka,956754.8497875482
201703,Kerala,135926.43992635235
201703,Madhya Pradesh,1219473.2792488039
201703,Maharashtra,1369160.4492606595
201703,Manipur,37161.35002620891
201703,Meghalaya,58942.909980062395
201703,Mizoram,24468.580031791702
201703,Nagaland,29761.13999354653
201703,Orissa,582135.9697462842
201703,Punjab,452777.569790408
201703,Rajasthan,1358490.9993014913
201703,Sikkim,13109.759992346168
201703,Tamil Nadu,766278.8096190058
201703,Tripura,39210.89997369796
201703,Uttar Pradesh,1977447.9390973449
201703,Uttaranchal,188489.41997357458
201703,West Bengal,564958.2596337888
201704,Andhra Pradesh,1286641.1884637326
201704,Arunachal Pradesh,112379.53012776561
201704,Assam,275187.25967981294
201704,Bihar,532329.1096194237
201704,Chhattisgarh,606574.5095142573
201704,Delhi,225355.66999733448
201704,Goa,30950.47998458147
201704,Gujarat,1059249.379405409
201704,Haryana,431824.65976667404
201704,Himachal Pradesh,138783.35012070462
201704,Jammu and Kashmir,297114.22040947713
201704,Jharkhand,376718.3397682309
201704,Karnataka,1057765.3988050371
201704,Kerala,162725.8397679329
201704,Madhya Pradesh,1590767.2985153496
201704,Maharashtra,1624059.1683782786
201704,Manipur,51003.200002146885
201704,Meghalaya,48858.79000721127
201704,Mizoram,36344.16006695293
201704,Nagaland,38663.799953617156
201704,Orissa,592551.3094639182
201704,Punjab,414450.339789778
201704,Rajasthan,1494507.0294311643
201704,Sikkim,14942.020015114918
201704,Tamil Nadu,810690.8895907551
201704,Tripura,35228.049961455166
201704,Uttar Pradesh,2006927.3789061904
201704,Uttaranchal,213654.93006677926
201704,West Bengal,544795.3497268558
201705,Andhra Pradesh,1153814.1288686432
201705,Arunachal Pradesh,142060.57983469963
201705,Assam,283828.2197620515
201705,Bihar,521541.5295715183
201705,Chhattisgarh,508469.9098280147
201705,Delhi,194946.36988794804
201705,Goa,27506.41998130083
201705,Gujarat,1021607.6191585511
201705,Haryana,392165.06981626153
201705,Himachal Pradesh,149004.8399323225
201705,Jammu and Kashmir,291041.0403142851
201705,Jharkhand,365708.3196758777
201705,Karnataka,934238.7291533947
201705,Kerala,144774.45981092192
201705,Madhya Pradesh,1258406.6886854917
201705,Maharashtra,1454902.1683071107
201705,Manipur,55762.24002266489
201705,Meghalaya,64340.8998957444
201705,Mizoram,38883.59014677629
201705,Nagaland,39372.77999450825
201705,Orissa,590203.1292849034
201705,Punjab,373914.85976174474
201705,Rajasthan,1316523.2188575119
201705,Sikkim,16100.22001067549
201705,Tamil Nadu,798711.259419797
201705,Tripura,42721.61995923519
201705,Uttar Pradesh,1719831.908903718
201705,Uttaranchal,203780.99976547807
201705,West Bengal,578822.6996193752
201706,Andhra Pradesh,1186062.048517244
201706,Arunachal Pradesh,135906.84008503146
201706,Assam,232201.04989051074
201706,Bihar,485018.5495968908
201706,Chhattisgarh,452757.4696618356
201706,Delhi,192669.21007990837
201706,Goa,22310.379990549758
201706,Gujarat,818735.0894777272
201706,Haryana,353413.42981669307
201706,Himachal Pradesh,120989.530120641
201706,Jammu and Kashmir,171673.01000693813
201706,Jharkhand,334401.2393351346
201706,Karnataka,887621.4394380786
201706,Kerala,93438.67993161641
201706,Madhya Pradesh,1031600.2691548951
201706,Maharashtra,1079362.7487260979
201706,Manipur,41203.31001711637
201706,Meghalaya,47149.080015633255
201706,Mizoram,22700.00000726059
201706,Nagaland,31000.61999268271
201706,Orissa,497844.9294091482
201706,Punjab,326874.0296961367
201706,Rajasthan,1118361.0900744572
201706,Sikkim,12195.970007045195
201706,Tamil Nadu,780214.9897086117
201706,Tripura,19310.26999278553
201706,Uttar Pradesh,1573897.7789020538
201706,Uttaranchal,171464.82007404603
201706,West Bengal,505024.1996197775
201707,Andhra Pradesh,849224.2595159393
201707,Arunachal Pradesh,103367.78007375635
201707,Assam,206135.1198544111
201707,Bihar,317987.63957809657
201707,Chhattisgarh,251628.2799386587
201707,Delhi,179002.03996515274
201707,Goa,20782.589984970167
201707,Gujarat,503094.84001173265
201707,Haryana,351840.7097739801
201707,Himachal Pradesh,121375.17011548951
201707,Jammu and Kashmir,241875.55000641197
201707,Jharkhand,149282.81990720145
201707,Karnataka,804508.6197855584
201707,Kerala,110902.15995056927
201707,Madhya Pradesh,542236.85005817
201707,Maharashtra,900929.2296712622
201707,Manipur,35675.070007370785
201707,Meghalaya,44566.22996936366
201707,Mizoram,24141.22001862526
201707,Nagaland,22076.5200115256
201707,Orissa,298235.35983993486
201707,Punjab,352120.58974021673
201707,Rajasthan,863120.9998065662
201707,Sikkim,12706.240005485713
201707,Tamil Nadu,704826.509520378
201707,Tripura,23413.389976261184
201707,Uttar Pradesh,1153339.6193543859
201707,Uttaranchal,136546.59002249874
201707,West Bengal,411856.239527341
201708,Andhra Pradesh,1034966.6790261809
201708,Arunachal Pradesh,141384.9503063485
201708,Assam,266091.09987105615
201708,Bihar,385778.71961152926
201708,Chhattisgarh,431016.5997759141
201708,Delhi,193760.81999397278
201708,Goa,23420.299990728498
201708,Gujarat,783176.7690813038
201708,Haryana,399246.5098017454
201708,Himachal Pradesh,153459.30969250202
201708,Jammu and Kashmir,319094.0494960584
201708,Jharkhand,328915.30970461294
201708,Karnataka,568655.1496445201
201708,Kerala,228804.8316469863
201708,Madhya Pradesh,952676.0587312095
201708,Maharashtra,1213059.598739136
201708,Manipur,47664.12005176023
201708,Meghalaya,59551.709932619706
201708,Mizoram,35005.55007903464
201708,Nagaland,33674.55003975704
201708,Orissa,540251.1494361665
201708,Punjab,405606.98987942934
201708,Rajasthan,1143433.8790004998
201708,Sikkim,13126.230016710237
201708,Tamil Nadu,594206.3996810671
201708,Tripura,23664.19997666776
201708,Uttar Pradesh,1364441.6188982874
201708,Uttaranchal,180600.5898871217
201708,West Bengal,460257.4697948899
201709,Andhra Pradesh,1069015.4592008237
201709,Arunachal Pradesh,147390.1003709901
201709,Assam,257293.40984274447
201709,Bihar,460291.1495992094
201709,Chhattisgarh,560417.5998337641
201709,Delhi,204079.19998073578
201709,Goa,26992.349977009
201709,Gujarat,1132709.409313351
201709,Haryana,464504.3298994601
201709,Himachal Pradesh,160238.5997768864
201709,Jammu and Kashmir,323392.8905300312
201709,Jharkhand,337246.38982051983
201709,Karnataka,873640.2694049776
201709,Kerala,138252.5799356904
201709,Madhya Pradesh,1204326.478220936
201709,Maharashtra,1314562.5985368695
201709,Manipur,49053.16004584916
201709,Meghalaya,49123.64004691318
201709,Mizoram,35379.41008789837
201709,Nagaland,33697.21003955789
201709,Orissa,529321.1496510804
201709,Punjab,459293.4499759674
201709,Rajasthan,1506277.3170289584
201709,Sikkim,14603.870026169345
201709,Tamil Nadu,691500.0794404354
201709,Tripura,37748.719995686784
201709,Uttar Pradesh,1587765.0390399098
201709,Uttaranchal,208882.23961138353
201709,West Bengal,568951.9396123141
201710,Andhra Pradesh,1192683.1886510253
201710,Arunachal Pradesh,192450.00920057297
201710,Assam,350338.0593778342
201710,Bihar,796481.2796995938
201710,Chhattisgarh,571551.8294167817
201710,Delhi,255567.93979120255
201710,Goa,28527.769990712404
201710,Gujarat,1073932.849292919
201710,Haryana,590150.8298725486
201710,Himachal Pradesh,200413.49936231226
201710,Jammu and Kashmir,442838.95876677334
201710,Jharkhand,424798.42940180004
201710,Karnataka,963275.6690874677
201710,Kerala,143514.30993351713
201710,Madhya Pradesh,1331461.307666272
201710,Maharashtra,1471514.8481245115
201710,Manipur,68348.88972843811
201710,Meghalaya,71896.27975939214
201710,Mizoram,52403.259764248505
201710,Nagaland,49977.37978069484
201710,Orissa,622444.9889715463
201710,Punjab,628289.0797349215
201710,Rajasthan,1766225.6571388189
201710,Sikkim,21532.679925709963
201710,Tamil Nadu,704967.7696564887
201710,Tripura,54402.83992624283
201710,Uttar Pradesh,2342632.0290141404
201710,Uttaranchal,301692.82949819416
201710,West Bengal,670376.1396692693
201711,Andhra Pradesh,1072022.2292609438
201711,Arunachal Pradesh,135318.28035938367
201711,Assam,307077.4999970794
201711,Bihar,682479.2196758538
201711,Chhattisgarh,519782.0598530434
201711,Delhi,234286.6900279522
201711,Goa,28123.569993048906
201711,Gujarat,1026349.9199125022
201711,Haryana,499634.83981855214
201711,Himachal Pradesh,168475.9897030592
201711,Jammu and Kashmir,357788.4396482464
201711,Jharkhand,424742.82983947545
201711,Karnataka,875877.6096063815
201711,Kerala,124864.5599588938
201711,Madhya Pradesh,1231473.1291033104
201711,Maharashtra,1323947.4092921838
201711,Manipur,50017.310067497194
201711,Meghalaya,59586.40002554655
201711,Mizoram,34497.5800647717
201711,Nagaland,35436.55007126741
201711,Orissa,555100.1196482256
201711,Punjab,455198.80983272195
201711,Rajasthan,1456304.279478062
201711,Sikkim,15503.08002178371
201711,Tamil Nadu,619267.7094931919
201711,Tripura,46018.509976789355
201711,Uttar Pradesh,2318428.449053094
201711,Uttaranchal,233666.57994357497
201711,West Bengal,671182.3196896687
201712,Andhra Pradesh,1043053.0495841
201712,Arunachal Pradesh,70400.69996649958
201712,Assam,268225.9597328063
201712,Bihar,520892.0497001894
201712,Chhattisgarh,470883.4399040751
201712,Delhi,213665.7300916314
201712,Goa,34644.00000116043
201712,Gujarat,917537.1297823545
201712,Haryana,390899.00995671004
201712,Himachal Pradesh,123963.9202247709
201712,Jammu and Kashmir,291650.98034314066
201712,Jharkhand,375842.4998828601
201712,Karnataka,887166.0497564506
201712,Kerala,137986.65990087762
201712,Madhya Pradesh,1048799.499475101
201712,Maharashtra,1274609.909582397
201712,Manipur,35230.579983424395
201712,Meghalaya,48236.46000154875
201712,Mizoram,18247.109990928322
201712,Nagaland,33758.759997738525
201712,Orissa,481116.39982390404
201712,Punjab,394817.96982739866
201712,Rajasthan,1143976.8996805344
201712,Sikkim,11647.999987384304
201712,Tamil Nadu,639671.6497757304
201712,Tripura,44962.299986276776
201712,Uttar Pradesh,2014626.1792128347
201712,Uttaranchal,177511.3399712965
201712,West Bengal,621350.239493465
201801,Andhra Pradesh,1017914.6996667478
201801,Arunachal Pradesh,74794.64004043303
201801,Assam,262606.5798439365
201801,Bihar,501734.4198089875
201801,Chhattisgarh,460591.0299913194
201801,Delhi,230988.64997535944
201801,Goa,29204.939999200404
201801,Gujarat,883482.379722286
201801,Haryana,430520.1598541066
201801,Himachal Pradesh,123523.81000141427
201801,Jammu and Kashmir,274526.1700867582
201801,Jharkhand,373253.0197322685
201801,Karnataka,866923.7898675781
201801,Kerala,118106.63996616937
201801,Madhya Pradesh,1058302.409560455
201801,Maharashtra,1285625.569653403
201801,Manipur,34217.38997478038
201801,Meghalaya,44751.26000066474
201801,Mizoram,14722.949991347268
201801,Nagaland,25025.280007340014
201801,Orissa,481746.1297961511
201801,Punjab,440723.25966110826
201801,Rajasthan,1177225.399609277
201801,Sikkim,9667.839993022382
201801,Tamil Nadu,648704.0996845253
201801,Tripura,42939.34998377226
201801,Uttar Pradesh,1818671.0592153296
201801,Uttaranchal,169337.2899384182
201801,West Bengal,648183.4797194358
201802,Andhra Pradesh,1261935.2192962747
201802,Arunachal Pradesh,108246.79005034827
201802,Assam,304870.4296615459
201802,Bihar,580370.5596503466
201802,Chhattisgarh,502182.8697692789
201802,Delhi,248278.1801021099
201802,Goa,31319.549990832806
201802,Gujarat,1065897.3293655328
201802,Haryana,456429.13974033296
201802,Himachal Pradesh,150049.22015782818
201802,Jammu and Kashmir,306917.8604133688
201802,Jharkhand,411244.76986617595
201802,Karnataka,996155.8097946085
201802,Kerala,141911.44993171096
201802,Madhya Pradesh,1242717.6992364004
201802,Maharashtra,1463456.8489196412
201802,Manipur,45834.2399730254
201802,Meghalaya,61710.84998060763
201802,Mizoram,27026.319977983832
201802,Nagaland,34034.42999853566
201802,Orissa,617381.3497290984
201802,Punjab,455236.04983480275
201802,Rajasthan,1429294.6992909648
201802,Sikkim,13544.569999897853
201802,Tamil Nadu,742179.9397074543
201802,Tripura,54816.48998758942
201802,Uttar Pradesh,2204946.8890028894
201802,Uttaranchal,210576.1900597345
201802,West Bengal,653510.1996452659
201803,Andhra Pradesh,1152499.789239034
201803,Arunachal Pradesh,135575.5502564218
201803,Assam,311365.79996311665
201803,Bihar,635841.2695743889
201803,Chhattisgarh,575637.6196562052
201803,Delhi,234149.10008752346
201803,Goa,31699.55998775363
201803,Gujarat,1036399.6195659861
201803,Haryana,482152.4398729801
201803,Himachal Pradesh,149555.13004634716
201803,Jammu and Kashmir,322263.8902690578
201803,Jharkhand,443623.49974978715
201803,Karnataka,938689.2793683186
201803,Kerala,152577.84993147478
201803,Madhya Pradesh,1253589.4291624576
201803,Maharashtra,1439617.6492780894
201803,Manipur,53077.46000577137
201803,Meghalaya,72867.88996994495
201803,Mizoram,34037.61998294294
201803,Nagaland,39612.4200245291
201803,Orissa,649155.3294224516
201803,Punjab,457468.7697827816
201803,Rajasthan,1463072.8695292417
201803,Sikkim,15281.5800165236
201803,Tamil Nadu,740277.7195045464
201803,Tripura,51629.86996883154
201803,Uttar Pradesh,2033595.2690968812
201803,Uttaranchal,203942.10008751787
201803,West Bengal,586645.62961784
201804,Andhra Pradesh,1398679.608452499
201804,Arunachal Pradesh,137482.20029527135
201804,Assam,312184.3196156565
201804,Bihar,701358.3896184266
201804,Chhattisgarh,591788.509335041
201804,Delhi,222175.0299745798
201804,Goa,33828.94997854531
201804,Gujarat,1132375.619081445
201804,Haryana,484914.0097513497
201804,Himachal Pradesh,144562.030125916
201804,Jammu and Kashmir,280729.0403516926
201804,Jharkhand,414096.86953532696
201804,Karnataka,1091654.60898228
201804,Kerala,155395.74982526526
201804,Madhya Pradesh,1682697.388144344
201804,Maharashtra,1668654.6080955043
201804,Manipur,57099.92003035545
201804,Meghalaya,64144.03992958367
201804,Mizoram,41222.540124848485
201804,Nagaland,40346.95000464469
201804,Orissa,636161.2190782279
201804,Punjab,464358.1898149848
201804,Rajasthan,1643394.5877793618
201804,Sikkim,18258.909955838695
201804,Tamil Nadu,847500.8094270006
201804,Tripura,46100.66995982826
201804,Uttar Pradesh,2249185.358908057
201804,Uttaranchal,219522.96991719492
201804,West Bengal,609370.9196502324
201805,Andhra Pradesh,1274315.0191201102
201805,Arunachal Pradesh,119250.9101779405
201805,Assam,269766.9297488108
201805,Bihar,580242.5196156502
201805,Chhattisgarh,491141.65979880095
201805,Delhi,187639.06999337673
201805,Goa,28021.569996898994
201805,Gujarat,1044948.9396655113
201805,Haryana,360823.6298018247
201805,Himachal Pradesh,161116.800044775
201805,Jammu and Kashmir,307566.8403575048
201805,Jharkhand,363765.2997264266
201805,Karnataka,696007.6493238453
201805,Kerala,46671.70994715765
201805,Madhya Pradesh,1295095.8584984913
201805,Maharashtra,1459785.3584924098
201805,Manipur,44041.710039105266
201805,Meghalaya,56607.700021209195
201805,Mizoram,33275.32008765079
201805,Nagaland,30261.62001489848
201805,Orissa,576907.889378801
201805,Punjab,384110.769701764
201805,Rajasthan,1320206.0493140072
201805,Sikkim,15981.53002154082
201805,Tamil Nadu,412113.0198537521
201805,Tripura,38929.14996877313
201805,Uttar Pradesh,1650920.9089308903
201805,Uttaranchal,210186.69994358905
201805,West Bengal,574870.8496737704
201807,Andhra Pradesh,691990.9688923284
201807,Arunachal Pradesh,101198.21005328745
201807,Assam,236837.739584025
201807,Bihar,426065.84969698265
201807,Chhattisgarh,182132.60993300378
201807,Delhi,183081.48995375633
201807,Goa,19150.64998152852
201807,Gujarat,152233.26994474605
201807,Haryana,320741.6597752571
201807,Himachal Pradesh,120262.32008690014
201807,Jammu and Kashmir,240597.76008209772
201807,Jharkhand,284175.9598988984
201807,Karnataka,730337.3890055176
201807,Kerala,62610.249946599826
201807,Madhya Pradesh,311728.8498076424
201807,Maharashtra,325935.5795304682
201807,Manipur,46759.00000025518
201807,Meghalaya,41277.72996051796
201807,Mizoram,33731.660033077
201807,Nagaland,34625.060008184984
201807,Orissa,397756.42970505916
201807,Punjab,337270.6398348361
201807,Rajasthan,455215.54981045425
201807,Sikkim,11899.379983773455
201807,Tamil Nadu,572371.1895054374
201807,Tripura,35688.00994708575
201807,Uttar Pradesh,1215669.0992075
201807,Uttaranchal,143202.10998998024
201807,West Bengal,476432.3196680434
201808,Andhra Pradesh,852249.9389881212
201808,Arunachal Pradesh,90144.57005316578
201808,Assam,208375.8698307611
201808,Bihar,378170.5596148949
201808,Chhattisgarh,282298.6498151049
201808,Delhi,187581.01998609304
201808,Goa,16140.389982396737
201808,Gujarat,649394.9195542224
201808,Haryana,360469.9397994727
201808,Himachal Pradesh,113778.15001176484
201808,Jammu and Kashmir,240113.2600032445
201808,Jharkhand,269534.15989765525
201808,Karnataka,788888.8589613196
201808,Kerala,50932.74995018728
201808,Madhya Pradesh,514537.35971341096
201808,Maharashtra,657879.959358437
201808,Manipur,36427.41001008637
201808,Meghalaya,42056.820003539324
201808,Mizoram,30040.920038966462
201808,Nagaland,25933.370007665828
201808,Orissa,424365.3398105856
201808,Punjab,383929.8598154783
201808,Rajasthan,935984.4699588809
201808,Sikkim,7191.480002867058
201808,Tamil Nadu,661308.3196841534
201808,Tripura,31030.569971373305
201808,Uttar Pradesh,1160230.9893064257
201808,Uttaranchal,122669.88000906445
201808,West Bengal,460203.6196996886
201809,Andhra Pradesh,1375728.3791451994
201809,Arunachal Pradesh,121136.24014988542
201809,Assam,272074.45982629247
201809,Bihar,432689.02959273756
201809,Chhattisgarh,502202.00984752737
201809,Delhi,191492.03991508484
201809,Goa,27524.719997186214
201809,Gujarat,954183.5394337252
201809,Haryana,399952.82978753746
201809,Himachal Pradesh,116977.64997948706
201809,Jammu and Kashmir,261207.44992410578
201809,Jharkhand,282815.7199478261
201809,Karnataka,992675.999856282
201809,Kerala,159110.58993150108
201809,Madhya Pradesh,1055265.5890967995
201809,Maharashtra,1411210.7088278532
201809,Manipur,49118.720031501725
201809,Meghalaya,56532.64998861402
201809,Mizoram,38044.86008607969
201809,Nagaland,32610.68001994118
201809,Orissa,512459.5797443241
201809,Punjab,403127.279748857
201809,Rajasthan,1214751.8099118173
201809,Sikkim,13583.170018274337
201809,Tamil Nadu,793192.0595712792
201809,Tripura,42077.8099572435
201809,Uttar Pradesh,1408338.668908827
201809,Uttaranchal,163621.39998278767
201809,West Bengal,477572.4594613761
201810,Andhra Pradesh,1217969.5496231653
201810,Arunachal Pradesh,143661.42009634525
201810,Assam,284057.12983752973
201810,Bihar,615210.0596479774
201810,Chhattisgarh,525176.3198366631
201810,Delhi,209937.58996129036
201810,Goa,24778.78999428451
201810,Gujarat,1052701.2496547736
201810,Haryana,472508.19986941665
201810,Himachal Pradesh,162397.41985129565
201810,Jammu and Kashmir,353727.5297826398
201810,Jharkhand,380071.0698653497
201810,Karnataka,865786.3097321372
201810,Kerala,109835.79994274117
201810,Madhya Pradesh,1273713.468816936
201810,Maharashtra,1392078.208912449
201810,Manipur,50694.980059593916
201810,Meghalaya,57736.40003025159
201810,Mizoram,34077.78005935997
201810,Nagaland,37939.58003027178
201810,Orissa,554647.9497406185
201810,Punjab,492410.0899209678
201810,Rajasthan,1431344.1789868325
201810,Sikkim,16308.909991165623
201810,Tamil Nadu,688542.1796568707
201810,Tripura,62630.55997809768
201810,Uttar Pradesh,1758980.9489421546
201810,Uttaranchal,204537.0500282459
201810,West Bengal,754662.0998826325
201811,Andhra Pradesh,1197735.5595864542
201811,Arunachal Pradesh,98417.1200218331
201811,Assam,309106.91978495196
201811,Bihar,963423.1397975236
201811,Chhattisgarh,585065.1598304268
201811,Delhi,252348.57995772362
201811,Goa,31036.339974673465
201811,Gujarat,1016609.1693267003
201811,Haryana,564933.3298448771
201811,Himachal Pradesh,163892.4997396618
201811,Jammu and Kashmir,356611.3794456925
201811,Jharkhand,453665.7797623426
201811,Karnataka,941785.4395754673
201811,Kerala,125062.3498685006
201811,Madhya Pradesh,1367521.0090872496
201811,Maharashtra,1489608.819541702
201811,Manipur,45732.36997593008
201811,Meghalaya,56626.769968623295
201811,Mizoram,27732.279979048297
201811,Nagaland,32610.500001477078
201811,Orissa,562542.0697712135
201811,Punjab,566300.7799344361
201811,Rajasthan,1568143.6194910351
201811,Sikkim,14355.669995106757
201811,Tamil Nadu,646514.3695577364
201811,Tripura,56250.22996792197
201811,Uttar Pradesh,2468618.189050406
201811,Uttaranchal,268789.2600879185
201811,West Bengal,774924.8097276092
201812,Andhra Pradesh,1073576.8595532924
201812,Arunachal Pradesh,65918.94997401163
201812,Assam,270660.85991780646
201812,Bihar,710806.0997320134
201812,Chhattisgarh,449354.90975379944
201812,Delhi,225286.72006094456
201812,Goa,30410.899989053607
201812,Gujarat,970364.6097155381
201812,Haryana,460626.07990546525
201812,Himachal Pradesh,114298.33004926331
201812,Jammu and Kashmir,255578.99018471502
201812,Jharkhand,386595.53989578784
201812,Karnataka,907111.7797031142
201812,Kerala,143499.29996908456
201812,Madhya Pradesh,1157700.5994248763
201812,Maharashtra,1382389.75944262
201812,Manipur,36551.419993534684
201812,Meghalaya,41467.149980975315
201812,Mizoram,14171.459990164265
201812,Nagaland,31591.859979901463
201812,Orissa,485301.69991330616
201812,Punjab,446483.22977852076
201812,Rajasthan,1281244.0397491679
201812,Sikkim,11242.829991467297
201812,Tamil Nadu,644027.6797153875
201812,Tripura,51953.04995819554
201812,Uttar Pradesh,1967930.6592088286
201812,Uttaranchal,176457.46999415755
201812,West Bengal,617471.4898099843
201901,Andhra Pradesh,1054154.599553056
201901,Arunachal Pradesh,63147.359997922555
201901,Assam,266318.30984889716
201901,Bihar,642637.01972102
201901,Chhattisgarh,427163.1498114038
201901,Delhi,218856.0302170515
201901,Goa,31704.160005785525
201901,Gujarat,951455.49973231
201901,Haryana,464505.44984175265
201901,Himachal Pradesh,116596.53001439571
201901,Jammu and Kashmir,271242.82020691596
201901,Jharkhand,353627.769895155
201901,Karnataka,921356.589567598
201901,Kerala,134741.11999308877
201901,Madhya Pradesh,1141785.2594464459
201901,Maharashtra,1365897.379277151
201901,Manipur,35551.35999395326
201901,Meghalaya,41945.610000366345
201901,Mizoram,12600.469982361421
201901,Nagaland,25976.089983047917
201901,Orissa,451925.8997143321
201901,Punjab,431909.0798443556
201901,Rajasthan,1203867.4697683938
201901,Sikkim,9964.159998927265
201901,Tamil Nadu,684096.4297904763
201901,Tripura,47095.06999534927
201901,Uttar Pradesh,1954442.219015412
201901,Uttaranchal,171883.06994794123
201901,West Bengal,593503.1198222432
201902,Andhra Pradesh,1155958.61945384
201902,Arunachal Pradesh,77509.28002452105
201902,Assam,280993.35990453884
201902,Bihar,709550.3197078966
201902,Chhattisgarh,474320.5098330341
201902,Delhi,223354.59996640682
201902,Goa,32203.160014137626
201902,Gujarat,1058240.5698135626
201902,Haryana,467762.2998622209
201902,Himachal Pradesh,112872.01998888515
201902,Jammu and Kashmir,276077.2200293895
201902,Jharkhand,401461.6598941479
201902,Karnataka,942263.1596893147
201902,Kerala,145187.4399244748
201902,Madhya Pradesh,1178071.5793822296
201902,Maharashtra,1523934.939569084
201902,Manipur,40625.85997445695
201902,Meghalaya,46244.49000096135
201902,Mizoram,17894.57999578677
201902,Nagaland,26435.55000215955
201902,Orissa,542123.3898793757
201902,Punjab,433478.19979774393
201902,Rajasthan,1371676.939299252
201902,Sikkim,12191.469996539876
201902,Tamil Nadu,711426.2196899895
201902,Tripura,53449.8399871178
201902,Uttar Pradesh,1944800.2194283456
201902,Uttaranchal,166796.65996999666
201902,West Bengal,699220.839520907
201903,Andhra Pradesh,1388394.5791495666
201903,Arunachal Pradesh,111921.3100761734
201903,Assam,277674.6398544144
201903,Bihar,718038.3796579987
201903,Chhattisgarh,510430.80974366143
201903,Delhi,242439.3499826193
201903,Goa,32470.490004241467
201903,Gujarat,1084706.959494451
201903,Haryana,484809.359778136
201903,Himachal Pradesh,146461.79004603438
201903,Jammu and Kashmir,326574.4297186993
201903,Jharkhand,384936.69975108653
201903,Karnataka,1090755.8796496652
201903,Kerala,173961.26993460208
201903,Madhya Pradesh,1366228.1189402565
201903,Maharashtra,1683836.7288159952
201903,Manipur,44861.20999501087
201903,Meghalaya,56206.929964073
201903,Mizoram,25504.18003328517
201903,Nagaland,29887.189998595044
201903,Orissa,550467.829698056
201903,Punjab,436218.48984090984
201903,Rajasthan,1500483.1894533522
201903,Sikkim,14503.14001936838
201903,Tamil Nadu,866946.6396540776
201903,Tripura,43933.71998614073
201903,Uttar Pradesh,2141477.239130698
201903,Uttaranchal,199616.51005397364
201903,West Bengal,599277.039632298
201904,Andhra Pradesh,1303957.0293614976
201904,Arunachal Pradesh,106981.4800570719
201904,Assam,295338.7498463057
201904,Bihar,666509.1696383655
201904,Chhattisgarh,560690.559694089
201904,Delhi,226981.0199444294
201904,Goa,30903.379998400807
201904,Gujarat,1153118.2594661638
201904,Haryana,501759.3899103552
201904,Himachal Pradesh,142063.13012524135
201904,Jammu and Kashmir,295079.3003228642
201904,Jharkhand,353475.6098576784
201904,Karnataka,1002364.1695968378
201904,Kerala,164476.0199437514
201904,Madhya Pradesh,1682472.6688034758
201904,Maharashtra,1609370.3089309186
201904,Manipur,47861.310003016144
201904,Meghalaya,55440.46001487225
201904,Mizoram,30989.550019191578
201904,Nagaland,32509.530001377687
201904,Orissa,564621.5898700356
201904,Punjab,473171.0397950858
201904,Rajasthan,1540580.9391387925
201904,Sikkim,15216.980022843927
201904,Tamil Nadu,839980.4896879643
201904,Tripura,37515.73997220397
201904,Uttar Pradesh,2032694.0291887447
201904,Uttaranchal,196798.01012770087
201904,West Bengal,561859.2196302712
