year,country,pixels,luminosity,lum/pix
1992,Albania,76014,11956,0.15728681558660246
1993,Albania,76014,31200,0.41045070644881204
1994,Albania,76014,93815,1.234180545688952
1995,Albania,76014,66224,0.8712079353803247
1996,Albania,76014,57729,0.7594522061725472
1997,Albania,76014,105460,1.387376009682427
1998,Albania,76014,119768,1.5756044939090168
1999,Albania,76014,141234,1.8579998421343438
2000,Albania,76014,175906,2.3141263451469465
2001,Albania,76014,171758,2.2595574499434314
2002,Albania,76014,191844,2.523798247691215
2003,Albania,76014,165912,2.1826505643697214
2004,Albania,76014,184407,2.425961007182887
2005,Albania,76014,187828,2.4709658747072907
2006,Albania,76014,190939,2.511892546109927
2007,Albania,76014,203654,2.6791643644591785
2008,Albania,76014,127716,1.6801641802825795
2009,Albania,76014,108899,1.43261767569132
2010,Albania,76014,162528,2.1381324492856577
2011,Albania,76014,150894,1.9850816954771489
2012,Albania,76014,155791,2.0495040387297077
2013,Albania,76014,170303,2.2404162391138476
1992,Armenia,106304,32556,0.3062537627934979
1993,Armenia,106304,40362,0.3796846779048766
1994,Armenia,106304,63429,0.5966755719446116
1995,Armenia,106304,28877,0.27164546959662855
1996,Armenia,106304,41219,0.38774646297411197
1997,Armenia,106304,91015,0.8561766255267911
1998,Armenia,106304,111088,1.0450030102347982
1999,Armenia,106304,75796,0.7130117399157134
2000,Armenia,106304,101604,0.9557871763997592
2001,Armenia,106304,91432,0.8600993377483444
2002,Armenia,106304,114368,1.0758579169175195
2003,Armenia,106304,106785,1.004524759181216
2004,Armenia,106304,114414,1.0762906381697772
2005,Armenia,106304,128269,1.2066243979530404
2006,Armenia,106304,135745,1.2769510084286575
2007,Armenia,106304,166570,1.566921282360024
2008,Armenia,106304,107041,1.0069329470198676
2009,Armenia,106304,82271,0.7739219596628537
2010,Armenia,106304,126942,1.194141330523781
2011,Armenia,106304,127212,1.1966812161348586
2012,Armenia,106304,156184,1.4692203491872367
2013,Armenia,106304,137648,1.2948524984948826
1992,Australia,19104396,1519412,0.07953206162602576
1993,Australia,19104396,1682915,0.08809045834267673
1994,Australia,19104396,3342094,0.1749384801278198
1995,Australia,19104396,1978900,0.10358348937071865
1996,Australia,19104396,1923676,0.10069284577225053
1997,Australia,19104396,3588327,0.18782729378097063
1998,Australia,19104396,3741370,0.1958381725336933
1999,Australia,19104396,3697862,0.19356079093000375
2000,Australia,19104396,3874126,0.20278714909385254
2001,Australia,19104396,3847714,0.20140464006294678
2002,Australia,19104396,4090624,0.21411951469180182
2003,Australia,19104396,3394017,0.1776563362694115
2004,Australia,19104396,3576458,0.18720602315823018
2005,Australia,19104396,3369741,0.1763856339661301
2006,Australia,19104396,3596108,0.188234582239606
2007,Australia,19104396,3709803,0.1941858303188439
2008,Australia,19104396,2015312,0.10548943813769354
2009,Australia,19104396,2024589,0.10597503318084486
2010,Australia,19104396,2686539,0.14062412650994044
2011,Australia,19104396,2336816,0.12231823502821026
2012,Australia,19104396,2621136,0.13720067360412755
2013,Australia,19104396,2512784,0.1315290993758714
1992,Benin,266448,14970,0.05618357052783282
1993,Benin,266448,17225,0.06464676034348166
1994,Benin,266448,23490,0.08815979102864349
1995,Benin,266448,18802,0.07056536359815048
1996,Benin,266448,19419,0.07288101243019275
1997,Benin,266448,42625,0.15997492944214256
1998,Benin,266448,44927,0.16861451390139914
1999,Benin,266448,47956,0.17998258572029063
2000,Benin,266448,45406,0.17041223803518885
2001,Benin,266448,45298,0.17000690566264337
2002,Benin,266448,50062,0.18788656698492764
2003,Benin,266448,45446,0.17056236113613163
2004,Benin,266448,47815,0.17945340178946736
2005,Benin,266448,42538,0.15964841169759203
2006,Benin,266448,44542,0.16716957905482496
2007,Benin,266448,57083,0.2142369242779079
2008,Benin,266448,33888,0.12718429111871735
2009,Benin,266448,35500,0.1332342520867111
2010,Benin,266448,56293,0.21127199303428812
2011,Benin,266448,47599,0.1786427370443764
2012,Benin,266448,52910,0.19857533177205308
2013,Benin,266448,50262,0.1886371824896415
1992,Bosnia and Herzegovina,143993,24049,0.16701506323224047
1993,Bosnia and Herzegovina,143993,40340,0.28015250741355485
1994,Bosnia and Herzegovina,143993,105930,0.735660761287007
1995,Bosnia and Herzegovina,143993,97706,0.6785468738063656
1996,Bosnia and Herzegovina,143993,153972,1.069301979957359
1997,Bosnia and Herzegovina,143993,358171,2.4874195273381345
1998,Bosnia and Herzegovina,143993,489431,3.3989916176480803
1999,Bosnia and Herzegovina,143993,492308,3.4189717555714516
2000,Bosnia and Herzegovina,143993,572675,3.977103053620662
2001,Bosnia and Herzegovina,143993,583660,4.053391484308265
2002,Bosnia and Herzegovina,143993,571025,3.9656441632579362
2003,Bosnia and Herzegovina,143993,521615,3.6225024827595784
2004,Bosnia and Herzegovina,143993,455539,3.163619064815651
2005,Bosnia and Herzegovina,143993,581268,4.036779565673331
2006,Bosnia and Herzegovina,143993,477215,3.3141541602716797
2007,Bosnia and Herzegovina,143993,519962,3.6110227580507384
2008,Bosnia and Herzegovina,143993,335047,2.3268283874910587
2009,Bosnia and Herzegovina,143993,268644,1.8656740258206996
2010,Bosnia and Herzegovina,143993,414175,2.876355100595168
2011,Bosnia and Herzegovina,143993,385636,2.6781579660122365
2012,Bosnia and Herzegovina,143993,430778,2.9916593167723433
2013,Bosnia and Herzegovina,143993,363224,2.522511510976228
1992,Brazil,22056902,4722040,0.21408446208810286
1993,Brazil,22056902,5522327,0.2503672999952577
1994,Brazil,22056902,10027014,0.4545975676910565
1995,Brazil,22056902,6737433,0.3054569041472823
1996,Brazil,22056902,6863913,0.3111911636548052
1997,Brazil,22056902,13436134,0.6091578046635924
1998,Brazil,22056902,14302118,0.6484191660279399
1999,Brazil,22056902,15030473,0.6814408025206804
2000,Brazil,22056902,15436249,0.6998375837186926
2001,Brazil,22056902,13629258,0.6179135220349621
2002,Brazil,22056902,14639679,0.6637232644910877
2003,Brazil,22056902,12783743,0.5795801695088458
2004,Brazil,22056902,13882475,0.6293936927316447
2005,Brazil,22056902,13497647,0.6119466369302452
2006,Brazil,22056902,14965186,0.6784808673493675
2007,Brazil,22056902,15819422,0.7172096063173332
2008,Brazil,22056902,8761552,0.39722495933472435
2009,Brazil,22056902,8614014,0.39053598732949896
2010,Brazil,22056902,13149764,0.5961745670357514
2011,Brazil,22056902,11287348,0.5117376864620425
2012,Brazil,22056902,12983657,0.588643727029299
2013,Brazil,22056902,12410180,0.562643838196316
1992,Cambodia,310803,6002,0.019311267909254415
1993,Cambodia,310803,9076,0.029201777331621638
1994,Cambodia,310803,17775,0.057190567658613335
1995,Cambodia,310803,11859,0.03815600235518962
1996,Cambodia,310803,9890,0.03182079967053085
1997,Cambodia,310803,30360,0.09768245480255983
1998,Cambodia,310803,25798,0.08300434680488927
1999,Cambodia,310803,35691,0.11483479889190258
2000,Cambodia,310803,40336,0.12977995707892137
2001,Cambodia,310803,45289,0.14571609669147337
2002,Cambodia,310803,40438,0.13010813923932524
2003,Cambodia,310803,39899,0.1283739217446421
2004,Cambodia,310803,43503,0.13996969141224505
2005,Cambodia,310803,41162,0.13243758908376047
2006,Cambodia,310803,46968,0.15111823244949374
2007,Cambodia,310803,51695,0.16632722335369993
2008,Cambodia,310803,31362,0.10090636190770359
2009,Cambodia,310803,20721,0.06666924064439532
2010,Cambodia,310803,136063,0.4377789146179413
2011,Cambodia,310803,87789,0.28245866352641386
2012,Cambodia,310803,58601,0.18854708609633755
2013,Cambodia,310803,113869,0.36637033748065495
1992,Canada,42412000,13833177,0.3261618645666321
1993,Canada,42412000,14106214,0.3325995944543997
1994,Canada,42412000,25060654,0.5908859285107988
1995,Canada,42412000,16581987,0.39097394605300384
1996,Canada,42412000,15037348,0.3545540884655286
1997,Canada,42412000,24656824,0.5813643308497595
1998,Canada,42412000,28690819,0.6764788031689145
1999,Canada,42412000,27270668,0.6429941525983213
2000,Canada,42412000,28633489,0.6751270630953504
2001,Canada,42412000,26923561,0.6348099830236725
2002,Canada,42412000,26597852,0.6271303404696784
2003,Canada,42412000,21642020,0.5102805809676506
2004,Canada,42412000,23071666,0.54398910685655
2005,Canada,42412000,20567880,0.48495425822880317
2006,Canada,42412000,20013816,0.4718904083749882
2007,Canada,42412000,25994566,0.612905922852023
2008,Canada,42412000,13766228,0.3245833254739225
2009,Canada,42412000,11946645,0.2816807743091578
2010,Canada,42412000,16835124,0.39694246911251535
2011,Canada,42412000,14612283,0.3445318070357446
2012,Canada,42412000,13609498,0.32088790908233517
2013,Canada,42412000,15520385,0.3659432471941903
1992,China,31160216,9467602,0.30383621217516593
1993,China,31160216,10337858,0.33176464502043246
1994,China,31160216,22817106,0.7322512141764358
1995,China,31160216,13661477,0.43842690307409937
1996,China,31160216,13099616,0.4203955453967328
1997,China,31160216,26193717,0.84061410228992
1998,China,31160216,28875233,0.9266698600548854
1999,China,31160216,27938493,0.8966078091371382
2000,China,31160216,30806441,0.9886465806270406
2001,China,31160216,31976358,1.0261917953328694
2002,China,31160216,35362179,1.1348502526426647
2003,China,31160216,32160536,1.0321024732306092
2004,China,31160216,38301513,1.2291799581877096
2005,China,31160216,36778368,1.1802988785443593
2006,China,31160216,40776104,1.3085950366967931
2007,China,31160216,44877737,1.4402254785396866
2008,China,31160216,25220002,0.8093654421394255
2009,China,31160216,23721125,0.7612631760960835
2010,China,31160216,36545168,1.172814976635592
2011,China,31160216,32718703,1.050015282307414
2012,China,31160216,34066712,1.0932758617591098
2013,China,31160216,37020963,1.1880842867071268
1992,Congo,5068440,66893,0.013197946508195816
1993,Congo,5068440,74542,0.014707089360828972
1994,Congo,5068440,140790,0.027777777777777776
1995,Congo,5068440,83058,0.016387290764022067
1996,Congo,5068440,85232,0.016816219586302687
1997,Congo,5068440,138442,0.027314518865765403
1998,Congo,5068440,149828,0.029560969450166126
1999,Congo,5068440,143979,0.028406965456826954
2000,Congo,5068440,155189,0.030618691352763374
2001,Congo,5068440,165455,0.03264416664693673
2002,Congo,5068440,168902,0.03332425756248471
2003,Congo,5068440,135173,0.026669547237414274
2004,Congo,5068440,160725,0.03171094064445865
2005,Congo,5068440,153045,0.030195681511470986
2006,Congo,5068440,162150,0.03199209224139972
2007,Congo,5068440,163681,0.03229415757116588
2008,Congo,5068440,97371,0.01921123659350806
2009,Congo,5068440,92860,0.01832121915224408
2010,Congo,5068440,144530,0.028515677407644168
2011,Congo,5068440,127780,0.02521091302254737
2012,Congo,5068440,145557,0.02871830385680801
2013,Congo,5068440,140296,0.027680311890838208
1992,Cote d'Ivoire,539418,55869,0.10357273950813654
1993,Cote d'Ivoire,539418,77593,0.14384577451994557
1994,Cote d'Ivoire,539418,124508,0.23081914211242488
1995,Cote d'Ivoire,539418,108436,0.20102406667927283
1996,Cote d'Ivoire,539418,122422,0.22695201124174574
1997,Cote d'Ivoire,539418,270103,0.5007304168566863
1998,Cote d'Ivoire,539418,347494,0.6442017136988384
1999,Cote d'Ivoire,539418,343225,0.6362876285181436
2000,Cote d'Ivoire,539418,365598,0.6777638121086059
2001,Cote d'Ivoire,539418,382091,0.708339358345476
2002,Cote d'Ivoire,539418,403210,0.7474908141737947
2003,Cote d'Ivoire,539418,308361,0.5716550059508582
2004,Cote d'Ivoire,539418,350521,0.6498133173160703
2005,Cote d'Ivoire,539418,311698,0.5778413030340107
2006,Cote d'Ivoire,539418,357365,0.6625010659636867
2007,Cote d'Ivoire,539418,357522,0.6627921203964272
2008,Cote d'Ivoire,539418,207314,0.38432903610928815
2009,Cote d'Ivoire,539418,207897,0.38540983059519707
2010,Cote d'Ivoire,539418,326640,0.6055415280913874
2011,Cote d'Ivoire,539418,223896,0.4150695749863742
2012,Cote d'Ivoire,539418,256343,0.4752214423693685
2013,Cote d'Ivoire,539418,261237,0.4842941837313549
1992,Dominican Republic,119900,106550,0.8886572143452878
1993,Dominican Republic,119900,132104,1.1017848206839032
1994,Dominican Republic,119900,279979,2.3351042535446207
1995,Dominican Republic,119900,174646,1.4565971643035862
1996,Dominican Republic,119900,187795,1.5662635529608007
1997,Dominican Republic,119900,355333,2.963577981651376
1998,Dominican Republic,119900,359216,2.9959633027522936
1999,Dominican Republic,119900,438892,3.660483736447039
2000,Dominican Republic,119900,479527,3.999391159299416
2001,Dominican Republic,119900,479035,3.9952877397831528
2002,Dominican Republic,119900,502519,4.19115095913261
2003,Dominican Republic,119900,422401,3.5229441201000835
2004,Dominican Republic,119900,410275,3.4218098415346123
2005,Dominican Republic,119900,365450,3.0479566305254377
2006,Dominican Republic,119900,382343,3.1888490408673893
2007,Dominican Republic,119900,386821,3.2261968306922437
2008,Dominican Republic,119900,223990,1.86814011676397
2009,Dominican Republic,119900,187579,1.564462051709758
2010,Dominican Republic,119900,307044,2.560834028356964
2011,Dominican Republic,119900,278091,2.3193577981651377
2012,Dominican Republic,119900,284060,2.369140950792327
2013,Dominican Republic,119900,287407,2.3970558798999164
1992,Egypt,1681611,1454554,0.8649765016998581
1993,Egypt,1681611,1520371,0.9041157556652519
1994,Egypt,1681611,3276663,1.9485261454640819
1995,Egypt,1681611,1873892,1.114343329105245
1996,Egypt,1681611,1986563,1.1813451505728734
1997,Egypt,1681611,3760544,2.2362746199923764
1998,Egypt,1681611,3991960,2.3738902754560955
1999,Egypt,1681611,4249657,2.527134396718385
2000,Egypt,1681611,4443708,2.6425302879203336
2001,Egypt,1681611,4640729,2.75969234264048
2002,Egypt,1681611,4901119,2.9145379044261723
2003,Egypt,1681611,4478681,2.663327606681926
2004,Egypt,1681611,4866302,2.893833353849374
2005,Egypt,1681611,4724451,2.809479124482416
2006,Egypt,1681611,5107866,3.0374836986675278
2007,Egypt,1681611,5397010,3.2094283398479195
2008,Egypt,1681611,2962718,1.761833146904962
2009,Egypt,1681611,2906426,1.728358104222677
2010,Egypt,1681611,3706650,2.204225590817377
2011,Egypt,1681611,3387884,2.0146656985474047
2012,Egypt,1681611,3528854,2.098496025537416
2013,Egypt,1681611,3298339,1.961416165807669
1992,Estonia,148032,153903,1.0396603437094682
1993,Estonia,148032,237499,1.6043760808473844
1994,Estonia,148032,420428,2.8401156506701253
1995,Estonia,148032,248329,1.6775359381755297
1996,Estonia,148032,229199,1.5483071227842629
1997,Estonia,148032,653805,4.41664640077821
1998,Estonia,148032,601136,4.060851707738867
1999,Estonia,148032,589498,3.982233571119758
2000,Estonia,148032,558201,3.7708130674448768
2001,Estonia,148032,593206,4.007282209252054
2002,Estonia,148032,359265,2.4269414721141374
2003,Estonia,148032,434467,2.934953253350627
2004,Estonia,148032,496803,3.3560513942931256
2005,Estonia,148032,545365,3.684102086035452
2006,Estonia,148032,568131,3.837893158236057
2007,Estonia,148032,580133,3.9189702226545613
2008,Estonia,148032,326125,2.2030709576307825
2009,Estonia,148032,330448,2.232274102896671
2010,Estonia,148032,756955,5.1134551988759185
2011,Estonia,148032,399078,2.6958900778210118
2012,Estonia,148032,541635,3.658904831387808
2013,Estonia,148032,438862,2.9646427799394726
1992,Ethiopia,2466685,24521,0.009940872061086032
1993,Ethiopia,2466685,30057,0.012185179704745438
1994,Ethiopia,2466685,52145,0.021139707745415407
1995,Ethiopia,2466685,42360,0.017172845336960334
1996,Ethiopia,2466685,39616,0.016060421172545337
1997,Ethiopia,2466685,73212,0.029680319943567988
1998,Ethiopia,2466685,83648,0.03391109930939702
1999,Ethiopia,2466685,90538,0.0367043217922029
2000,Ethiopia,2466685,93961,0.03809201418097568
2001,Ethiopia,2466685,101844,0.041287801239315115
2002,Ethiopia,2466685,113827,0.04614573810600056
2003,Ethiopia,2466685,100264,0.04064726545951348
2004,Ethiopia,2466685,124095,0.05030840986992664
2005,Ethiopia,2466685,124855,0.050616515688059076
2006,Ethiopia,2466685,149251,0.06050671245011017
2007,Ethiopia,2466685,159226,0.06455060131309835
2008,Ethiopia,2466685,88732,0.03597216507174609
2009,Ethiopia,2466685,74014,0.03000545266217616
2010,Ethiopia,2466685,129111,0.0523419082696007
2011,Ethiopia,2466685,115153,0.0466833016781632
2012,Ethiopia,2466685,122879,0.04981544056091475
2013,Ethiopia,2466685,121177,0.04912544568925501
1992,France,1992927,6490385,3.256709854400086
1993,France,1992927,6502775,3.2629268407723915
1994,France,1992927,14072084,7.061013273441526
1995,France,1992927,8245231,4.137246873568374
1996,France,1992927,8201273,4.115189868971618
1997,France,1992927,16351272,8.204651750917119
1998,France,1992927,16410026,8.234133011394798
1999,France,1992927,17209641,8.635359448690293
2000,France,1992927,17395008,8.728371887179009
2001,France,1992927,17975917,9.019857225076484
2002,France,1992927,17762247,8.912643062189433
2003,France,1992927,15943439,8.00001154081409
2004,France,1992927,15410078,7.73238457806031
2005,France,1992927,15582431,7.81886692287274
2006,France,1992927,16271049,8.164397893149122
2007,France,1992927,17430417,8.746139221356326
2008,France,1992927,9366300,4.6997707392192485
2009,France,1992927,9127400,4.579896805051063
2010,France,1992927,13327448,6.6873738977895325
2011,France,1992927,9902077,4.968609989226901
2012,France,1992927,10856321,5.447425319642917
2013,France,1992927,10534200,5.285793207678957
1992,Gambia,32490,3615,0.11126500461680518
1993,Gambia,32490,4398,0.1353647276084949
1994,Gambia,32490,8301,0.25549399815327795
1995,Gambia,32490,5132,0.1579562942443829
1996,Gambia,32490,5674,0.17463835026161895
1997,Gambia,32490,9837,0.3027700831024931
1998,Gambia,32490,11097,0.3415512465373961
1999,Gambia,32490,10981,0.33798091720529394
2000,Gambia,32490,9818,0.3021852877808556
2001,Gambia,32490,10963,0.3374269005847953
2002,Gambia,32490,11430,0.3518005540166205
2003,Gambia,32490,8594,0.26451215758694985
2004,Gambia,32490,9321,0.2868882733148661
2005,Gambia,32490,9594,0.2952908587257618
2006,Gambia,32490,12036,0.37045244690674056
2007,Gambia,32490,18635,0.5735610957217605
2008,Gambia,32490,10038,0.3089566020313943
2009,Gambia,32490,10812,0.3327793167128347
2010,Gambia,32490,15877,0.4886734379809172
2011,Gambia,32490,13845,0.4261311172668513
2012,Gambia,32490,13780,0.42413050169282857
2013,Gambia,32490,12642,0.3891043397968606
1992,Georgia,240097,107212,0.44653619162255254
1993,Georgia,240097,142722,0.5944347492888291
1994,Georgia,240097,128849,0.5366539357009875
1995,Georgia,240097,64800,0.2698909190868691
1996,Georgia,240097,53449,0.22261419343015532
1997,Georgia,240097,91704,0.38194563030775064
1998,Georgia,240097,137797,0.5739222064415632
1999,Georgia,240097,89801,0.37401966705123346
2000,Georgia,240097,120527,0.5019929445182572
2001,Georgia,240097,122237,0.5091150659941607
2002,Georgia,240097,156921,0.6535733474387435
2003,Georgia,240097,122911,0.5119222647513296
2004,Georgia,240097,153797,0.6405619395494321
2005,Georgia,240097,176324,0.7343865187819922
2006,Georgia,240097,201468,0.8391108593610083
2007,Georgia,240097,258119,1.0750613293793758
2008,Georgia,240097,162879,0.6783883180547862
2009,Georgia,240097,121717,0.506949274668155
2010,Georgia,240097,207690,0.8650253855733308
2011,Georgia,240097,213753,0.8902776794378938
2012,Georgia,240097,256638,1.0688929890835788
2013,Georgia,240097,236942,0.9868594776277921
1992,Germany,1000532,6788293,6.784683548352277
1993,Germany,1000532,6039773,6.036561549255796
1994,Germany,1000532,13374541,13.367429527491375
1995,Germany,1000532,8244135,8.239751452227415
1996,Germany,1000532,7932958,7.9287399103676846
1997,Germany,1000532,14693802,14.685989053823366
1998,Germany,1000532,17121817,17.112713036664495
1999,Germany,1000532,16721533,16.712641874522753
2000,Germany,1000532,15983753,15.975254164784335
2001,Germany,1000532,15930670,15.92219938992456
2002,Germany,1000532,16786822,16.777896159243284
2003,Germany,1000532,14053627,14.046154445834816
2004,Germany,1000532,13153731,13.146736935950075
2005,Germany,1000532,14058334,14.050858943042302
2006,Germany,1000532,13788556,13.781224388625251
2007,Germany,1000532,14090451,14.08295886588335
2008,Germany,1000532,7776948,7.772812863556588
2009,Germany,1000532,7938896,7.934674753031388
2010,Germany,1000532,14107601,14.100099746934632
2011,Germany,1000532,8916635,8.911893872459851
2012,Germany,1000532,10071812,10.066456645064825
2013,Germany,1000532,8989156,8.984376311802121
1992,Ghana,397056,87320,0.21991860090264345
1993,Ghana,397056,106455,0.26811079545454547
1994,Ghana,397056,189705,0.4777789530947776
1995,Ghana,397056,153570,0.3867716392649903
1996,Ghana,397056,161101,0.4057387371050935
1997,Ghana,397056,292599,0.7369212403288201
1998,Ghana,397056,274829,0.6921668480012895
1999,Ghana,397056,339118,0.854081036428111
2000,Ghana,397056,344845,0.868504694551902
2001,Ghana,397056,338021,0.8513182019664732
2002,Ghana,397056,351294,0.8847467359767892
2003,Ghana,397056,300454,0.7567043439716312
2004,Ghana,397056,298007,0.7505414853320438
2005,Ghana,397056,282397,0.7112271316892328
2006,Ghana,397056,302158,0.7609959300451322
2007,Ghana,397056,287321,0.7236284050612508
2008,Ghana,397056,194982,0.49106926982591875
2009,Ghana,397056,167576,0.4220462604771115
2010,Ghana,397056,284391,0.7162490933268859
2011,Ghana,397056,241041,0.6070705391682786
2012,Ghana,397056,295002,0.7429732833655706
2013,Ghana,397056,277740,0.6994983075435203
1992,Guinea,556018,8892,0.015992288019452607
1993,Guinea,556018,13765,0.024756392778651052
1994,Guinea,556018,33115,0.0595574243999295
1995,Guinea,556018,15426,0.027743706139009887
1996,Guinea,556018,13994,0.025168249948742668
1997,Guinea,556018,26017,0.04679165063001558
1998,Guinea,556018,38241,0.0687765503994475
1999,Guinea,556018,37823,0.06802477617631084
2000,Guinea,556018,40234,0.07236096673129287
2001,Guinea,556018,39720,0.07143653622724444
2002,Guinea,556018,42341,0.07615041239672098
2003,Guinea,556018,26322,0.047340194022495674
2004,Guinea,556018,36410,0.06548349154164074
2005,Guinea,556018,27849,0.0500865079907485
2006,Guinea,556018,30730,0.055267994921027734
2007,Guinea,556018,33435,0.06013294533630206
2008,Guinea,556018,19322,0.03475067353934585
2009,Guinea,556018,16049,0.02886417346201022
2010,Guinea,556018,25831,0.046457129085749026
2011,Guinea,556018,23256,0.04182598405087605
2012,Guinea,556018,26330,0.04735458204590499
2013,Guinea,556018,28729,0.05166919056577305
1992,Hungary,269790,565347,2.095507617035472
1993,Hungary,269790,678796,2.5160161607175953
1994,Hungary,269790,1405185,5.208439897698209
1995,Hungary,269790,1037582,3.845887542162423
1996,Hungary,269790,933271,3.45924978687127
1997,Hungary,269790,1805488,6.692197635197746
1998,Hungary,269790,2132558,7.90451091589755
1999,Hungary,269790,1801736,6.678290522258052
2000,Hungary,269790,2001371,7.41825493902665
2001,Hungary,269790,2275232,8.433344453093147
2002,Hungary,269790,1934798,7.171496349012195
2003,Hungary,269790,2133332,7.907379813929352
2004,Hungary,269790,1572113,5.827172986396827
2005,Hungary,269790,1902498,7.051773601690203
2006,Hungary,269790,1654551,6.132736572890026
2007,Hungary,269790,1623258,6.016746358278661
2008,Hungary,269790,983464,3.6452944883057192
2009,Hungary,269790,848376,3.144579117091071
2010,Hungary,269790,1351945,5.011101226880166
2011,Hungary,269790,980521,3.6343860039289817
2012,Hungary,269790,1132597,4.19806886837911
2013,Hungary,269790,938904,3.480128989213833
1992,India,11590432,7923011,0.6835820269684513
1993,India,11590432,9159391,0.7902544961223188
1994,India,11590432,19506846,1.683012850599529
1995,India,11590432,11809796,1.018926300590004
1996,India,11590432,12201137,1.0526904432897755
1997,India,11590432,21376606,1.8443321180780836
1998,India,11590432,24323277,2.098565178588684
1999,India,11590432,24745904,2.135028616707298
2000,India,11590432,26441225,2.281297625489714
2001,India,11590432,26814822,2.313530850273743
2002,India,11590432,27108122,2.3388362055875054
2003,India,11590432,21094863,1.8200238783161835
2004,India,11590432,23865473,2.0590667371155793
2005,India,11590432,21716951,1.873696424775194
2006,India,11590432,23066583,1.9901400569021068
2007,India,11590432,26661612,2.3003121885361995
2008,India,11590432,15158007,1.307803453745296
2009,India,11590432,14461509,1.2477109567615772
2010,India,11590432,21892570,1.8888484915834025
2011,India,11590432,18633968,1.607702629203122
2012,India,11590432,20606112,1.7778553896869418
2013,India,11590432,20296790,1.7511676872786104
1992,Indonesia,10441980,914064,0.08753742106382123
1993,Indonesia,10441980,1369995,0.1312006918228152
1994,Indonesia,10441980,2781003,0.2663290870122333
1995,Indonesia,10441980,1768047,0.1693210483069303
1996,Indonesia,10441980,1825001,0.17477537784979477
1997,Indonesia,10441980,3714569,0.3557341615287522
1998,Indonesia,10441980,3506335,0.33579215819222025
1999,Indonesia,10441980,3594975,0.34428096970114863
2000,Indonesia,10441980,3898591,0.3733574475338968
2001,Indonesia,10441980,4111172,0.39371575122725766
2002,Indonesia,10441980,4230722,0.4051647292946357
2003,Indonesia,10441980,3406663,0.3262468420740128
2004,Indonesia,10441980,3785760,0.36255192980641604
2005,Indonesia,10441980,3342750,0.3201260680445663
2006,Indonesia,10441980,3894077,0.37292515404166643
2007,Indonesia,10441980,3725674,0.3567976571493146
2008,Indonesia,10441980,2067898,0.1980369623385603
2009,Indonesia,10441980,2057209,0.19701330590558497
2010,Indonesia,10441980,3004668,0.2877488752133216
2011,Indonesia,10441980,2798443,0.2679992683379972
2012,Indonesia,10441980,3160622,0.30268416526367603
2013,Indonesia,10441980,2928289,0.28043426629815416
1992,Iran,4053948,3640828,0.8980944008161921
1993,Iran,4053948,3838469,0.9468471228540672
1994,Iran,4053948,7542970,1.8606479412168089
1995,Iran,4053948,4305928,1.0621566926857473
1996,Iran,4053948,4379329,1.0802627463401109
1997,Iran,4053948,8262121,2.0380431618757813
1998,Iran,4053948,9345454,2.305272292589841
1999,Iran,4053948,8996394,2.2191685734498816
2000,Iran,4053948,10111489,2.494232535789803
2001,Iran,4053948,9969830,2.459289068335361
2002,Iran,4053948,10655234,2.628359811225995
2003,Iran,4053948,9951670,2.4548094844827806
2004,Iran,4053948,10944437,2.699698417443934
2005,Iran,4053948,11132214,2.7460179558297244
2006,Iran,4053948,12123569,2.9905585863459523
2007,Iran,4053948,13032959,3.214880654611258
2008,Iran,4053948,7139600,1.7611474049494469
2009,Iran,4053948,6257035,1.5434423431183626
2010,Iran,4053948,8954731,2.2088914312665087
2011,Iran,4053948,7150225,1.7637683068455738
2012,Iran,4053948,7856323,1.9379437032739444
2013,Iran,4053948,7479349,1.8449543506724801
1992,Italy,1776749,5726705,3.223136751448854
1993,Italy,1776749,5461699,3.0739845639423464
1994,Italy,1776749,12335391,6.942675076783496
1995,Italy,1776749,6771339,3.811083613948847
1996,Italy,1776749,6591333,3.709771610959117
1997,Italy,1776749,12516097,7.044381057763364
1998,Italy,1776749,13547885,7.625097861318622
1999,Italy,1776749,13867156,7.804791785446341
2000,Italy,1776749,14209393,7.997411564604792
2001,Italy,1776749,14489566,8.155100129506193
2002,Italy,1776749,15081861,8.488458977604603
2003,Italy,1776749,13422844,7.554721572940241
2004,Italy,1776749,13423670,7.555186466968604
2005,Italy,1776749,13558258,7.630936052306769
2006,Italy,1776749,13853347,7.797019725352315
2007,Italy,1776749,14786177,8.32204042326744
2008,Italy,1776749,7935950,4.466556615481421
2009,Italy,1776749,7843808,4.414696729813834
2010,Italy,1776749,10238152,5.762295068127237
2011,Italy,1776749,8889162,5.003048826817969
2012,Italy,1776749,9660616,5.437242964538041
2013,Italy,1776749,9046581,5.091648285717341
1992,Japan,3376191,6605464,1.9564840970193926
1993,Japan,3376191,6860922,2.0321486550968237
1994,Japan,3376191,14178989,4.199699898495079
1995,Japan,3376191,7692163,2.2783554011014187
1996,Japan,3376191,7795393,2.3089312778809017
1997,Japan,3376191,14157113,4.193220407257765
1998,Japan,3376191,15149818,4.48725146178045
1999,Japan,3376191,14975435,4.435600651740378
2000,Japan,3376191,15173836,4.494365395796624
2001,Japan,3376191,15365950,4.55126798217281
2002,Japan,3376191,15031446,4.452190649166472
2003,Japan,3376191,13096995,3.8792221767074198
2004,Japan,3376191,13453838,3.984916137742207
2005,Japan,3376191,13434936,3.9793175208393126
2006,Japan,3376191,13399932,3.968949623999353
2007,Japan,3376191,13987281,4.142917565978939
2008,Japan,3376191,7331920,2.171654388036696
2009,Japan,3376191,7224997,2.139984675037639
2010,Japan,3376191,9044887,2.679021121731561
2011,Japan,3376191,7710997,2.2839338769637143
2012,Japan,3376191,8063265,2.3882727606346914
2013,Japan,3376191,8016735,2.3744909574132507
1992,Kenya,1170411,59966,0.051234993519370546
1993,Kenya,1170411,70588,0.06031043795726458
1994,Kenya,1170411,121574,0.1038729130194436
1995,Kenya,1170411,92127,0.07871337504517643
1996,Kenya,1170411,92282,0.07884580715663131
1997,Kenya,1170411,176234,0.15057445632346245
1998,Kenya,1170411,195728,0.16723014394088914
1999,Kenya,1170411,190236,0.1625377751917916
2000,Kenya,1170411,190183,0.16249249195368123
2001,Kenya,1170411,183511,0.1567919303560886
2002,Kenya,1170411,193183,0.16505569411087218
2003,Kenya,1170411,139840,0.11947939655386014
2004,Kenya,1170411,188682,0.16121003647436669
2005,Kenya,1170411,156222,0.13347618913356077
2006,Kenya,1170411,178425,0.1524464482989309
2007,Kenya,1170411,165931,0.1417715657149497
2008,Kenya,1170411,102934,0.08794688361609725
2009,Kenya,1170411,99499,0.08501201714611363
2010,Kenya,1170411,154954,0.13239280902178807
2011,Kenya,1170411,161310,0.1378233799921566
2012,Kenya,1170411,177136,0.15134512577205786
2013,Kenya,1170411,178887,0.15284118143113828
1992,Korea,500337,35494,0.07094018631442407
1993,Korea,500337,41715,0.08337380605471911
1994,Korea,500337,86052,0.17198808003405705
1995,Korea,500337,57415,0.11475265670937788
1996,Korea,500337,56625,0.11317372091210524
1997,Korea,500337,83806,0.1674991056028237
1998,Korea,500337,97381,0.19463081882810984
1999,Korea,500337,83879,0.1676450072651033
2000,Korea,500337,102033,0.20392855215584696
2001,Korea,500337,114739,0.2293234360041332
2002,Korea,500337,94334,0.18854092341761652
2003,Korea,500337,77819,0.15553317064298663
2004,Korea,500337,89830,0.17953899072025456
2005,Korea,500337,86385,0.1726536314524011
2006,Korea,500337,83387,0.1666616700343968
2007,Korea,500337,93890,0.18765352152649115
2008,Korea,500337,43170,0.0862818460357719
2009,Korea,500337,37867,0.07568298966496581
2010,Korea,500337,85992,0.17186816085958065
2011,Korea,500337,60322,0.1205627407127596
2012,Korea,500337,72957,0.1458157202045821
2013,Korea,500337,79570,0.15903281188478965
1992,Lao PDR,922745,8498,0.009209478241551024
1993,Lao PDR,922745,10789,0.011692287685113439
1994,Lao PDR,922745,26519,0.028739250822274843
1995,Lao PDR,922745,18383,0.019922080314713167
1996,Lao PDR,922745,20481,0.022195731215016067
1997,Lao PDR,922745,43387,0.04701949075855193
1998,Lao PDR,922745,40003,0.043352172051866984
1999,Lao PDR,922745,41600,0.045082877718112806
2000,Lao PDR,922745,51493,0.0558041495754515
2001,Lao PDR,922745,52179,0.05654758356859154
2002,Lao PDR,922745,55450,0.06009244157378257
2003,Lao PDR,922745,52291,0.05666896054706338
2004,Lao PDR,922745,48935,0.053031986084996395
2005,Lao PDR,922745,48992,0.053093758297254386
2006,Lao PDR,922745,64148,0.0695186644197476
2007,Lao PDR,922745,71097,0.07704945570011217
2008,Lao PDR,922745,43348,0.0469772255606912
2009,Lao PDR,922745,33483,0.03628629794797046
2010,Lao PDR,922745,109914,0.1191163322478041
2011,Lao PDR,922745,82427,0.08932803754016548
2012,Lao PDR,922745,87767,0.09511511847801939
2013,Lao PDR,922745,107794,0.11681883944101566
1992,Latvia,241965,160825,0.6646622445394995
1993,Latvia,241965,161093,0.6657698427458517
1994,Latvia,241965,339038,1.4011861219597876
1995,Latvia,241965,193910,0.8013968962453247
1996,Latvia,241965,216336,0.8940797222738825
1997,Latvia,241965,423204,1.7490298183621598
1998,Latvia,241965,437825,1.8094559130452752
1999,Latvia,241965,350873,1.4500981546917944
2000,Latvia,241965,414641,1.7136404025375571
2001,Latvia,241965,436922,1.8057239683425288
2002,Latvia,241965,429465,1.774905461533693
2003,Latvia,241965,332424,1.373851590106007
2004,Latvia,241965,345229,1.426772467092348
2005,Latvia,241965,410228,1.6954022275949001
2006,Latvia,241965,389348,1.609108755398508
2007,Latvia,241965,368495,1.522926869588577
2008,Latvia,241965,239632,0.9903581096439568
2009,Latvia,241965,201630,0.833302337114872
2010,Latvia,241965,635713,2.6272932035624987
2011,Latvia,241965,346650,1.4326452172834914
2012,Latvia,241965,392646,1.6227388258632447
2013,Latvia,241965,315363,1.3033413923501334
1992,Lithuania,197505,198330,1.0041771094402674
1993,Lithuania,197505,189334,0.9586288954710007
1994,Lithuania,197505,477364,2.41697172223488
1995,Lithuania,197505,216791,1.0976481608060555
1996,Lithuania,197505,332336,1.6826713247765879
1997,Lithuania,197505,502007,2.541743247006405
1998,Lithuania,197505,769363,3.895410242778664
1999,Lithuania,197505,564235,2.8568137515505936
2000,Lithuania,197505,606393,3.0702665755297334
2001,Lithuania,197505,545894,2.7639502797397535
2002,Lithuania,197505,704996,3.5695096326675273
2003,Lithuania,197505,509843,2.5814181919445076
2004,Lithuania,197505,543603,2.7523505734032048
2005,Lithuania,197505,619979,3.13905470747576
2006,Lithuania,197505,536027,2.713992050834156
2007,Lithuania,197505,590051,2.987524366471735
2008,Lithuania,197505,322476,1.632748538011696
2009,Lithuania,197505,265396,1.3437431963747752
2010,Lithuania,197505,990040,5.012733854839118
2011,Lithuania,197505,604308,3.0597098807625125
2012,Lithuania,197505,588089,2.9775904407483353
2013,Lithuania,197505,408863,2.070139996455786
1992,Mexico,7940298,3500522,0.44085524246067337
1993,Mexico,7940298,4240114,0.5339993536766504
1994,Mexico,7940298,8614916,1.0849612949035414
1995,Mexico,7940298,5174863,0.6517215096964875
1996,Mexico,7940298,4896561,0.6166721954264185
1997,Mexico,7940298,8879935,1.1183377500441418
1998,Mexico,7940298,9860354,1.241811579363898
1999,Mexico,7940298,10331353,1.3011291263879516
2000,Mexico,7940298,11066822,1.3937539875707436
2001,Mexico,7940298,10929985,1.376520755266364
2002,Mexico,7940298,10963793,1.3807785299745676
2003,Mexico,7940298,9409847,1.1850747919032762
2004,Mexico,7940298,9994761,1.2587387778141323
2005,Mexico,7940298,9668297,1.2176239481188238
2006,Mexico,7940298,10014287,1.2611978794750525
2007,Mexico,7940298,10592319,1.3339951472854041
2008,Mexico,7940298,5961853,0.7508349182864421
2009,Mexico,7940298,5409448,0.6812651112086725
2010,Mexico,7940298,7831576,0.9863075667940926
2011,Mexico,7940298,6929636,0.872717371564644
2012,Mexico,7940298,7036868,0.8862221543826189
2013,Mexico,7940298,6616079,0.8332280476123188
1992,Moldova,146780,342607,2.3341531543807057
1993,Moldova,146780,277468,1.8903665349502656
1994,Moldova,146780,436738,2.9754598719171548
1995,Moldova,146780,244685,1.6670186673933778
1996,Moldova,146780,252895,1.7229527183539992
1997,Moldova,146780,331173,2.256254258073307
1998,Moldova,146780,337067,2.296409592587546
1999,Moldova,146780,207271,1.4121201798610166
2000,Moldova,146780,222560,1.51628287232593
2001,Moldova,146780,286239,1.9501226325112413
2002,Moldova,146780,283796,1.9334786755688786
2003,Moldova,146780,201727,1.3743493663986919
2004,Moldova,146780,219026,1.4922060226188854
2005,Moldova,146780,228382,1.5559476767952036
2006,Moldova,146780,216351,1.473981468864968
2007,Moldova,146780,209934,1.4302629786074397
2008,Moldova,146780,118383,0.8065335876822456
2009,Moldova,146780,116170,0.7914566017168552
2010,Moldova,146780,223020,1.5194168142798747
2011,Moldova,146780,173714,1.183499114320752
2012,Moldova,146780,234277,1.596109824226734
2013,Moldova,146780,182973,1.2465799155198256
1992,Montenegro,45372,21264,0.4686590848981751
1993,Montenegro,45372,23374,0.5151635369831614
1994,Montenegro,45372,47815,1.053843780305034
1995,Montenegro,45372,32821,0.7233756501807282
1996,Montenegro,45372,33633,0.7412721502248083
1997,Montenegro,45372,62739,1.3827691087014018
1998,Montenegro,45372,78079,1.720863087366658
1999,Montenegro,45372,78507,1.730296217931764
2000,Montenegro,45372,96163,2.119434893767081
2001,Montenegro,45372,85716,1.8891827558846865
2002,Montenegro,45372,90554,1.9958123953098827
2003,Montenegro,45372,89368,1.9696729260336772
2004,Montenegro,45372,78458,1.7292162567222076
2005,Montenegro,45372,98347,2.1675703076787447
2006,Montenegro,45372,98342,2.1674601075553204
2007,Montenegro,45372,101232,2.2311557788944723
2008,Montenegro,45372,60270,1.3283522877545624
2009,Montenegro,45372,51150,1.1273472626289343
2010,Montenegro,45372,81809,1.803072379441065
2011,Montenegro,45372,85326,1.8805871462576038
2012,Montenegro,45372,84612,1.8648505686326369
2013,Montenegro,45372,85843,1.8919818390196597
1992,Myanmar,2357003,71016,0.03012978770073691
1993,Myanmar,2357003,88363,0.037489557713757685
1994,Myanmar,2357003,181813,0.07713736469575982
1995,Myanmar,2357003,120159,0.05097957024237983
1996,Myanmar,2357003,143905,0.061054228611503676
1997,Myanmar,2357003,273291,0.11594851597558425
1998,Myanmar,2357003,259696,0.11018059798820791
1999,Myanmar,2357003,250999,0.10649074269315736
2000,Myanmar,2357003,321503,0.13640330538399822
2001,Myanmar,2357003,276054,0.11712076734734746
2002,Myanmar,2357003,253919,0.10772960407772074
2003,Myanmar,2357003,197254,0.08368848066803479
2004,Myanmar,2357003,198607,0.08426251472738898
2005,Myanmar,2357003,198844,0.08436306614798539
2006,Myanmar,2357003,213042,0.09038681749662601
2007,Myanmar,2357003,224268,0.09514964554563571
2008,Myanmar,2357003,142262,0.06035715694888806
2009,Myanmar,2357003,79106,0.03356211256413335
2010,Myanmar,2357003,539484,0.22888558054444563
2011,Myanmar,2357003,421365,0.17877151620087034
2012,Myanmar,2357003,360567,0.15297689481091029
2013,Myanmar,2357003,438487,0.18603582600446414
1992,Nepal,469964,29038,0.061787711399171
1993,Nepal,469964,28769,0.06121532713143985
1994,Nepal,469964,64521,0.13728923917576666
1995,Nepal,469964,45657,0.09714999446766136
1996,Nepal,469964,49248,0.10479100526848865
1997,Nepal,469964,83852,0.17842217701781413
1998,Nepal,469964,95517,0.20324322714080229
1999,Nepal,469964,109344,0.2326646296312058
2000,Nepal,469964,127912,0.27217403886255115
2001,Nepal,469964,142416,0.30303597722378733
2002,Nepal,469964,131768,0.28037892264088315
2003,Nepal,469964,97407,0.20726481177281664
2004,Nepal,469964,124858,0.26567566877462956
2005,Nepal,469964,113122,0.24070354325012128
2006,Nepal,469964,116030,0.2468912512447762
2007,Nepal,469964,120049,0.2554429700998374
2008,Nepal,469964,61123,0.13005889812836727
2009,Nepal,469964,47840,0.10179503110876578
2010,Nepal,469964,83104,0.17683056574546135
2011,Nepal,469964,64019,0.13622107225234273
2012,Nepal,469964,45660,0.09715637793533122
2013,Nepal,469964,68297,0.1453238971495689
1992,Netherlands,148004,1511656,10.213615848220318
1993,Netherlands,148004,1595381,10.779310018648145
1994,Netherlands,148004,3299922,22.296167671144023
1995,Netherlands,148004,1825046,12.331058620037297
1996,Netherlands,148004,1706444,11.529715413096943
1997,Netherlands,148004,3231458,21.83358557876814
1998,Netherlands,148004,3313045,22.384834193670443
1999,Netherlands,148004,3572879,24.140421880489715
2000,Netherlands,148004,3495917,23.620422421015647
2001,Netherlands,148004,3372775,22.788404367449527
2002,Netherlands,148004,3309160,22.358584903110728
2003,Netherlands,148004,2947905,19.917738709764603
2004,Netherlands,148004,2787018,18.830693765033377
2005,Netherlands,148004,2867720,19.375962811815896
2006,Netherlands,148004,2866616,19.368503553958
2007,Netherlands,148004,3106796,20.99129753249912
2008,Netherlands,148004,1690925,11.424860138915164
2009,Netherlands,148004,1633506,11.036904407988974
2010,Netherlands,148004,2419837,16.349808113294234
2011,Netherlands,148004,1721879,11.634003135050405
2012,Netherlands,148004,1944217,13.13624631766709
2013,Netherlands,148004,1812010,12.242979919461636
1992,Pakistan,3286104,2120848,0.6453989283358044
1993,Pakistan,3286104,2170448,0.6604927902464438
1994,Pakistan,3286104,4359127,1.326533487680244
1995,Pakistan,3286104,2703625,0.8227448066159805
1996,Pakistan,3286104,2772756,0.8437821809656664
1997,Pakistan,3286104,4883648,1.4861513816969882
1998,Pakistan,3286104,5412855,1.6471952804902097
1999,Pakistan,3286104,5462445,1.6622860992835284
2000,Pakistan,3286104,5756594,1.7517990909599939
2001,Pakistan,3286104,5897819,1.794775515321487
2002,Pakistan,3286104,5965159,1.8152678673590368
2003,Pakistan,3286104,5122568,1.558857540722996
2004,Pakistan,3286104,5655966,1.72117680998532
2005,Pakistan,3286104,5315628,1.6176079637163037
2006,Pakistan,3286104,5877342,1.788544123983903
2007,Pakistan,3286104,6282948,1.9119747883816216
2008,Pakistan,3286104,2896239,0.8813595065767852
2009,Pakistan,3286104,3010090,0.916005701584612
2010,Pakistan,3286104,3843818,1.1697189133393222
2011,Pakistan,3286104,3128210,0.951951003376643
2012,Pakistan,3286104,3420187,1.0408030299710538
2013,Pakistan,3286104,3122682,0.9502687681217636
1992,Philippines,1744448,239243,0.13714538925780534
1993,Philippines,1744448,325014,0.1863133782147705
1994,Philippines,1744448,683758,0.39196238580914994
1995,Philippines,1744448,416558,0.2387907234838757
1996,Philippines,1744448,430112,0.24656051656455222
1997,Philippines,1744448,984196,0.5641876398723263
1998,Philippines,1744448,996354,0.5711571798070221
1999,Philippines,1744448,893390,0.5121333510657813
2000,Philippines,1744448,935278,0.5361455314231207
2001,Philippines,1744448,982809,0.5633925459514987
2002,Philippines,1744448,1068204,0.6123449939465092
2003,Philippines,1744448,935935,0.5365221548593022
2004,Philippines,1744448,993419,0.5694746991598488
2005,Philippines,1744448,850335,0.4874521911802473
2006,Philippines,1744448,825025,0.4729433035550501
2007,Philippines,1744448,958207,0.5492895173716843
2008,Philippines,1744448,511417,0.29316838335106576
2009,Philippines,1744448,465386,0.2667812396815497
2010,Philippines,1744448,839300,0.4811264078952196
2011,Philippines,1744448,625551,0.35859538375463185
2012,Philippines,1744448,656063,0.37608630351836225
2013,Philippines,1744448,712719,0.4085641991048171
1992,Poland,837200,2456297,2.9339429049211656
1993,Poland,837200,2230093,2.6637517916865745
1994,Poland,837200,4587921,5.480077639751553
1995,Poland,837200,4069906,4.861330625895843
1996,Poland,837200,3793730,4.531450071667463
1997,Poland,837200,6450536,7.704892498805543
1998,Poland,837200,10227361,12.216150262780697
1999,Poland,837200,8511626,10.1667773530817
2000,Poland,837200,8283872,9.894734830387005
2001,Poland,837200,9895096,11.819273769708552
2002,Poland,837200,10948089,13.077029383659818
2003,Poland,837200,7982032,9.534199713330148
2004,Poland,837200,8262011,9.868622790253225
2005,Poland,837200,9031180,10.787362637362637
2006,Poland,837200,9615989,11.485892259914
2007,Poland,837200,8241338,9.843929765886287
2008,Poland,837200,4613272,5.510358337314859
2009,Poland,837200,5017997,5.993785236502628
2010,Poland,837200,11013992,13.15574773053034
2011,Poland,837200,6965483,8.31997491638796
2012,Poland,837200,8389589,10.021009316770186
2013,Poland,837200,5993181,7.158601290014333
1992,Romania,615850,500605,0.8128683932775839
1993,Romania,615850,683852,1.1104197450677924
1994,Romania,615850,1411605,2.2921247056913208
1995,Romania,615850,1142922,1.8558447673946579
1996,Romania,615850,1128357,1.8321945278882845
1997,Romania,615850,2046843,3.3236063976617682
1998,Romania,615850,2890457,4.693443208573516
1999,Romania,615850,2118089,3.4392936591702523
2000,Romania,615850,2938705,4.77178696111066
2001,Romania,615850,2931548,4.760165624746286
2002,Romania,615850,3248319,5.274529512056508
2003,Romania,615850,2434531,3.9531233254851017
2004,Romania,615850,2476607,4.021445157099943
2005,Romania,615850,2563431,4.1624275391735
2006,Romania,615850,2310872,3.7523293009661445
2007,Romania,615850,2487938,4.039844117885849
2008,Romania,615850,1585108,2.5738540228951856
2009,Romania,615850,1459501,2.369896890476577
2010,Romania,615850,2275121,3.694277827393034
2011,Romania,615850,2153323,3.496505642607778
2012,Romania,615850,2362742,3.8365543557684503
2013,Romania,615850,1850363,3.004567670699034
1992,Russia,175525663,28274667,0.16108565845439934
1993,Russia,175525663,28810490,0.1641383345750416
1994,Russia,175525663,59195150,0.33724498736119285
1995,Russia,175525663,28016991,0.15961763380435146
1996,Russia,175525663,27260394,0.15530717009740053
1997,Russia,175525663,52312959,0.2980359572833518
1998,Russia,175525663,56920103,0.3242836519010898
1999,Russia,175525663,48336168,0.275379492513297
2000,Russia,175525663,58538038,0.333501306871577
2001,Russia,175525663,55714390,0.3174144968191916
2002,Russia,175525663,49159660,0.28007106858214803
2003,Russia,175525663,46561163,0.2652669826405954
2004,Russia,175525663,50586274,0.28819873479127667
2005,Russia,175525663,49319885,0.28098389806395435
2006,Russia,175525663,48122326,0.27416119772753683
2007,Russia,175525663,55949565,0.31875432938829007
2008,Russia,175525663,28146923,0.16035787883621325
2009,Russia,175525663,27905977,0.1589851678839692
2010,Russia,175525663,43061297,0.2453276419186635
2011,Russia,175525663,37010583,0.2108556798329826
2012,Russia,175525663,37893981,0.2158885507243462
2013,Russia,175525663,37448149,0.21334856886425776
1992,Rwanda,46440,5332,0.11481481481481481
1993,Rwanda,46440,5728,0.12334194659776056
1994,Rwanda,46440,2932,0.06313522825150732
1995,Rwanda,46440,4291,0.09239879414298019
1996,Rwanda,46440,4899,0.10549095607235143
1997,Rwanda,46440,9042,0.194702842377261
1998,Rwanda,46440,10047,0.216343669250646
1999,Rwanda,46440,10296,0.22170542635658916
2000,Rwanda,46440,12632,0.27200689061154176
2001,Rwanda,46440,12088,0.2602928509905254
2002,Rwanda,46440,11594,0.24965546942291128
2003,Rwanda,46440,8037,0.17306201550387598
2004,Rwanda,46440,8073,0.17383720930232557
2005,Rwanda,46440,7586,0.16335055986218777
2006,Rwanda,46440,9656,0.20792420327304048
2007,Rwanda,46440,10618,0.22863910422049957
2008,Rwanda,46440,6180,0.1330749354005168
2009,Rwanda,46440,6780,0.14599483204134367
2010,Rwanda,46440,12452,0.2681309216192937
2011,Rwanda,46440,14111,0.30385443583118
2012,Rwanda,46440,17574,0.37842377260981913
2013,Rwanda,46440,19269,0.414922480620155
1992,Saudi Arabia,4792450,2768516,0.5776828135922127
1993,Saudi Arabia,4792450,2841189,0.5928468737284688
1994,Saudi Arabia,4792450,5540848,1.1561618796231572
1995,Saudi Arabia,4792450,3072910,0.6411981345658275
1996,Saudi Arabia,4792450,3049803,0.6363765923483813
1997,Saudi Arabia,4792450,5479021,1.1432609625556867
1998,Saudi Arabia,4792450,5585590,1.1654978142703627
1999,Saudi Arabia,4792450,5790911,1.2083404104372502
2000,Saudi Arabia,4792450,6347002,1.3243752151822137
2001,Saudi Arabia,4792450,6377192,1.3306747070913625
2002,Saudi Arabia,4792450,6743699,1.4071506223330448
2003,Saudi Arabia,4792450,6267494,1.307784953416311
2004,Saudi Arabia,4792450,6572490,1.3714258886373358
2005,Saudi Arabia,4792450,6521705,1.3608290123005977
2006,Saudi Arabia,4792450,7168759,1.4958442967584429
2007,Saudi Arabia,4792450,7784296,1.624283195442832
2008,Saudi Arabia,4792450,4345278,0.906692401590001
2009,Saudi Arabia,4792450,4099633,0.8554357374620497
2010,Saudi Arabia,4792450,6221098,1.2981038925810389
2011,Saudi Arabia,4792450,5838241,1.2182163611513943
2012,Saudi Arabia,4792450,6442453,1.3442921678890756
2013,Saudi Arabia,4792450,6597048,1.3765501987501174
1992,Senegal,379620,27388,0.07214583004056688
1993,Senegal,379620,37628,0.09912017280438333
1994,Senegal,379620,69340,0.1826563405510774
1995,Senegal,379620,42161,0.11106106106106106
1996,Senegal,379620,46399,0.12222485643538275
1997,Senegal,379620,81617,0.2149965755228913
1998,Senegal,379620,88401,0.2328670776039197
1999,Senegal,379620,86201,0.22707180865075602
2000,Senegal,379620,95899,0.25261840788156575
2001,Senegal,379620,103244,0.2719667035456509
2002,Senegal,379620,109679,0.2889178652336547
2003,Senegal,379620,90868,0.23936568147094464
2004,Senegal,379620,109404,0.28819345661450924
2005,Senegal,379620,104975,0.27652652652652654
2006,Senegal,379620,109269,0.28783783783783784
2007,Senegal,379620,122598,0.3229492650545282
2008,Senegal,379620,68154,0.17953216374269007
2009,Senegal,379620,66070,0.17404246351614772
2010,Senegal,379620,95525,0.25163321215952794
2011,Senegal,379620,80861,0.21300511037353143
2012,Senegal,379620,88972,0.23437121331858174
2013,Senegal,379620,88910,0.23420789210262893
1992,Serbia,236027,352814,1.4948035606095913
1993,Serbia,236027,366490,1.5527460841344423
1994,Serbia,236027,776696,3.290708266427146
1995,Serbia,236027,528561,2.2394090506594586
1996,Serbia,236027,543598,2.3031178636342453
1997,Serbia,236027,1091247,4.623399017908968
1998,Serbia,236027,1296296,5.492151321670826
1999,Serbia,236027,1134839,4.808089752443577
2000,Serbia,236027,1137083,4.817597139310333
2001,Serbia,236027,1215517,5.149906578484665
2002,Serbia,236027,1316546,5.577946590856131
2003,Serbia,236027,1207020,5.113906459854169
2004,Serbia,236027,1081594,4.582501154528931
2005,Serbia,236027,1364234,5.779991272184962
2006,Serbia,236027,1203264,5.097993026221577
2007,Serbia,236027,1285121,5.444805043490787
2008,Serbia,236027,776390,3.2894118045816794
2009,Serbia,236027,726101,3.0763471975663803
2010,Serbia,236027,1125884,4.770149177848297
2011,Serbia,236027,980051,4.152283425201354
2012,Serbia,236027,1079211,4.572404851987272
2013,Serbia,236027,914009,3.8724764539650125
1992,Spain,1398941,3705218,2.6485877531647155
1993,Spain,1398941,3792292,2.7108305496800793
1994,Spain,1398941,8105375,5.793936270364512
1995,Spain,1398941,4689634,3.352274327509166
1996,Spain,1398941,4615281,3.2991248380024603
1997,Spain,1398941,8942094,6.392045125562836
1998,Spain,1398941,9508130,6.796662618366321
1999,Spain,1398941,9855386,7.044890384941181
2000,Spain,1398941,10420286,7.448695834920843
2001,Spain,1398941,10421204,7.449352045583052
2002,Spain,1398941,10900580,7.792022680012953
2003,Spain,1398941,9401033,6.72010685225467
2004,Spain,1398941,9987590,7.1393932982162935
2005,Spain,1398941,9882623,7.064360112399307
2006,Spain,1398941,10345447,7.39519893976944
2007,Spain,1398941,11240784,8.035209490607539
2008,Spain,1398941,5924279,4.234831204461089
2009,Spain,1398941,5909339,4.224151697605546
2010,Spain,1398941,7733887,5.528386829751934
2011,Spain,1398941,6553748,4.6847922821620065
2012,Spain,1398941,6561817,4.690560216621001
2013,Spain,1398941,6184932,4.421152857768841
1992,Sweden,2552446,3616797,1.4169925632119151
1993,Sweden,2552446,3683282,1.4430401269997484
1994,Sweden,2552446,8442367,3.3075594939128976
1995,Sweden,2552446,5352381,2.096961502809462
1996,Sweden,2552446,4414582,1.7295496163288078
1997,Sweden,2552446,8343473,3.26881469774483
1998,Sweden,2552446,9589820,3.7571098467900987
1999,Sweden,2552446,8825450,3.4576441578000083
2000,Sweden,2552446,7571976,2.966556785138647
2001,Sweden,2552446,6982566,2.735637110442297
2002,Sweden,2552446,5754246,2.2544045985693724
2003,Sweden,2552446,6791550,2.6608006594458806
2004,Sweden,2552446,6256324,2.451109249715763
2005,Sweden,2552446,6099293,2.389587478050466
2006,Sweden,2552446,6709469,2.6286428782430655
2007,Sweden,2552446,6999111,2.7421191280834147
2008,Sweden,2552446,3639748,1.425984330324716
2009,Sweden,2552446,3123081,1.2235639852909719
2010,Sweden,2552446,7169269,2.808783809726043
2011,Sweden,2552446,4575047,1.7924167641548538
2012,Sweden,2552446,5155446,2.0198060997176825
2013,Sweden,2552446,4555441,1.7847355046884439
1992,Switzerland,131688,664983,5.049685620557682
1993,Switzerland,131688,612451,4.650773039305024
1994,Switzerland,131688,1435662,10.901995626025151
1995,Switzerland,131688,841013,6.386405746916955
1996,Switzerland,131688,795107,6.037809063847883
1997,Switzerland,131688,1469245,11.15701506591337
1998,Switzerland,131688,1763245,13.38956472875281
1999,Switzerland,131688,1962054,14.899261891744123
2000,Switzerland,131688,1807278,13.723938399854202
2001,Switzerland,131688,1761441,13.375865682522326
2002,Switzerland,131688,1780840,13.523175991738048
2003,Switzerland,131688,1784625,13.551918170220521
2004,Switzerland,131688,1476815,11.214499422878319
2005,Switzerland,131688,1878842,14.2673744000972
2006,Switzerland,131688,1607171,12.204384606038515
2007,Switzerland,131688,1725463,13.102659315958933
2008,Switzerland,131688,1019065,7.738480347488002
2009,Switzerland,131688,982587,7.461477127756515
2010,Switzerland,131688,1494877,11.351656946722557
2011,Switzerland,131688,1051692,7.986240204118826
2012,Switzerland,131688,1238479,9.40464582953648
2013,Switzerland,131688,1153476,8.759158009841443
1992,Tajikistan,459342,185422,0.40366872613434
1993,Tajikistan,459342,168780,0.36743864049009234
1994,Tajikistan,459342,339882,0.7399323379965255
1995,Tajikistan,459342,212892,0.46347166163773396
1996,Tajikistan,459342,198684,0.43254046004937496
1997,Tajikistan,459342,285996,0.6226210535940541
1998,Tajikistan,459342,366255,0.7973470747286335
1999,Tajikistan,459342,288789,0.6287014903927792
2000,Tajikistan,459342,315921,0.6877685907232519
2001,Tajikistan,459342,308021,0.6705700763265715
2002,Tajikistan,459342,393512,0.8566863034514588
2003,Tajikistan,459342,282356,0.6146966748087481
2004,Tajikistan,459342,322024,0.7010549873514723
2005,Tajikistan,459342,323062,0.7033147415215678
2006,Tajikistan,459342,305810,0.6657566693226398
2007,Tajikistan,459342,360203,0.7841717064844931
2008,Tajikistan,459342,156184,0.34001680664951167
2009,Tajikistan,459342,75262,0.16384741652189436
2010,Tajikistan,459342,162760,0.35433293711439406
2011,Tajikistan,459342,130493,0.28408680242607903
2012,Tajikistan,459342,168544,0.36692486208533076
2013,Tajikistan,459342,185818,0.4045308288813128
1992,Tanzania,1705492,37143,0.02177846627248911
1993,Tanzania,1705492,54130,0.03173864198718024
1994,Tanzania,1705492,100056,0.05866694185607438
1995,Tanzania,1705492,64976,0.038098097205967546
1996,Tanzania,1705492,66236,0.038836886951096806
1997,Tanzania,1705492,108644,0.06370243894430463
1998,Tanzania,1705492,119982,0.0703503739683329
1999,Tanzania,1705492,131112,0.07687635005030806
2000,Tanzania,1705492,138479,0.08119592469504401
2001,Tanzania,1705492,134778,0.07902587640399368
2002,Tanzania,1705492,146233,0.0857424133329268
2003,Tanzania,1705492,109188,0.06402140848505886
2004,Tanzania,1705492,128783,0.07551076170395404
2005,Tanzania,1705492,114132,0.06692027872308988
2006,Tanzania,1705492,119816,0.07025304135111744
2007,Tanzania,1705492,116927,0.0685591020069282
2008,Tanzania,1705492,68535,0.040184885065423934
2009,Tanzania,1705492,67516,0.039587403517577335
2010,Tanzania,1705492,120878,0.07087573556486926
2011,Tanzania,1705492,96549,0.056610643732131254
2012,Tanzania,1705492,112227,0.06580329898938253
2013,Tanzania,1705492,114128,0.06691793335881963
1992,Togo,141372,18387,0.13006111535523301
1993,Togo,141372,18187,0.12864640805817276
1994,Togo,141372,40803,0.2886215092097445
1995,Togo,141372,21928,0.1551085080496845
1996,Togo,141372,21535,0.15232860821096114
1997,Togo,141372,49785,0.3521560139207198
1998,Togo,141372,40226,0.28454007865772574
1999,Togo,141372,44267,0.3131242395948278
2000,Togo,141372,39299,0.2779829103358515
2001,Togo,141372,40552,0.2868460515519339
2002,Togo,141372,41751,0.29532722179781
2003,Togo,141372,35868,0.25371360665478315
2004,Togo,141372,35829,0.2534377387318564
2005,Togo,141372,35988,0.2545624310330193
2006,Togo,141372,34323,0.2427849927849928
2007,Togo,141372,39597,0.28009082420847126
2008,Togo,141372,25288,0.1788755906402965
2009,Togo,141372,22264,0.1574852163087457
2010,Togo,141372,35818,0.2533599298305181
2011,Togo,141372,34462,0.24376821435644966
2012,Togo,141372,40064,0.2833941657471069
2013,Togo,141372,37366,0.26430976430976433
1992,Turkey,1708509,1484959,0.8691549181186637
1993,Turkey,1708509,2096023,1.2268141402825505
1994,Turkey,1708509,3916540,2.2923730574436543
1995,Turkey,1708509,2306944,1.3502673968940169
1996,Turkey,1708509,2230482,1.3055137549758298
1997,Turkey,1708509,3972755,2.325276015519965
1998,Turkey,1708509,4791385,2.804424793782181
1999,Turkey,1708509,4729527,2.768218955826396
2000,Turkey,1708509,5882999,3.4433526542734043
2001,Turkey,1708509,4665630,2.730819679615384
2002,Turkey,1708509,5422081,3.1735747368026743
2003,Turkey,1708509,4152312,2.4303717451883484
2004,Turkey,1708509,5135249,3.0056903416955953
2005,Turkey,1708509,4530334,2.6516301640787376
2006,Turkey,1708509,4953675,2.8994140504966612
2007,Turkey,1708509,6068579,3.5519736799747617
2008,Turkey,1708509,3619400,2.1184553315200563
2009,Turkey,1708509,2871427,1.6806624957784828
2010,Turkey,1708509,4887165,2.8604853705775035
2011,Turkey,1708509,4449387,2.6042514262435845
2012,Turkey,1708509,5388944,3.154179462911814
2013,Turkey,1708509,5035137,2.9470942207503734
1992,Turkmenistan,1516613,302532,0.19947870682896693
1993,Turkmenistan,1516613,288847,0.19045531061648555
1994,Turkmenistan,1516613,630007,0.41540392967751166
1995,Turkmenistan,1516613,347549,0.22916129559749257
1996,Turkmenistan,1516613,353054,0.23279109436619624
1997,Turkmenistan,1516613,586651,0.3868165444975086
1998,Turkmenistan,1516613,785708,0.5180675623906692
1999,Turkmenistan,1516613,768646,0.5068174939816552
2000,Turkmenistan,1516613,868686,0.5727802676094692
2001,Turkmenistan,1516613,918088,0.6053541674771349
2002,Turkmenistan,1516613,1053598,0.6947045818544348
2003,Turkmenistan,1516613,906217,0.5975268575437505
2004,Turkmenistan,1516613,975969,0.6435188146217921
2005,Turkmenistan,1516613,936722,0.6176407560795009
2006,Turkmenistan,1516613,894846,0.5900292296057069
2007,Turkmenistan,1516613,953762,0.6288763184807199
2008,Turkmenistan,1516613,559190,0.3687097499493938
2009,Turkmenistan,1516613,428365,0.2824484558684384
2010,Turkmenistan,1516613,775481,0.5113242468579657
2011,Turkmenistan,1516613,658716,0.4343336104859974
2012,Turkmenistan,1516613,699834,0.46144533905485446
2013,Turkmenistan,1516613,696030,0.45893711843430063
1992,Uganda,448020,13849,0.030911566447926433
1993,Uganda,448020,20015,0.04467434489531717
1994,Uganda,448020,39640,0.08847819293781528
1995,Uganda,448020,27744,0.061925806883621266
1996,Uganda,448020,33541,0.07486496138565242
1997,Uganda,448020,51871,0.11577831346814875
1998,Uganda,448020,56175,0.12538502745413152
1999,Uganda,448020,51320,0.11454845765814026
2000,Uganda,448020,63501,0.1417369760278559
2001,Uganda,448020,71321,0.15919155394848444
2002,Uganda,448020,75968,0.16956385875630553
2003,Uganda,448020,53403,0.11919780366947905
2004,Uganda,448020,61547,0.13737556359091113
2005,Uganda,448020,49876,0.11132538725949734
2006,Uganda,448020,44982,0.10040176777822418
2007,Uganda,448020,49670,0.11086558635775189
2008,Uganda,448020,32011,0.07144993527074685
2009,Uganda,448020,31850,0.07109057631355743
2010,Uganda,448020,56089,0.12519307173786884
2011,Uganda,448020,47524,0.10607562162403464
2012,Uganda,448020,52029,0.11613097629570109
2013,Uganda,448020,54732,0.12216418909870096
1992,United Kingdom,1158704,6385337,5.510757708612381
1993,United Kingdom,1158704,6329686,5.462729049006477
1994,United Kingdom,1158704,12894362,11.128262265427582
1995,United Kingdom,1158704,6917584,5.9701045305789915
1996,United Kingdom,1158704,6561697,5.6629622405722255
1997,United Kingdom,1158704,13078675,11.287330500283074
1998,United Kingdom,1158704,12970531,11.193998639859705
1999,United Kingdom,1158704,13588053,11.72694061641282
2000,United Kingdom,1158704,13400326,11.56492598627432
2001,United Kingdom,1158704,13135506,11.336377539043621
2002,United Kingdom,1158704,12278614,10.596851309739156
2003,United Kingdom,1158704,11861248,10.236650602742374
2004,United Kingdom,1158704,11738143,10.130406902884602
2005,United Kingdom,1158704,11132038,9.607318176169237
2006,United Kingdom,1158704,11386409,9.826848789682266
2007,United Kingdom,1158704,12315323,10.628532394813515
2008,United Kingdom,1158704,6114055,5.276632340960245
2009,United Kingdom,1158704,6091105,5.256825729435645
2010,United Kingdom,1158704,8604536,7.426000082851186
2011,United Kingdom,1158704,6305592,5.441935127521783
2012,United Kingdom,1158704,6740901,5.817621238901394
2013,United Kingdom,1158704,6558518,5.660218658086966
1992,United States,79178520,58567002,0.7396829594693106
1993,United States,79178520,61789238,0.7803787946528933
1994,United States,79178520,121158781,1.5301975965198642
1995,United States,79178520,66806796,0.8437489864675419
1996,United States,79178520,67212741,0.8488759451426978
1997,United States,79178520,121546641,1.5350961472884312
1998,United States,79178520,123283734,1.5570350898198149
1999,United States,79178520,131449397,1.6601648654205712
2000,United States,79178520,143256101,1.8092798526671123
2001,United States,79178520,130205656,1.6444568046990522
2002,United States,79178520,131823855,1.6648941531112227
2003,United States,79178520,114614916,1.447550623578213
2004,United States,79178520,116753244,1.4745570389545044
2005,United States,79178520,111351006,1.406328458778972
2006,United States,79178520,113171209,1.42931705467594
2007,United States,79178520,124798623,1.576167665169796
2008,United States,79178520,67156632,0.8481673059814707
2009,United States,79178520,63839473,0.8062726229285417
2010,United States,79178520,84604863,1.0685330188035846
2011,United States,79178520,71740388,0.9060587139037204
2012,United States,79178520,70121285,0.8856099482536425
2013,United States,79178520,72429916,0.9147672373770058
1992,Uzbekistan,2085798,1199931,0.5752862933035702
1993,Uzbekistan,2085798,1141622,0.5473310454799554
1994,Uzbekistan,2085798,2314161,1.109484715202527
1995,Uzbekistan,2085798,1375336,0.6593812056584578
1996,Uzbekistan,2085798,1343105,0.6439286067011283
1997,Uzbekistan,2085798,2226284,1.0673535979994229
1998,Uzbekistan,2085798,2575967,1.2350031019302923
1999,Uzbekistan,2085798,2152843,1.0321435728675548
2000,Uzbekistan,2085798,2229091,1.068699365902163
2001,Uzbekistan,2085798,2403503,1.1523182014749271
2002,Uzbekistan,2085798,2903088,1.3918356427611878
2003,Uzbekistan,2085798,2038407,0.9772791996156867
2004,Uzbekistan,2085798,2181933,1.0460902733630006
2005,Uzbekistan,2085798,2105193,1.0092985993849837
2006,Uzbekistan,2085798,2209510,1.0593115920141836
2007,Uzbekistan,2085798,2365732,1.1342095447401905
2008,Uzbekistan,2085798,1233392,0.5913285946194214
2009,Uzbekistan,2085798,922783,0.442412448377072
2010,Uzbekistan,2085798,1588489,0.7615737477934105
2011,Uzbekistan,2085798,1157408,0.55489937184713
2012,Uzbekistan,2085798,1179890,0.5656779803221597
2013,Uzbekistan,2085798,1146421,0.5496318435438139
1992,Vietnam,1524831,174865,0.11467828238014574
1993,Vietnam,1524831,214150,0.14044179322167505
1994,Vietnam,1524831,448982,0.29444705675579785
1995,Vietnam,1524831,306196,0.20080651560730337
1996,Vietnam,1524831,288891,0.18945771695355093
1997,Vietnam,1524831,772595,0.5066758217795939
1998,Vietnam,1524831,877226,0.5752939178177778
1999,Vietnam,1524831,1014777,0.6655012916185465
2000,Vietnam,1524831,1169441,0.7669315484797987
2001,Vietnam,1524831,1321075,0.8663746998847741
2002,Vietnam,1524831,1491081,0.9778663996206792
2003,Vietnam,1524831,1399549,0.9178387637711982
2004,Vietnam,1524831,1524322,0.9996661925157607
2005,Vietnam,1524831,1418721,0.9304119604074157
2006,Vietnam,1524831,1654686,1.085160257103902
2007,Vietnam,1524831,1750710,1.148133793187573
2008,Vietnam,1524831,948335,0.621927938243648
2009,Vietnam,1524831,901809,0.5914157044288842
2010,Vietnam,1524831,1654902,1.0853019121463297
2011,Vietnam,1524831,1290408,0.8462629629119555
2012,Vietnam,1524831,1406672,0.9225101011194028
2013,Vietnam,1524831,1567793,1.0281749256147075
