country,year,pixels,luminosity,lum/pix,lum_growth,population,gdpgrowth
Armenia,1992.0,106304.0,32556.0,0.3062537627934979,32555.0,3442817,-41.80000274
Armenia,1993.0,106304.0,40362.0,0.3796846779048766,0.23977147069664576,3363108,-8.799998794
Armenia,1994.0,106304.0,63429.0,0.5966755719446116,0.5715028987661662,3283667,5.400002783
Armenia,1995.0,106304.0,28877.0,0.2716454695966285,-0.5447350580964543,3217348,6.899998416
Armenia,1996.0,106304.0,41219.0,0.387746462974112,0.4273989680368459,3168221,5.865400751
Armenia,1997.0,106304.0,91015.0,0.8561766255267911,1.208083650743589,3133089,3.321079698
Armenia,1998.0,106304.0,111088.0,1.0450030102347982,0.2205460638356315,3108687,7.299999989
Armenia,1999.0,106304.0,75796.0,0.7130117399157134,-0.3176940803687167,3089022,3.300000002
Armenia,2000.0,106304.0,101604.0,0.9557871763997592,0.3404929020001056,3069591,5.9
Armenia,2001.0,106304.0,91432.0,0.8600993377483444,-0.10011416873351443,3050687,9.6
Armenia,2002.0,106304.0,114368.0,1.0758579169175195,0.2508530930090121,3033978,13.2
Armenia,2003.0,106304.0,106785.0,1.0045247591812159,-0.06630351147174035,3017932,14.0
Armenia,2004.0,106304.0,114414.0,1.0762906381697772,0.07144261834527321,3000720,10.5
Armenia,2005.0,106304.0,128269.0,1.2066243979530404,0.12109532050273568,2981269,13.9
Armenia,2006.0,106304.0,135745.0,1.2769510084286575,0.05828376302925883,2958307,13.2
Armenia,2007.0,106304.0,166570.0,1.5669212823600245,0.2270801871155476,2932618,13.7
Armenia,2008.0,106304.0,107041.0,1.0069329470198676,-0.357381281143063,2907618,6.9
Armenia,2009.0,106304.0,82271.0,0.7739219596628537,-0.2314066572621705,2888092,-14.1
Armenia,2010.0,106304.0,126942.0,1.1941413305237811,0.5429738303898093,2877319,2.2
Armenia,2011.0,106304.0,127212.0,1.1966812161348586,0.0021269556175261143,2876538,4.7
Armenia,2012.0,423306.0,150532.86890813697,1.3816010946034327,0.18332286976179107,2884229,7.2
Armenia,2013.0,423306.0,143299.13109186303,1.3824717530786867,-0.04805420815229622,2897584,3.3
Armenia,2014.0,423306.0,130155.57572138267,1.3784497166890093,-0.09172111003279274,2912403,3.6
Armenia,2015.0,423306.0,138399.68865286038,1.380213945226551,0.06334045150032952,2925553,3.2
Armenia,2016.0,423306.0,139901.96850957116,1.3805354309966529,0.01085464766094135,2936146,0.2
Armenia,2017.0,423306.0,154545.24317534207,1.383669071118172,0.10466811026157301,2944809,7.5
Armenia,2018.0,423306.0,141437.36426832393,1.380864003523076,-0.0848158030470492,2951776,5.2
Benin,1992.0,266448.0,14970.0,0.05618357052783282,-0.8941580955114514,5331803,2.9577108260000005
Benin,1993.0,266448.0,17225.0,0.06464676034348166,0.15063460253841016,5521763,5.836172088
Benin,1994.0,266448.0,23490.0,0.08815979102864349,0.3637155297532656,5714220,2.020400448
Benin,1995.0,266448.0,18802.0,0.07056536359815048,-0.1995742869306088,5905558,6.0451986479999995
Benin,1996.0,266448.0,19419.0,0.07288101243019275,0.03281565790873312,6094259,4.324284031
Benin,1997.0,266448.0,42625.0,0.15997492944214256,1.1950151913074825,6281639,5.734688377
Benin,1998.0,266448.0,44927.0,0.16861451390139914,0.054005865102639286,6470265,3.961012138
Benin,1999.0,266448.0,47956.0,0.17998258572029066,0.0674204821154317,6664098,5.341449372
Benin,2000.0,266448.0,45406.0,0.17041223803518885,-0.05317374259738093,6865951,5.857714205
Benin,2001.0,266448.0,45298.0,0.17000690566264334,-0.0023785402810201296,7076733,5.333135706
Benin,2002.0,266448.0,50062.0,0.18788656698492764,0.10517020619011876,7295394,4.643030871000001
Benin,2003.0,266448.0,45446.0,0.17056236113613166,-0.09220566497543048,7520555,3.4435767760000005
Benin,2004.0,266448.0,47815.0,0.17945340178946734,0.05212780002640496,7750004,4.429684554
Benin,2005.0,266448.0,42538.0,0.15964841169759206,-0.1103628568440866,7982225,1.7131645640000002
Benin,2006.0,266448.0,44542.0,0.16716957905482496,0.047110818562226715,8216897,3.9437388280000003
Benin,2007.0,266448.0,57083.0,0.2142369242779079,0.2815544878990616,8454793,5.986349322000001
Benin,2008.0,266448.0,33888.0,0.12718429111871735,-0.4063381392008129,8696921,4.896577084
Benin,2009.0,266448.0,35500.0,0.1332342520867111,0.047568460812086884,8944708,2.319292139
Benin,2010.0,266448.0,56293.0,0.21127199303428806,0.5857183098591551,9199259,2.114064726
Benin,2011.0,266448.0,47599.0,0.1786427370443764,-0.1544419377187217,9460830,2.9637529189999996
Benin,2012.0,1064328.0,55343.62196748835,0.1949311745990764,0.16270556035816608,9729248,4.811223316
Benin,2013.0,1064328.0,47828.37803251165,0.19228133966261826,-0.1357924123468379,10004588,7.191433721
Benin,2014.0,1064328.0,51983.88005688911,0.19369140290174064,0.08688360750081732,10286842,6.357679097999999
Benin,2015.0,1064328.0,62890.429761126055,0.19602538915281,0.20980638021442893,10575952,1.77815106
Benin,2016.0,1064328.0,38873.6403150588,0.19088583009132493,-0.3818830549781448,10872067,3.339673426
Benin,2017.0,1064328.0,107205.45178486386,0.20550874135163216,1.7577929650013973,11175204,5.671555468999999
Benin,2018.0,1064328.0,126959.96338224119,0.2097361789662021,0.1842677892633668,11485048,6.697259461
China,1992.0,31160216.0,9467602.0,0.30383621217516593,73.57155584942696,1164970000,14.21616358
China,1993.0,31160216.0,10337858.0,0.3317646450204325,0.09191936881165896,1178440000,13.86757602
China,1994.0,31160216.0,22817106.0,0.7322512141764358,1.2071405894722098,1191835000,13.05215872
China,1995.0,31160216.0,13661477.0,0.43842690307409937,-0.4012616236257131,1204855000,10.94922737
China,1996.0,31160216.0,13099616.0,0.4203955453967328,-0.041127397864813585,1217550000,9.928372462999999
China,1997.0,31160216.0,26193717.0,0.84061410228992,0.9995789952926863,1230075000,9.230769231
China,1998.0,31160216.0,28875233.0,0.9266698600548854,0.10237248879187326,1241935000,7.837613919
China,1999.0,31160216.0,27938493.0,0.8966078091371382,-0.03244095034661711,1252735000,7.667486171
China,2000.0,31160216.0,30806441.0,0.9886465806270406,0.10265220819175896,1262645000,8.491508492000001
China,2001.0,31160216.0,31976358.0,1.0261917953328694,0.037976376433746434,1271850000,8.33991055
China,2002.0,31160216.0,35362179.0,1.1348502526426647,0.10588513551168023,1280400000,9.130645945
China,2003.0,31160216.0,32160536.0,1.0321024732306092,-0.090538623199662,1288400000,10.03560303
China,2004.0,31160216.0,38301513.0,1.2291799581877096,0.190947594903269,1296075000,10.11122346
China,2005.0,31160216.0,36778368.0,1.180298878544359,-0.039767227994361484,1303720000,11.39577594
China,2006.0,31160216.0,40776104.0,1.3085950366967931,0.10869802597004848,1311020000,12.71947902
China,2007.0,31160216.0,44877737.0,1.4402254785396866,0.10058913426353827,1317885000,14.23138804
China,2008.0,31160216.0,25220002.0,0.8093654421394255,-0.4380286599567175,1324655000,9.654289373
China,2009.0,31160216.0,23721125.0,0.7612631760960835,-0.059432073003007686,1331260000,9.399813171
China,2010.0,31160216.0,36545168.0,1.172814976635592,0.5406169816988022,1337705000,10.63614046
China,2011.0,31160216.0,32718703.0,1.050015282307414,-0.10470508714038476,1344130000,9.55091409
China,2012.0,124632400.0,34788177.63118781,1.1333625556185851,0.06325050938565051,1350695000,7.859627493
China,2013.0,124632400.0,36299497.36881219,1.1479975928476511,0.04344348685484088,1357380000,7.768615284
China,2014.0,124632400.0,35537783.54478595,1.139384536357498,-0.02098414246034964,1364270000,7.424523656
China,2015.0,124632400.0,35442422.68248353,1.1189774463483182,-0.0026833654997711945,1371220000,7.041856201
China,2016.0,124632400.0,35454314.68113178,1.121522317283254,0.00033553007238768456,1378665000,6.848728423
China,2017.0,124632400.0,36238873.69631489,1.2894168397717456,0.02212873164350412,1386395000,6.946200092000001
China,2018.0,124632400.0,35670185.1736516,1.1677182981585883,-0.01569277586905591,1392730000,6.751614391
Congo,1992.0,5068440.0,66893.0,0.013197946508195816,-0.9981246803268796,37333914,-10.50000856
Congo,1993.0,5068440.0,74542.0,0.014707089360828972,0.11434679263899065,38815834,-13.46905054
Congo,1994.0,5068440.0,140790.0,0.027777777777777776,0.8887338681548657,40252975,-3.899996803
Congo,1995.0,5068440.0,83058.0,0.01638729076402207,-0.4100575324952056,41576234,0.69999883
Congo,1996.0,5068440.0,85232.0,0.016816219586302687,0.026174480483517545,42757243,-1.023172642
Congo,1997.0,5068440.0,138442.0,0.027314518865765403,0.6242960390463675,43827180,-5.617046599
Congo,1998.0,5068440.0,149828.0,0.029560969450166126,0.08224382774013668,44849967,-1.624154045
Congo,1999.0,5068440.0,143979.0,0.02840696545682696,-0.039038097017913866,45919613,-4.270140831
Congo,2000.0,5068440.0,155189.0,0.030618691352763374,0.0778585765979761,47105826,-6.9109273170000005
Congo,2001.0,5068440.0,165455.0,0.03264416664693673,0.0661515957960938,48428545,-2.100173025
Congo,2002.0,5068440.0,168902.0,0.03332425756248472,0.020833459248738327,49871666,2.9477651839999996
Congo,2003.0,5068440.0,135173.0,0.026669547237414274,-0.19969568151946104,51425580,5.577822311
Congo,2004.0,5068440.0,160725.0,0.03171094064445865,0.18903183328031486,53068880,6.738373932999999
Congo,2005.0,5068440.0,153045.0,0.030195681511470982,-0.04778348110125991,54785903,6.135151155
Congo,2006.0,5068440.0,162150.0,0.03199209224139972,0.05949230618445555,56578037,5.320979565
Congo,2007.0,5068440.0,163681.0,0.03229415757116588,0.009441874807277213,58453683,6.259477764
Congo,2008.0,5068440.0,97371.0,0.019211236593508055,-0.4051172707889126,60411195,6.225894268999999
Congo,2009.0,5068440.0,92860.0,0.01832121915224408,-0.04632796212424644,62448574,2.85506401
Congo,2010.0,5068440.0,144530.0,0.028515677407644168,0.5564290329528322,64563854,7.107976576
Congo,2011.0,5068440.0,127780.0,0.025210913022547368,-0.11589289420881478,66755153,6.87467089
Congo,2012.0,20260196.0,154556.49551525927,0.03261398985277046,0.20955153791876094,69020747,7.086898947000001
Congo,2013.0,20260196.0,131296.50448474073,0.02378462589487576,-0.15049507271094992,71358807,8.481956636
Congo,2014.0,20260196.0,80426.2156034922,0.014824335180790441,-0.3874458736040507,73767447,9.470288097000001
Congo,2015.0,20260196.0,356092.78074420034,0.07381659124395003,3.427571011170869,76244544,6.91618781
Congo,2016.0,20260196.0,63765.27675313662,0.011258917770045913,-0.8209307231113386,78789127,2.3993790980000003
Congo,2017.0,20260196.0,1349578.617784038,0.2864211588811654,20.16478883968228,81398764,3.7269476530000003
Congo,2018.0,20260196.0,813162.135780796,0.17162878844377755,-0.3974696063901928,84068091,5.821121099999999
Cote d'Ivoire,1992.0,539418.0,55869.0,0.10357273950813654,-0.9312941447447566,12812421,-0.24456061199999998
Cote d'Ivoire,1993.0,539418.0,77593.0,0.14384577451994554,0.3888381750165566,13271643,-0.19248510000000002
Cote d'Ivoire,1994.0,539418.0,124508.0,0.2308191421124249,0.6046292835693942,13735433,0.811206685
Cote d'Ivoire,1995.0,539418.0,108436.0,0.20102406667927286,-0.12908407491888071,14199762,7.125744724
Cote d'Ivoire,1996.0,539418.0,122422.0,0.2269520112417457,0.1289793057656129,14665127,7.729327422000001
Cote d'Ivoire,1997.0,539418.0,270103.0,0.5007304168566863,1.206327294113803,15130663,3.743553144
Cote d'Ivoire,1998.0,539418.0,347494.0,0.6442017136988384,0.2865240297219949,15589414,4.930679628
Cote d'Ivoire,1999.0,539418.0,343225.0,0.6362876285181436,-0.01228510420323804,16032573,1.6175274430000002
Cote d'Ivoire,2000.0,539418.0,365598.0,0.6777638121086059,0.06518464564061477,16454668,-2.068400057
Cote d'Ivoire,2001.0,539418.0,382091.0,0.7083393583454759,0.045112391205641166,16853026,0.121371916
Cote d'Ivoire,2002.0,539418.0,403210.0,0.7474908141737947,0.055272173382780544,17231539,-1.6676421380000002
Cote d'Ivoire,2003.0,539418.0,308361.0,0.5716550059508582,-0.2352347412018551,17599610,-1.359535943
Cote d'Ivoire,2004.0,539418.0,350521.0,0.6498133173160703,0.13672286702922873,17970494,1.23177284
Cote d'Ivoire,2005.0,539418.0,311698.0,0.5778413030340107,-0.11075798596945688,18354514,1.721247367
Cote d'Ivoire,2006.0,539418.0,357365.0,0.6625010659636867,0.14651040430159962,18754916,1.5158423630000002
Cote d'Ivoire,2007.0,539418.0,357522.0,0.6627921203964272,0.000439326738768486,19171237,1.765036784
Cote d'Ivoire,2008.0,539418.0,207314.0,0.38432903610928815,-0.4201363832155784,19605569,2.542841476
Cote d'Ivoire,2009.0,539418.0,207897.0,0.38540983059519707,0.002812159333185409,20059147,3.251453718
Cote d'Ivoire,2010.0,539418.0,326640.0,0.6055415280913874,0.5711626430395821,20532950,2.017638592
Cote d'Ivoire,2011.0,539418.0,223896.0,0.4150695749863742,-0.3145481263776635,21028655,-4.387254789
Cote d'Ivoire,2012.0,2156186.0,271564.4475022076,0.4857488950880937,0.2129044176859238,21547188,10.7065041
Cote d'Ivoire,2013.0,2156186.0,246015.5524977925,0.4737667310126296,-0.09408041162754724,22087505,8.889421302
Cote d'Ivoire,2014.0,2156186.0,251503.7251946903,0.4781985605206181,0.02230823474848036,22647683,8.79407739
Cote d'Ivoire,2015.0,2156186.0,425730.5846305149,0.5154828626617648,0.6927406713397771,23226143,8.84285995
Cote d'Ivoire,2016.0,2156186.0,223456.78094276093,0.472196554015932,-0.4751216167927055,23822714,7.179207824
Cote d'Ivoire,2017.0,2156186.0,473448.4855784645,0.5256944261499995,1.1187474534493524,24437469,7.359637183999999
Cote d'Ivoire,2018.0,2156186.0,526598.9887079444,0.5370685588414255,0.11226248419517072,25069229,6.793487967000001
Egypt,1992.0,1681611.0,1454554.0,0.8649765016998581,1.7621663375557794,58666814,4.472859188999999
Egypt,1993.0,1681611.0,1520371.0,0.904115755665252,0.045248921662585234,59880658,2.9007907939999997
Egypt,1994.0,1681611.0,3276663.0,1.9485261454640816,1.1551733096724417,61095804,3.973172185
Egypt,1995.0,1681611.0,1873892.0,1.1143433291052451,-0.42810963471067975,62334034,4.64245877
Egypt,1996.0,1681611.0,1986563.0,1.1813451505728734,0.06012673088950698,63601629,4.98873057
Egypt,1997.0,1681611.0,3760544.0,2.2362746199923764,0.8929900536756197,64892270,5.49235474
Egypt,1998.0,1681611.0,3991960.0,2.3738902754560955,0.06153790515414793,66200269,5.575497461
Egypt,1999.0,1681611.0,4249657.0,2.5271343967183846,0.06455400354712973,67515591,6.053438783
Egypt,2000.0,1681611.0,4443708.0,2.6425302879203336,0.045662744075580686,68831561,6.370003833999999
Egypt,2001.0,1681611.0,4640729.0,2.75969234264048,0.04433707165277286,70152661,3.535251969
Egypt,2002.0,1681611.0,4901119.0,2.9145379044261723,0.05610971896872237,71485043,2.3902040280000003
Egypt,2003.0,1681611.0,4478681.0,2.663327606681926,-0.08619215326132665,72826097,3.193454739
Egypt,2004.0,1681611.0,4866302.0,2.8938333538493737,0.08654802608178612,74172073,4.092071612
Egypt,2005.0,1681611.0,4724451.0,2.809479124482416,-0.029149649980621837,75523569,4.471744469
Egypt,2006.0,1681611.0,5107866.0,3.037483698667528,0.08115546123771841,76873663,6.843838197
Egypt,2007.0,1681611.0,5397010.0,3.2094283398479195,0.056607593073115074,78232126,7.087827427000001
Egypt,2008.0,1681611.0,2962718.0,1.761833146904962,-0.4510445598581437,79636079,7.156283564
Egypt,2009.0,1681611.0,2906426.0,1.7283581042226768,-0.01900012083499004,81134798,4.6735998
Egypt,2010.0,1681611.0,3706650.0,2.204225590817377,0.2753292187724717,82761235,5.147234859
Egypt,2011.0,1681611.0,3387884.0,2.0146656985474047,-0.08599840826622422,84529250,1.764571949
Egypt,2012.0,6724142.0,3475694.433058058,2.0318688934122284,0.02591896093787684,86422240,2.226199797
Egypt,2013.0,6724142.0,3351498.566941942,2.028043297932856,-0.03573267688173705,88404640,2.185466055
Egypt,2014.0,6724142.0,3411692.3027440817,2.0295486001459864,0.017960245126126696,90424654,2.915911879
Egypt,2015.0,6724142.0,3404652.7615711214,2.0280421482655044,-0.0020633575798433773,92442547,4.372019079
Egypt,2016.0,6724142.0,3403894.7001413773,2.02787992418892,-0.00022265455035546807,94447072,4.346643453
Egypt,2017.0,6724142.0,3422296.6078447527,2.0318179064782624,0.0054061330694545676,96442593,4.181221001
Egypt,2018.0,6724142.0,3414917.600687152,2.0302388093559443,-0.002156156523863664,98423595,5.314121037
Ethiopia,1992.0,2466685.0,24521.0,0.009940872061086032,-0.9928194460694848,51423585,-8.672480148
Ethiopia,1993.0,2466685.0,30057.0,0.012185179704745438,0.22576567024183355,53295566,13.14283398
Ethiopia,1994.0,2466685.0,52145.0,0.02113970774541541,0.7348704128821905,55180998,3.189964582
Ethiopia,1995.0,2466685.0,42360.0,0.017172845336960334,-0.1876498226100297,57047908,6.127511414
Ethiopia,1996.0,2466685.0,39616.0,0.016060421172545337,-0.0647780925401322,58883530,12.42617378
Ethiopia,1997.0,2466685.0,73212.0,0.029680319943567988,0.8480411954765751,60697443,3.1339068510000003
Ethiopia,1998.0,2466685.0,83648.0,0.03391109930939702,0.14254493798830792,62507724,-3.4581391339999996
Ethiopia,1999.0,2466685.0,90538.0,0.0367043217922029,0.08236897475133895,64343013,5.162145821
Ethiopia,2000.0,2466685.0,93961.0,0.03809201418097568,0.03780732951909696,66224804,6.07321748
Ethiopia,2001.0,2466685.0,101844.0,0.041287801239315115,0.08389651025425443,68159423,8.301306321
Ethiopia,2002.0,2466685.0,113827.0,0.04614573810600056,0.11766034327009935,70142091,1.514725706
Ethiopia,2003.0,2466685.0,100264.0,0.040647265459513485,-0.11915450640006325,72170584,-2.161359722
Ethiopia,2004.0,2466685.0,124095.0,0.050308409869926636,0.2376825181520785,74239505,13.57260314
Ethiopia,2005.0,2466685.0,124855.0,0.05061651568805908,0.006124340223216084,76346311,11.81876595
Ethiopia,2006.0,2466685.0,149251.0,0.060506712450110176,0.19539465780305154,78489206,10.83472707
Ethiopia,2007.0,2466685.0,159226.0,0.06455060131309835,0.06683372305713195,80674348,11.456167
Ethiopia,2008.0,2466685.0,88732.0,0.03597216507174609,-0.4427292025171769,82916235,10.78852169
Ethiopia,2009.0,2466685.0,74014.0,0.030005452662176163,-0.16587026101068386,85233913,8.802553198
Ethiopia,2010.0,2466685.0,129111.0,0.0523419082696007,0.7444132191207069,87639964,12.55053835
Ethiopia,2011.0,2466685.0,115153.0,0.0466833016781632,-0.10810852677153766,90139927,11.17829623
Ethiopia,2012.0,9863970.0,130958.83136601273,0.053110700953158715,0.137259397202094,92726971,8.647811633
Ethiopia,2013.0,9863970.0,113097.16863398727,0.045830185297011036,-0.13639143344296087,95385785,10.58227005
Ethiopia,2014.0,9863970.0,149426.13334818813,0.055333605011633986,0.3212190468867627,98094253,10.25749296
Ethiopia,2015.0,9863970.0,189794.04824916626,0.06397228185428555,0.27015297790590664,100835458,10.39246302
Ethiopia,2016.0,9863970.0,95882.51595216492,0.04387534642172565,-0.4948075725415372,103603501,9.433482657999999
Ethiopia,2017.0,9863970.0,416849.92663094023,0.11256191952509363,3.3475071809640826,106400024,9.564189642999999
Ethiopia,2018.0,9863970.0,362579.63419261854,0.10094815350123844,-0.13019144054298962,109224559,6.816147797
Gambia,1992.0,32490.0,3615.0,0.11126500461680518,-0.9900297764708992,1027475,3.378688791
Gambia,1993.0,32490.0,4398.0,0.1353647276084949,0.21659751037344396,1060862,3.0121013739999998
Gambia,1994.0,32490.0,8301.0,0.25549399815327795,0.8874488403819918,1094212,0.15434596
Gambia,1995.0,32490.0,5132.0,0.1579562942443829,-0.3817612335863149,1128575,0.8818482409999999
Gambia,1996.0,32490.0,5674.0,0.17463835026161895,0.10561184723304756,1164091,2.223545638
Gambia,1997.0,32490.0,9837.0,0.3027700831024931,0.7336975678533663,1200526,4.89999911
Gambia,1998.0,32490.0,11097.0,0.3415512465373961,0.1280878316559927,1238125,3.499998702
Gambia,1999.0,32490.0,10981.0,0.33798091720529394,-0.010453275660088312,1277133,6.39999905
Gambia,2000.0,32490.0,9818.0,0.3021852877808556,-0.10591020854202714,1317703,5.500000216
Gambia,2001.0,32490.0,10963.0,0.3374269005847953,0.11662253004685272,1360074,5.8000002429999995
Gambia,2002.0,32490.0,11430.0,0.3518005540166205,0.04259782906138832,1404261,-3.25000015
Gambia,2003.0,32490.0,8594.0,0.26451215758694985,-0.24811898512685915,1449925,6.869999622000001
Gambia,2004.0,32490.0,9321.0,0.2868882733148661,0.08459390272282988,1496527,7.050000001
Gambia,2005.0,32490.0,9594.0,0.2952908587257618,0.029288702928870293,1543741,-2.351729362
Gambia,2006.0,32490.0,12036.0,0.37045244690674056,0.2545340838023765,1591445,-0.555580977
Gambia,2007.0,32490.0,18635.0,0.5735610957217605,0.5482718511133267,1639848,3.043249508
Gambia,2008.0,32490.0,10038.0,0.3089566020313943,-0.4613361953313657,1689285,6.255905534
Gambia,2009.0,32490.0,10812.0,0.3327793167128347,0.07710699342498506,1740279,6.665724308
Gambia,2010.0,32490.0,15877.0,0.4886734379809172,0.4684609692933777,1793196,5.90833581
Gambia,2011.0,32490.0,13845.0,0.4261311172668513,-0.12798387604711214,1848147,-8.130444223
Gambia,2012.0,129600.0,12735.66553697911,0.40629221373843627,-0.08012527721349877,1905011,5.241569246
Gambia,2013.0,129600.0,13686.33446302089,0.40694262775125295,0.07464619130279693,1963711,2.87276879
Gambia,2014.0,129600.0,15441.18682096453,0.407094677578454,0.12821930975639068,2024042,-1.407382495
Gambia,2015.0,129600.0,22306.027921205165,0.4085637438898204,0.4445798875330117,2085860,4.058073804
Gambia,2016.0,129600.0,12534.87457490012,0.40647273085766905,-0.43804990206329497,2149139,1.943359655
Gambia,2017.0,129600.0,95598.6320469818,0.42424825778042097,6.626612574042733,2213894,4.8226112489999995
Gambia,2018.0,129600.0,62162.19949517093,0.4170929083823967,-0.3497584833157298,2280102,6.547026565
Ghana,1992.0,397056.0,87320.0,0.21991860090264345,0.4047121998439495,15653336,3.8794190719999997
Ghana,1993.0,397056.0,106455.0,0.2681107954545455,0.2191365093907467,16106765,4.850000569
Ghana,1994.0,397056.0,189705.0,0.4777789530947776,0.7820205720727068,16561674,3.2999998089999996
Ghana,1995.0,397056.0,153570.0,0.3867716392649903,-0.1904799557207243,17014057,4.1124189289999995
Ghana,1996.0,397056.0,161101.0,0.4057387371050935,0.049039525949078594,17462496,4.60246109
Ghana,1997.0,397056.0,292599.0,0.7369212403288201,0.8162457092134747,17908985,4.1963574580000005
Ghana,1998.0,397056.0,274829.0,0.6921668480012895,-0.06073158144764676,18357156,4.700390844
Ghana,1999.0,397056.0,339118.0,0.854081036428111,0.2339236397905607,18812359,4.399996886
Ghana,2000.0,397056.0,344845.0,0.8685046945519019,0.016887926916294625,19278856,3.70000004
Ghana,2001.0,397056.0,338021.0,0.8513182019664732,-0.01978860067566588,19756928,4.000000099
Ghana,2002.0,397056.0,351294.0,0.8847467359767892,0.03926679111652826,20246381,4.499999578
Ghana,2003.0,397056.0,300454.0,0.7567043439716312,-0.1447220846356613,20750299,5.200000074
Ghana,2004.0,397056.0,298007.0,0.7505414853320438,-0.008144341563101173,21272323,5.599999989
Ghana,2005.0,397056.0,282397.0,0.7112271316892328,-0.0523813199018815,21814642,5.900003916
Ghana,2006.0,397056.0,302158.0,0.7609959300451322,0.06997595583522488,22379055,6.399912502
Ghana,2007.0,397056.0,287321.0,0.7236284050612508,-0.04910344918883498,22963946,4.346819163999999
Ghana,2008.0,397056.0,194982.0,0.4910692698259188,-0.321379223934206,23563825,9.149798975
Ghana,2009.0,397056.0,167576.0,0.4220462604771115,-0.14055656419566934,24170940,4.844486998
Ghana,2010.0,397056.0,284391.0,0.7162490933268859,0.697086694992123,24779619,7.899711889
Ghana,2011.0,397056.0,241041.0,0.6070705391682786,-0.15243098410287245,25387710,14.04712363
Ghana,2012.0,1586156.0,290511.6254061422,0.7211609496217579,0.2052373886855025,25996449,9.292789405
Ghana,2013.0,1586156.0,282230.3745938578,0.7213106412873328,-0.028505746717388775,26607642,7.3125250070000005
Ghana,2014.0,1586156.0,299000.25257546944,0.7239384376898783,0.05941911109229207,27224472,2.8974388369999997
Ghana,2015.0,1586156.0,411648.32337620883,0.7480449659310023,0.3767490824186055,27849205,2.178206744
Ghana,2016.0,1586156.0,344179.14991377504,0.7336066579873675,-0.16390003221456864,28481946,3.447792991
Ghana,2017.0,1586156.0,474058.0445995586,0.7614005582327348,0.3773584039542234,29121471,8.143446549
Ghana,2018.0,1586156.0,512483.4126573786,0.7696235327912601,0.08105625143494463,29767108,6.2634807320000006
Guinea,1992.0,556018.0,8892.0,0.01599228801945261,-0.9826491945292584,6716038,3.270947301
Guinea,1993.0,556018.0,13765.0,0.02475639277865105,0.5480206927575348,6897166,5.044144542
Guinea,1994.0,556018.0,33115.0,0.0595574243999295,1.4057391936069743,7081116,3.970099106
Guinea,1995.0,556018.0,15426.0,0.027743706139009887,-0.5341688056771856,7269625,4.607673202
Guinea,1996.0,556018.0,13994.0,0.025168249948742668,-0.09283028652923636,7463782,4.461575085
Guinea,1997.0,556018.0,26017.0,0.04679165063001558,0.8591539231099042,7662075,5.181603459
Guinea,1998.0,556018.0,38241.0,0.0687765503994475,0.469846638736211,7860781,3.6441212419999998
Guinea,1999.0,556018.0,37823.0,0.06802477617631084,-0.010930676499045527,8054743,3.812004035
Guinea,2000.0,556018.0,40234.0,0.07236096673129287,0.06374428257938293,8240730,2.503060562
Guinea,2001.0,556018.0,39720.0,0.07143653622724444,-0.012775264701496244,8417081,3.658346471
Guinea,2002.0,556018.0,42341.0,0.07615041239672098,0.06598690835850958,8586074,5.164609466
Guinea,2003.0,556018.0,26322.0,0.04734019402249568,-0.3783330577926832,8753093,1.24860126
Guinea,2004.0,556018.0,36410.0,0.06548349154164074,0.3832535521616898,8925743,2.340117313
Guinea,2005.0,556018.0,27849.0,0.0500865079907485,-0.2351277121669871,9109581,2.997272562
Guinea,2006.0,556018.0,30730.0,0.05526799492102773,0.1034507522711767,9307425,1.180140446
Guinea,2007.0,556018.0,33435.0,0.06013294533630206,0.0880247315327042,9518162,6.827474427
Guinea,2008.0,556018.0,19322.0,0.03475067353934585,-0.4221025871093166,9738792,4.133009508
Guinea,2009.0,556018.0,16049.0,0.028864173462010218,-0.1693924024428113,9964469,-1.122641858
Guinea,2010.0,556018.0,25831.0,0.04645712908574903,0.6095083805844601,10192176,4.813362961
Guinea,2011.0,556018.0,23256.0,0.04182598405087605,-0.09968642328984552,10420471,5.61210719
Guinea,2012.0,2221536.0,32296.797237431216,0.051808967381101134,0.3887511712001727,10652029,5.915288137999999
Guinea,2013.0,2221536.0,22762.202762568784,0.0472148052305769,-0.2952179562811901,10892810,3.9456854310000002
Guinea,2014.0,2221536.0,-44703.37728040128,0.03405415246521462,-2.963930193694328,11150977,3.696541182
Guinea,2015.0,2221536.0,42415.5327569589,0.05269747631641887,-1.948821662643252,11432088,3.8259223860000002
Guinea,2016.0,2221536.0,-39428.92174904533,0.03518287850836272,-1.9295868561871696,11738441,10.81838382
Guinea,2017.0,2221536.0,127599.02846341295,0.07092662423105697,-4.236178490387006,12067539,10.3381214
Guinea,2018.0,2221536.0,-4038.064034741823,0.04275647213409448,-1.0316465108188475,12414318,6.181138937
Hungary,1992.0,269790.0,565347.0,2.0955076170354716,-141.00446628284982,10369341,-3.064180345
Hungary,1993.0,269790.0,678796.0,2.5160161607175957,0.20067144603225984,10357523,-0.576108517
Hungary,1994.0,269790.0,1405185.0,5.2084398976982085,1.0701138486378825,10343355,2.9471545569999997
Hungary,1995.0,269790.0,1037582.0,3.8458875421624232,-0.2616046997370453,10328965,1.4895254759999998
Hungary,1996.0,269790.0,933271.0,3.45924978687127,-0.10053277716845513,10311238,0.082416143
Hungary,1997.0,269790.0,1805488.0,6.692197635197745,0.934580630920708,10290486,3.143124132
Hungary,1998.0,269790.0,2132558.0,7.904510915897549,0.18115323945659006,10266570,3.900002498
Hungary,1999.0,269790.0,1801736.0,6.678290522258052,-0.15512919226581412,10237530,3.071027457
Hungary,2000.0,269790.0,2001371.0,7.41825493902665,0.11080147146973808,10210971,4.479191685
Hungary,2001.0,269790.0,2275232.0,8.433344453093147,0.13683669844321714,10187576,4.074093318
Hungary,2002.0,269790.0,1934798.0,7.171496349012195,-0.14962606011167212,10158608,4.741278865
Hungary,2003.0,269790.0,2133332.0,7.907379813929353,0.10261226236537356,10129552,4.084526805
Hungary,2004.0,269790.0,1572113.0,5.827172986396827,-0.2630715706697317,10107146,4.822851425
Hungary,2005.0,269790.0,1902498.0,7.0517736016902015,0.21015346861198908,10087065,4.243625768
Hungary,2006.0,269790.0,1654551.0,6.1327365728900265,-0.13032707524528278,10071370,4.0310133210000005
Hungary,2007.0,269790.0,1623258.0,6.0167463582786604,-0.01891328825766024,10055780,0.24217777699999998
Hungary,2008.0,269790.0,983464.0,3.6452944883057192,-0.39414190473726296,10038188,1.0582916690000002
Hungary,2009.0,269790.0,848376.0,3.144579117091071,-0.13735937461869474,10022650,-6.699554727000001
Hungary,2010.0,269790.0,1351945.0,5.011101226880166,0.5935681820324951,10000023,0.664291825
Hungary,2011.0,269790.0,980521.0,3.6343860039289817,-0.2747330697624534,9971727,1.819079958
Hungary,2012.0,1076907.0,1080967.3817563765,3.837726612234512,0.10244184648403908,9920362,-1.471788851
Hungary,2013.0,1076907.0,990533.6182436236,3.840471245358432,-0.08366002993153626,9893082,1.9629840490000001
Hungary,2014.0,1076907.0,961775.0305650216,3.8232682826930047,-0.02903342920313569,9866468,4.195082408999999
Hungary,2015.0,1076907.0,1034752.6978371851,3.838885400541208,0.0758781055371034,9843028,3.845557706
Hungary,2016.0,1076907.0,1028808.2731581952,3.8376133020455767,-0.005744778140143835,9814023,2.199998761
Hungary,2017.0,1076907.0,1016187.1900841108,3.8349124080720163,-0.012267672610505612,9787966,4.322809001
Hungary,2018.0,1076907.0,976187.2911195016,3.8263524861205953,-0.03936272702010584,9775564,5.094002564
India,1992.0,11590432.0,7923011.0,0.6835820269684513,7.116281652175382,909307016,5.4823960220000005
India,1993.0,11590432.0,9159391.0,0.7902544961223188,0.1560492595554897,927403860,4.75077622
India,1994.0,11590432.0,19506846.0,1.6830128505995292,1.1297099337717975,945601831,6.658924067
India,1995.0,11590432.0,11809796.0,1.018926300590004,-0.3945819841916012,963922588,7.57449184
India,1996.0,11590432.0,12201137.0,1.0526904432897757,0.03313698221374865,982365243,7.549522249
India,1997.0,11590432.0,21376606.0,1.844332118078084,0.752017537381967,1000900030,4.049820849
India,1998.0,11590432.0,24323277.0,2.098565178588684,0.1378455962560193,1019483581,6.184415821
India,1999.0,11590432.0,24745904.0,2.1350286167072983,0.0173754136829507,1038058156,8.845755561
India,2000.0,11590432.0,26441225.0,2.2812976254897137,0.06850915610114708,1056575549,3.840991157
India,2001.0,11590432.0,26814822.0,2.313530850273743,0.014129337804886118,1075000085,4.823966264
India,2002.0,11590432.0,27108122.0,2.3388362055875054,0.010937980494519037,1093317189,3.8039753210000002
India,2003.0,11590432.0,21094863.0,1.8200238783161835,-0.22182499399995328,1111523144,7.860381476000001
India,2004.0,11590432.0,23865473.0,2.05906673711558,0.1313405069281559,1129623456,7.922936612999999
India,2005.0,11590432.0,21716951.0,1.8736964247751944,-0.0900263740844357,1147609927,7.9234306210000005
India,2006.0,11590432.0,23066583.0,1.9901400569021068,0.06214647719194099,1165486291,8.060732573
India,2007.0,11590432.0,26661612.0,2.3003121885361995,0.1558544236916235,1183209472,7.660815065
India,2008.0,11590432.0,15158007.0,1.3078034537452958,-0.4314669720645548,1200669765,3.08669806
India,2009.0,11590432.0,14461509.0,1.2477109567615772,-0.04594918052221509,1217726215,7.861888832999999
India,2010.0,11590432.0,21892570.0,1.8888484915834023,0.513851009600727,1234281170,8.497584702000001
India,2011.0,11590432.0,18633968.0,1.607702629203122,-0.14884511046441784,1250288729,5.241344743
India,2012.0,46361728.0,20567116.8514535,1.7809189607471472,0.10374327418902414,1265782790,5.456358951
India,2013.0,46361728.0,20335785.148546506,1.7481041162184048,-0.011247648592546776,1280846129,6.386106401
India,2014.0,46361728.0,20331560.407219168,1.7388551207547838,-0.00020774911302797093,1295604184,7.410227605
India,2015.0,46361728.0,20371219.14045054,1.7473420337205672,0.0019505995819824747,1310152403,7.996253444
India,2016.0,46361728.0,20523261.44297235,1.7798788719773968,0.00746358386670653,1324509589,8.256305844
India,2017.0,46361728.0,20641947.282237493,1.805277474152552,0.005782991148601407,1338658835,7.043820855
India,2018.0,46361728.0,20655628.016909353,1.8082051320732089,0.0006627637637478746,1352617328,6.119586841
Indonesia,1992.0,10441980.0,914064.0,0.08753742106382123,-0.9557474602441659,187739786,6.497506517000001
Indonesia,1993.0,10441980.0,1369995.0,0.1312006918228152,0.4987954891561204,190851175,6.49640812
Indonesia,1994.0,10441980.0,2781003.0,0.2663290870122333,1.0299366056080497,193917462,7.539971096
Indonesia,1995.0,10441980.0,1768047.0,0.1693210483069303,-0.3642412467731966,196934260,8.220007399
Indonesia,1996.0,10441980.0,1825001.0,0.17477537784979474,0.03221294456538768,199901228,7.818187077
Indonesia,1997.0,10441980.0,3714569.0,0.3557341615287522,1.0353791586963514,202826446,4.699878854
Indonesia,1998.0,10441980.0,3506335.0,0.33579215819222025,-0.056058724444208737,205724592,-13.12672549
Indonesia,1999.0,10441980.0,3594975.0,0.34428096970114863,0.025279957562526115,208615169,0.791126082
Indonesia,2000.0,10441980.0,3898591.0,0.3733574475338968,0.0844556638085105,211513823,4.920067747
Indonesia,2001.0,10441980.0,4111172.0,0.3937157512272577,0.05452764857867881,214427417,3.6434664469999998
Indonesia,2002.0,10441980.0,4230722.0,0.4051647292946357,0.02907929904173312,217357793,4.499475391
Indonesia,2003.0,10441980.0,3406663.0,0.3262468420740128,-0.1947797562685518,220309469,4.780369122
Indonesia,2004.0,10441980.0,3785760.0,0.362551929806416,0.11128103953927934,223285676,5.030873945
Indonesia,2005.0,10441980.0,3342750.0,0.3201260680445663,-0.11702009636110056,226289470,5.692571303999999
Indonesia,2006.0,10441980.0,3894077.0,0.3729251540416664,0.1649321666292723,229318262,5.500951785
Indonesia,2007.0,10441980.0,3725674.0,0.3567976571493146,-0.04324593478762746,232374245,6.345022227
Indonesia,2008.0,10441980.0,2067898.0,0.1980369623385603,-0.4449600260248213,235469762,6.0137035999999995
Indonesia,2009.0,10441980.0,2057209.0,0.1970133059055849,-0.005169017040492326,238620563,4.628871183
Indonesia,2010.0,10441980.0,3004668.0,0.2877488752133216,0.4605555390823198,241834215,6.223854181
Indonesia,2011.0,10441980.0,2798443.0,0.2679992683379972,-0.0686348708076899,245116206,6.169784207999999
Indonesia,2012.0,27304773.0,3089489.9383811774,0.28597436122342035,0.10400316832652208,248452413,6.030050652999999
Indonesia,2013.0,27304773.0,2999421.0616188226,0.29714407033840984,-0.029153316100310325,251806402,5.557263689
Indonesia,2014.0,27304773.0,3026177.72281148,0.28764779724664274,0.008920608558445123,255129004,5.006668426
Indonesia,2015.0,27304773.0,3071872.588131585,0.297426433964372,0.015099861774691853,258383256,4.8763223
Indonesia,2016.0,27304773.0,3038394.0466787308,0.29026207332092635,-0.010898414726639808,261554226,5.033069183
Indonesia,2017.0,27304773.0,3103834.03485365,0.3042661384755617,0.02153768970369446,264645886,5.069785901
Indonesia,2018.0,27304773.0,3098142.721247413,0.3030482053924419,-0.0018336397959193558,267663435,5.169705609
Kenya,1992.0,1170411.0,59966.0,0.05123499351937055,-0.9806445327425536,25326078,-0.79949396
Kenya,1993.0,1170411.0,70588.0,0.060310437957264575,0.17713370910182435,26136216,0.353197256
Kenya,1994.0,1170411.0,121574.0,0.1038729130194436,0.7223040743469145,26950513,2.632784519
Kenya,1995.0,1170411.0,92127.0,0.07871337504517642,-0.24221461825719315,27768296,4.406216526000001
Kenya,1996.0,1170411.0,92282.0,0.07884580715663131,0.0016824600822777256,28589451,4.146839267
Kenya,1997.0,1170411.0,176234.0,0.15057445632346245,0.9097332090765264,29415659,0.47490192
Kenya,1998.0,1170411.0,195728.0,0.16723014394088914,0.11061429690071156,30250488,3.290213723
Kenya,1999.0,1170411.0,190236.0,0.1625377751917916,-0.02805934766614894,31098757,2.305388596
Kenya,2000.0,1170411.0,190183.0,0.16249249195368126,-0.0002786013162598036,31964557,0.599695392
Kenya,2001.0,1170411.0,183511.0,0.1567919303560886,-0.03508199996845144,32848564,3.779906496
Kenya,2002.0,1170411.0,193183.0,0.16505569411087218,0.052705287421462466,33751739,0.54685953
Kenya,2003.0,1170411.0,139840.0,0.11947939655386015,-0.27612678134204355,34678779,2.932475546
Kenya,2004.0,1170411.0,188682.0,0.16121003647436669,0.34927059496567503,35635271,5.104299776
Kenya,2005.0,1170411.0,156222.0,0.13347618913356074,-0.1720354882818711,36624895,5.906666082
Kenya,2006.0,1170411.0,178425.0,0.1524464482989309,0.1421246687406383,37649033,6.472494299
Kenya,2007.0,1170411.0,165931.0,0.1417715657149497,-0.07002381953201625,38705932,6.850729771
Kenya,2008.0,1170411.0,102934.0,0.08794688361609725,-0.3796578095714484,39791981,0.232282746
Kenya,2009.0,1170411.0,99499.0,0.08501201714611363,-0.03337089785687917,40901792,3.306939815
Kenya,2010.0,1170411.0,154954.0,0.13239280902178807,0.5573422848470839,42030676,8.405699224
Kenya,2011.0,1170411.0,161310.0,0.1378233799921566,0.04101862488222311,43178257,6.10826372
Kenya,2012.0,4672928.0,186052.62592949488,0.15572208857748254,0.15338556772360598,44343410,4.563209131
Kenya,2013.0,4672928.0,169970.3740705051,0.1484642186257136,-0.08643926297005991,45519889,5.878680567000001
Kenya,2014.0,4672928.0,82280.84325169389,0.13160692810265906,-0.5159106773656735,46699981,5.357125644
Kenya,2015.0,4672928.0,294854.29914607754,0.17709734779121056,2.583510905984881,47878336,5.718507132999999
Kenya,2016.0,4672928.0,129787.12941750539,0.14177320632603665,-0.5598262267384954,49051686,5.878949298999999
Kenya,2017.0,4672928.0,928531.7307738048,0.3127034242442881,6.1542666437044,50221473,4.805696524
Kenya,2018.0,4672928.0,458461.648376573,0.21210908972913373,-0.5062509624797554,51393010,6.318450702000001
Lao PDR,1992.0,922745.0,8498.0,0.009209478241551024,-0.9814640984036688,4500351,5.559857768
Lao PDR,1993.0,922745.0,10789.0,0.01169228768511344,0.2695928453753824,4619944,5.912556556
Lao PDR,1994.0,922745.0,26519.0,0.028739250822274843,1.4579664473074427,4735845,8.15901853
Lao PDR,1995.0,922745.0,18383.0,0.01992208031471317,-0.30679889890267353,4846483,7.031254327999999
Lao PDR,1996.0,922745.0,20481.0,0.022195731215016067,0.11412718272316814,4951195,6.928323725
Lao PDR,1997.0,922745.0,43387.0,0.04701949075855194,1.11840242175675,5050315,6.872091273
Lao PDR,1998.0,922745.0,40003.0,0.04335217205186698,-0.07799571300159032,5144602,3.9676080910000002
Lao PDR,1999.0,922745.0,41600.0,0.045082877718112806,0.039922005849561286,5235346,7.306376072999999
Lao PDR,2000.0,922745.0,51493.0,0.0558041495754515,0.2378125,5323700,5.798782326
Lao PDR,2001.0,922745.0,52179.0,0.05654758356859154,0.013322199133862856,5409582,5.751412882
Lao PDR,2002.0,922745.0,55450.0,0.06009244157378257,0.06268805458134498,5493246,5.918743682000001
Lao PDR,2003.0,922745.0,52291.0,0.05666896054706338,-0.0569702434625789,5576640,6.067002304
Lao PDR,2004.0,922745.0,48935.0,0.0530319860849964,-0.06417930427798282,5662208,6.35769548
Lao PDR,2005.0,922745.0,48992.0,0.05309375829725439,0.0011648104628588945,5751676,7.107568369
Lao PDR,2006.0,922745.0,64148.0,0.0695186644197476,0.30935662965382105,5846074,8.619266209
Lao PDR,2007.0,922745.0,71097.0,0.07704945570011218,0.10832761738479764,5944948,7.596828801
Lao PDR,2008.0,922745.0,43348.0,0.0469772255606912,-0.390297762212189,6046620,7.824902763
Lao PDR,2009.0,922745.0,33483.0,0.03628629794797046,-0.2275768201531789,6148623,7.501774912999999
Lao PDR,2010.0,922745.0,109914.0,0.1191163322478041,2.2826807633724577,6249165,8.526905517000001
Lao PDR,2011.0,922745.0,82427.0,0.08932803754016548,-0.25007733318776504,6347567,8.038652681
Lao PDR,2012.0,3686856.0,97185.86410528603,0.10785535134842916,0.1790537579347307,6444530,8.026098434
Lao PDR,2013.0,3686856.0,98375.13589471397,0.10407860657060587,0.012237086127459084,6541304,8.026300226
Lao PDR,2014.0,3686856.0,96638.46735647434,0.10572258558484417,-0.017653531275405757,6639756,7.611963441
Lao PDR,2015.0,3686856.0,89621.67235896314,0.10422100135382,-0.07260871565386126,6741164,7.270065842999999
Lao PDR,2016.0,3686856.0,82072.36957390764,0.10260546120745878,-0.08423523670500327,6845846,7.022836255
Lao PDR,2017.0,3686856.0,290166.0824939051,0.14713722221896966,2.5354904945519503,6953035,6.892530872999999
Lao PDR,2018.0,3686856.0,156531.0692164312,0.11853951789365715,-0.4605466363570624,7061507,6.247960008
Montenegro,1992.0,45372.0,21264.0,0.4686590848981751,-0.8641547642493973,608516,0.0
Montenegro,1993.0,45372.0,23374.0,0.5151635369831614,0.09922874341610233,610170,0.0
Montenegro,1994.0,45372.0,47815.0,1.053843780305034,1.0456490117224266,611389,0.0
Montenegro,1995.0,45372.0,32821.0,0.7233756501807282,-0.3135836034717139,611712,0.0
Montenegro,1996.0,45372.0,33633.0,0.7412721502248083,0.024740257761798848,611003,0.0
Montenegro,1997.0,45372.0,62739.0,1.3827691087014018,0.8654000535188654,609520,0.0
Montenegro,1998.0,45372.0,78079.0,1.7208630873666582,0.2445050128309345,607662,4.900006713
Montenegro,1999.0,45372.0,78507.0,1.730296217931764,0.005481627582320471,606001,-9.400001407000001
Montenegro,2000.0,45372.0,96163.0,2.1194348937670813,0.22489714292992985,604950,3.1000001839999998
Montenegro,2001.0,45372.0,85716.0,1.8891827558846863,-0.10863845761883467,607389,1.099842719
Montenegro,2002.0,45372.0,90554.0,1.9958123953098827,0.05644220448924355,609828,1.90393392
Montenegro,2003.0,45372.0,89368.0,1.9696729260336767,-0.013097157497183995,612267,2.482659361
Montenegro,2004.0,45372.0,78458.0,1.7292162567222076,-0.1220794915405962,613353,4.4260529580000005
Montenegro,2005.0,45372.0,98347.0,2.1675703076787447,0.2534986871956971,614261,4.180601527
Montenegro,2006.0,45372.0,98342.0,2.1674601075553204,-5.084039167437746e-05,615025,8.566419508
Montenegro,2007.0,45372.0,101232.0,2.2311557788944723,0.029387240446604707,615875,6.810150491
Montenegro,2008.0,45372.0,60270.0,1.3283522877545624,-0.4046348980559507,616969,7.222750274
Montenegro,2009.0,45372.0,51150.0,1.1273472626289345,-0.15131906421105026,618294,-5.79509379
Montenegro,2010.0,45372.0,81809.0,1.8030723794410648,0.5993939393939394,619428,2.73433925
Montenegro,2011.0,45372.0,85326.0,1.880587146257604,0.04299038003153687,620079,3.228451021
Montenegro,2012.0,180180.0,83649.6685102339,1.8778726125318823,-0.01964619799083637,620601,-2.723796788
Montenegro,2013.0,180180.0,86805.3314897661,1.8789597951204149,0.03772475176212009,621207,3.5489805519999997
Montenegro,2014.0,180180.0,84397.46333585457,1.878238577150937,-0.02773871273327733,621810,1.783712681
Montenegro,2015.0,180180.0,86429.7041324986,1.87867347381458,0.02407940613756196,622159,3.390359875
Montenegro,2016.0,180180.0,87642.47659616711,1.8789330054109723,0.014031894194723784,622303,2.949285705
Montenegro,2017.0,180180.0,100615.88914077275,1.881709297394201,0.14802653973807275,622373,4.7164643680000005
Montenegro,2018.0,180180.0,95535.29802468141,1.8806220580624395,-0.050494918441589584,622227,5.077887395
Myanmar,1992.0,2357003.0,71016.0,0.03012978770073691,-0.2566517144097555,42401684,9.660942452999999
Myanmar,1993.0,2357003.0,88363.0,0.037489557713757685,0.24426889714993805,42890002,6.039410227
Myanmar,1994.0,2357003.0,181813.0,0.07713736469575982,1.057569344635198,43383428,7.4779583579999995
Myanmar,1995.0,2357003.0,120159.0,0.05097957024237983,-0.3391066645399394,43901598,6.948051437
Myanmar,1996.0,2357003.0,143905.0,0.061054228611503676,0.19762148486588604,44452206,6.442715347
Myanmar,1997.0,2357003.0,273291.0,0.11594851597558425,0.8991070497897918,45027233,5.651582962999999
Myanmar,1998.0,2357003.0,259696.0,0.11018059798820792,-0.049745509365474894,45611220,5.8662131529999995
Myanmar,1999.0,2357003.0,250999.0,0.10649074269315736,-0.03348915655227652,46181077,10.94512998
Myanmar,2000.0,2357003.0,321503.0,0.13640330538399822,0.28089354937669075,46719701,13.74593056
Myanmar,2001.0,2357003.0,276054.0,0.11712076734734744,-0.1413641552333882,47225120,11.34399707
Myanmar,2002.0,2357003.0,253919.0,0.10772960407772074,-0.08018358726915749,47702171,12.02551343
Myanmar,2003.0,2357003.0,197254.0,0.08368848066803479,-0.22316171692547626,48148902,13.84399689
Myanmar,2004.0,2357003.0,198607.0,0.08426251472738898,0.006859176493252355,48564484,13.56466162
Myanmar,2005.0,2357003.0,198844.0,0.08436306614798539,0.0011933114139984994,48949924,13.56895002
Myanmar,2006.0,2357003.0,213042.0,0.09038681749662596,0.07140270765021826,49301050,13.07610138
Myanmar,2007.0,2357003.0,224268.0,0.09514964554563572,0.052693835018447065,49621475,11.99143524
Myanmar,2008.0,2357003.0,142262.0,0.06035715694888806,-0.3656607273440705,49929642,10.25530539
Myanmar,2009.0,2357003.0,79106.0,0.03356211256413335,-0.4439414601228719,50250367,10.5500091
Myanmar,2010.0,2357003.0,539484.0,0.2288855805444457,5.8197608272444565,50600818,9.634439452
Myanmar,2011.0,2357003.0,421365.0,0.17877151620087034,-0.2189481059679249,50990615,5.591482377999999
Myanmar,2012.0,9414758.0,387598.8588205818,0.17273853467640346,-0.08013513504780463,51413698,7.332670447000001
Myanmar,2013.0,9414758.0,411455.14117941813,0.16627418613897094,0.06154889730952307,51852451,8.426001025
Myanmar,2014.0,9414758.0,238807.09473838023,0.13511252740584773,-0.4196035707468616,52280807,7.990915597000001
Myanmar,2015.0,9414758.0,266580.3430784077,0.14105596337148374,0.11629992974226258,52680726,6.99284029
Myanmar,2016.0,9414758.0,296909.000242358,0.1475462532205784,0.11376929301583928,53045226,5.7500645
Myanmar,2017.0,9414758.0,422469.2662742493,0.17441597302621015,0.4228914109353376,53382581,6.404977325
Myanmar,2018.0,9414758.0,434606.73746905866,0.1770133747398273,0.028729832354077618,53708395,6.750460146
Nepal,1992.0,469964.0,29038.0,0.061787711399171,-0.9331855733090946,19938320,4.106406612
Nepal,1993.0,469964.0,28769.0,0.06121532713143985,-0.009263723396928164,20489975,3.849850022
Nepal,1994.0,469964.0,64521.0,0.13728923917576666,1.2427265459348604,21040904,8.216002709
Nepal,1995.0,469964.0,45657.0,0.09714999446766136,-0.29236992607058165,21576071,3.468451883
Nepal,1996.0,469964.0,49248.0,0.10479100526848864,0.07865168539325842,22090352,5.328284175
Nepal,1997.0,469964.0,83852.0,0.17842217701781413,0.7026478232618584,22584775,5.048612536
Nepal,1998.0,469964.0,95517.0,0.20324322714080229,0.1391141535085627,23057883,3.0163894819999997
Nepal,1999.0,469964.0,109344.0,0.2326646296312058,0.14475957159458525,23509964,4.412573271
Nepal,2000.0,469964.0,127912.0,0.27217403886255115,0.16981270119988293,23941110,6.199999987999999
Nepal,2001.0,469964.0,142416.0,0.3030359772237873,0.11339045593845767,24347106,4.799892149
Nepal,2002.0,469964.0,131768.0,0.28037892264088315,-0.07476688012582856,24725627,0.120143175
Nepal,2003.0,469964.0,97407.0,0.20726481177281664,-0.2607689272053913,25080872,3.945037767
Nepal,2004.0,469964.0,124858.0,0.2656756687746296,0.2818175285143778,25419344,4.682603245
Nepal,2005.0,469964.0,113122.0,0.2407035432501213,-0.09399477806788513,25744500,3.4791810460000003
Nepal,2006.0,469964.0,116030.0,0.2468912512447762,0.0257067590742738,26066693,3.364614788
Nepal,2007.0,469964.0,120049.0,0.2554429700998374,0.03463759372576058,26382581,3.4115602760000003
Nepal,2008.0,469964.0,61123.0,0.13005889812836727,-0.4908495697590151,26666576,6.104639142000001
Nepal,2009.0,469964.0,47840.0,0.10179503110876577,-0.2173159039968588,26883535,4.53307872
Nepal,2010.0,469964.0,83104.0,0.17683056574546135,0.737123745819398,27013212,4.81641465
Nepal,2011.0,469964.0,64019.0,0.13622107225234273,-0.2296520023103581,27041437,3.421828241
Nepal,2012.0,1877914.0,2110.736334516056,0.10017903252842718,-0.9670295328806128,26989862,4.781192258
Nepal,2013.0,1877914.0,111846.26366548393,0.14230124255647295,51.98921605531926,26917906,4.128877676
Nepal,2014.0,1877914.0,42194.15189450317,0.11807630790383873,-0.6227486684696075,26906926,5.988984661
Nepal,2015.0,1877914.0,-35778.578352871584,0.10139025362537032,-1.8479511199165168,27015031,3.322905439
Nepal,2016.0,1877914.0,-55438.64150340203,0.09718302784518916,0.5494925750439308,27261131,0.588678499
Nepal,2017.0,1877914.0,404754.6735600715,0.19566374808386466,-8.300948626874876,27627124,8.223499483
Nepal,2018.0,1877914.0,314890.081268838,0.17643285210360704,-0.2220223709854119,28087871,6.700995459
Pakistan,1992.0,3286104.0,2120848.0,0.6453989283358044,5.735201030956963,113911126,7.705897823
Pakistan,1993.0,3286104.0,2170448.0,0.6604927902464438,0.023386871666427767,117086685,1.7577476969999999
Pakistan,1994.0,3286104.0,4359127.0,1.3265334876802441,1.008399648367526,120362762,3.737415552
Pakistan,1995.0,3286104.0,2703625.0,0.8227448066159805,-0.3797783363503747,123776839,4.96260915
Pakistan,1996.0,3286104.0,2772756.0,0.8437821809656664,0.02556974432474918,127349290,4.846581284
Pakistan,1997.0,3286104.0,4883648.0,1.4861513816969882,0.7612974239348864,131057431,1.0143960140000001
Pakistan,1998.0,3286104.0,5412855.0,1.6471952804902097,0.10836305155490322,134843233,2.550234295
Pakistan,1999.0,3286104.0,5462445.0,1.6622860992835284,0.009161523816913623,138624621,3.6601327439999998
Pakistan,2000.0,3286104.0,5756594.0,1.751799090959994,0.05384932937539875,142343578,4.260088012
Pakistan,2001.0,3286104.0,5897819.0,1.7947755153214868,0.024532735850400427,145978402,3.554418216
Pakistan,2002.0,3286104.0,5965159.0,1.8152678673590368,0.011417780030211171,149549700,2.508337724
Pakistan,2003.0,3286104.0,5122568.0,1.558857540722996,-0.14125206050668554,153093373,5.777033992000001
Pakistan,2004.0,3286104.0,5655966.0,1.72117680998532,0.10412707064113157,156664697,7.546860015
Pakistan,2005.0,3286104.0,5315628.0,1.6176079637163037,-0.06017327544048179,160304008,6.518778074
Pakistan,2006.0,3286104.0,5877342.0,1.7885441239839028,0.1056721802202863,164022627,5.8989844410000005
Pakistan,2007.0,3286104.0,6282948.0,1.9119747883816216,0.06901180839910286,167808105,4.832817277
Pakistan,2008.0,3286104.0,2896239.0,0.8813595065767852,-0.5390318366473827,171648986,1.701405465
Pakistan,2009.0,3286104.0,3010090.0,0.9160057015846121,0.039309946451242465,175525609,2.831658519
Pakistan,2010.0,3286104.0,3843818.0,1.1697189133393222,0.27697776478444164,179424641,1.606688629
Pakistan,2011.0,3286104.0,3128210.0,0.951951003376643,-0.1861711454600608,183340592,2.748405917
Pakistan,2012.0,13140344.0,3341672.0220373827,0.9937645351552392,0.06823775323184271,187281475,3.50703342
Pakistan,2013.0,13140344.0,3201196.9779626173,0.9973072629375782,-0.042037352303988,191262919,4.396456633000001
Pakistan,2014.0,13140344.0,3282065.536429256,0.997810925845293,0.025261975137221084,195306825,4.674707981
Pakistan,2015.0,13140344.0,3273914.234486289,0.9960665587283659,-0.0024835890241959053,199426964,4.731147475
Pakistan,2016.0,13140344.0,3284418.4346533907,0.9983144427460744,0.003208453067112805,203627284,5.526735845
Pakistan,2017.0,13140344.0,3325030.817785411,1.0070054354453029,0.012365167209977115,207896686,5.5542774370000005
Pakistan,2018.0,13140344.0,3379532.776775252,1.018668777784376,0.016391414689546,212215030,5.836417497999999
Philippines,1992.0,1744448.0,239243.0,0.13714538925780534,-0.929208261673294,65020116,0.33760303
Philippines,1993.0,1744448.0,325014.0,0.1863133782147705,0.3585099668537847,66593904,2.116307179
Philippines,1994.0,1744448.0,683758.0,0.3919623858091499,1.1037801448552986,68180859,4.387623341
Philippines,1995.0,1744448.0,416558.0,0.2387907234838757,-0.3907815338175202,69784088,4.678692218999999
Philippines,1996.0,1744448.0,430112.0,0.24656051656455225,0.032538085932811274,71401749,5.845873472
Philippines,1997.0,1744448.0,984196.0,0.5641876398723263,1.2882319023882152,73030884,5.185362276
Philippines,1998.0,1744448.0,996354.0,0.5711571798070221,0.012353230454096541,74672014,-0.576718146
Philippines,1999.0,1744448.0,893390.0,0.5121333510657813,-0.10334078048565068,76325927,3.0819164580000002
Philippines,2000.0,1744448.0,935278.0,0.5361455314231207,0.046886578090195766,77991755,4.41122216
Philippines,2001.0,1744448.0,982809.0,0.5633925459514987,0.05082018394530824,79672873,3.049231344
Philippines,2002.0,1744448.0,1068204.0,0.6123449939465092,0.08688870370539953,81365258,3.716255002
Philippines,2003.0,1744448.0,935935.0,0.5365221548593022,-0.1238237265541039,83051971,5.086911134
Philippines,2004.0,1744448.0,993419.0,0.5694746991598488,0.061418795108634676,84710542,6.569228513
Philippines,2005.0,1744448.0,850335.0,0.4874521911802473,-0.14403187376122262,86326250,4.942505118
Philippines,2006.0,1744448.0,825025.0,0.4729433035550501,-0.029764739779028264,87888675,5.316416822
Philippines,2007.0,1744448.0,958207.0,0.5492895173716843,0.16142783552013576,89405482,6.51929155
Philippines,2008.0,1744448.0,511417.0,0.29316838335106576,-0.4662771196620354,90901965,4.344487305
Philippines,2009.0,1744448.0,465386.0,0.2667812396815497,-0.09000678506971806,92414158,1.4483230630000001
Philippines,2010.0,1744448.0,839300.0,0.4811264078952196,0.803449179820622,93966780,7.33449996
Philippines,2011.0,1744448.0,625551.0,0.35859538375463185,-0.2546753246753247,95570047,3.8582328269999997
Philippines,2012.0,6975544.0,672426.055979892,0.39326644106666064,0.07493402772898138,97212638,6.896951711
Philippines,2013.0,6975544.0,696355.944020108,0.3913840615565188,0.03558738961318823,98871552,6.750531302000001
Philippines,2014.0,6975544.0,625812.5301389882,0.3797895413967329,-0.10130367161636923,100513138,6.347987483
Philippines,2015.0,6975544.0,699259.9344245145,0.3955071823031467,0.11736326894767392,102113212,6.348309717
Philippines,2016.0,6975544.0,666808.4591975072,0.3885626123831721,-0.04640831489039137,103663927,7.14945675
Philippines,2017.0,6975544.0,802695.6441838128,0.4176422782770839,0.20378743417539047,105173264,6.9309883260000005
Philippines,2018.0,6975544.0,759492.6853728433,0.4083969060370303,-0.05382234116256928,106651922,6.341485571000001
Poland,1992.0,837200.0,2456297.0,2.9339429049211656,2.2341285799140733,38363667,2.514978611
Poland,1993.0,837200.0,2230093.0,2.6637517916865745,-0.0920914693947841,38461408,3.738310308
Poland,1994.0,837200.0,4587921.0,5.480077639751553,1.0572778803395195,38542652,5.292802058
Poland,1995.0,837200.0,4069906.0,4.861330625895843,-0.11290843935630104,38594998,6.951856628
Poland,1996.0,837200.0,3793730.0,4.5314500716674635,-0.06785807829468297,38624370,6.056624499
Poland,1997.0,837200.0,6450536.0,7.704892498805544,0.7003149934233591,38649660,6.459525756000001
Poland,1998.0,837200.0,10227361.0,12.216150262780696,0.5855056075960199,38663481,4.614695341
Poland,1999.0,837200.0,8511626.0,10.1667773530817,-0.16775930760633168,38660271,4.642175811
Poland,2000.0,837200.0,8283872.0,9.894734830387003,-0.0267579896015168,38258629,4.55954936
Poland,2001.0,837200.0,9895096.0,11.819273769708552,0.1945013153269389,38248076,1.247967922
Poland,2002.0,837200.0,10948089.0,13.077029383659818,0.10641564265773673,38230364,2.04162374
Poland,2003.0,837200.0,7982032.0,9.534199713330148,-0.270920066506584,38204570,3.562466665
Poland,2004.0,837200.0,8262011.0,9.868622790253225,0.03507615604648038,38182222,5.135650812
Poland,2005.0,837200.0,9031180.0,10.787362637362637,0.09309706801407068,38165445,3.4932252160000004
Poland,2006.0,837200.0,9615989.0,11.485892259914,0.06475443961918598,38141267,6.179335206
Poland,2007.0,837200.0,8241338.0,9.843929765886287,-0.14295471843821786,38120560,7.035226715
Poland,2008.0,837200.0,4613272.0,5.510358337314859,-0.4402277882547713,38125759,4.249788306
Poland,2009.0,837200.0,5017997.0,5.993785236502628,0.08773057387468157,38151603,2.8201248160000003
Poland,2010.0,837200.0,11013992.0,13.15574773053034,1.1948980838370369,38042794,3.607522434
Poland,2011.0,837200.0,6965483.0,8.31997491638796,-0.3675787126048394,38063255,5.0172352
Poland,2012.0,3341220.0,7792816.922107087,8.590802503480548,0.11877624596989005,38063164,1.607906645
Poland,2013.0,3341220.0,6589953.077892913,8.588808103303965,-0.15435546044997234,38040196,1.391892321
Poland,2014.0,3341220.0,7200229.445840696,8.591698002325495,0.09260708850796788,38011735,3.318447537
Poland,2015.0,3341220.0,7187359.309242241,8.588943811249054,-0.0017874620101015512,37986412,3.8390713389999997
Poland,2016.0,3341220.0,7206992.612541234,8.593145310458754,0.0027316434943980786,37970087,3.0639081160000003
Poland,2017.0,3341220.0,7198935.870655755,8.591421179060736,-0.001117906222279126,37974826,4.937663245
Poland,2018.0,3341220.0,7192932.093326459,8.590136379181669,-0.0008339812212758309,37974750,5.349025115
Senegal,1992.0,379620.0,27388.0,0.07214583004056688,-0.9961923733402946,7990096,1.242647228
Senegal,1993.0,379620.0,37628.0,0.09912017280438333,0.3738863735942749,8226760,1.300780408
Senegal,1994.0,379620.0,69340.0,0.1826563405510774,0.8427766556819389,8461068,-0.017328659
Senegal,1995.0,379620.0,42161.0,0.11106106106106106,-0.3919671185462936,8690164,5.3634728869999995
Senegal,1996.0,379620.0,46399.0,0.12222485643538275,0.1005194373947487,8912861,2.012125113
Senegal,1997.0,379620.0,81617.0,0.2149965755228913,0.7590249789866161,9130877,3.124033282
Senegal,1998.0,379620.0,88401.0,0.2328670776039197,0.08311993824815908,9347774,5.898672563
Senegal,1999.0,379620.0,86201.0,0.227071808650756,-0.02488659630547166,9568722,6.347115795
Senegal,2000.0,379620.0,95899.0,0.2526184078815657,0.11250449530747904,9797734,3.1989880360000003
Senegal,2001.0,379620.0,103244.0,0.2719667035456509,0.07659099677786002,10036104,4.5809164419999995
Senegal,2002.0,379620.0,109679.0,0.2889178652336547,0.06232807717639766,10283699,0.654803648
Senegal,2003.0,379620.0,90868.0,0.23936568147094464,-0.1715095870677158,10541467,6.683228177999999
Senegal,2004.0,379620.0,109404.0,0.28819345661450924,0.20398820266760576,10810083,5.8707722129999995
Senegal,2005.0,379620.0,104975.0,0.2765265265265265,-0.040482980512595516,11090116,5.622606856
Senegal,2006.0,379620.0,109269.0,0.28783783783783784,0.040904977375565615,11382268,2.461570254
Senegal,2007.0,379620.0,122598.0,0.3229492650545282,0.12198336216127173,11687080,4.938485083
Senegal,2008.0,379620.0,68154.0,0.17953216374269007,-0.44408554788821997,12004701,4.056375727
Senegal,2009.0,379620.0,66070.0,0.17404246351614772,-0.030577809079437742,12335084,2.092527084
Senegal,2010.0,379620.0,95525.0,0.25163321215952794,0.445815044649614,12678148,3.56274539
Senegal,2011.0,379620.0,80861.0,0.21300511037353145,-0.15350955247317455,13033809,1.458388671
Senegal,2012.0,1515975.0,95494.59106104678,0.2370878372384417,0.180972175227202,13401991,5.117394237
Senegal,2013.0,1515975.0,82387.40893895322,0.2314912681827689,-0.13725575424177214,13782420,2.82210565
Senegal,2014.0,1515975.0,94282.27510536172,0.2354325780483297,0.14437723336125638,14174731,6.613500103
Senegal,2015.0,1515975.0,70062.5196487522,0.23024958454690844,-0.25688556443449856,14578459,6.367043651
Senegal,2016.0,1515975.0,69791.27073661426,0.230191537662356,-0.0038715266521645642,14993528,6.356068572000001
Senegal,2017.0,1515975.0,117747.18716116625,0.24045403612682026,0.6871334468967207,15419381,7.407486186
Senegal,2018.0,1515975.0,93136.53527338368,0.2351873913405572,-0.20901265228609486,15854360,6.3795565839999995
Tanzania,1992.0,1705492.0,37143.0,0.02177846627248911,-0.6011983923282721,26961197,0.584322134
Tanzania,1993.0,1705492.0,54130.0,0.03173864198718024,0.4573405486901974,27887203,1.205800808
Tanzania,1994.0,1705492.0,100056.0,0.05866694185607438,0.848438943284685,28792639,1.5676617659999998
Tanzania,1995.0,1705492.0,64976.0,0.038098097205967546,-0.3506036619493084,29649135,3.569911868
Tanzania,1996.0,1705492.0,66236.0,0.038836886951096806,0.019391775424772224,30444526,4.544366802
Tanzania,1997.0,1705492.0,108644.0,0.06370243894430462,0.6402560541095477,31192857,3.5252781910000004
Tanzania,1998.0,1705492.0,119982.0,0.0703503739683329,0.104359191487795,31924196,3.708511596
Tanzania,1999.0,1705492.0,131112.0,0.07687635005030806,0.09276391458718808,32682239,4.863863755
Tanzania,2000.0,1705492.0,138479.0,0.08119592469504401,0.056188602111172124,33499180,4.520784635
Tanzania,2001.0,1705492.0,134778.0,0.07902587640399368,-0.026726073989557984,34385856,6.070808287999999
Tanzania,2002.0,1705492.0,146233.0,0.0857424133329268,0.08499161584234816,35334788,7.093194984
Tanzania,2003.0,1705492.0,109188.0,0.06402140848505886,-0.2533285920414681,36337782,6.672789829
Tanzania,2004.0,1705492.0,128783.0,0.07551076170395404,0.17946111294281422,37379767,7.50381466
Tanzania,2005.0,1705492.0,114132.0,0.06692027872308988,-0.11376501556882508,38450320,7.476319257999999
Tanzania,2006.0,1705492.0,119816.0,0.07025304135111744,0.04980198366803351,39548663,6.53222139
Tanzania,2007.0,1705492.0,116927.0,0.0685591020069282,-0.02411197168992455,40681414,6.768535202000001
Tanzania,2008.0,1705492.0,68535.0,0.04018488506542394,-0.4138650611065024,41853944,5.68641686
Tanzania,2009.0,1705492.0,67516.0,0.039587403517577335,-0.014868315459254397,43073834,5.269105248
Tanzania,2010.0,1705492.0,120878.0,0.07087573556486926,0.7903608033651283,44346525,6.336523427
Tanzania,2011.0,1705492.0,96549.0,0.05661064373213125,-0.2012690481311736,45673338,7.672155435
Tanzania,2012.0,6814110.0,99576.90202979141,0.060743004274149436,0.031361298716624825,47052481,4.50015356
Tanzania,2013.0,6814110.0,126778.09797020859,0.07197822807405271,0.27316772651030186,48482266,6.781585601000001
Tanzania,2014.0,6814110.0,96874.65913779431,0.06287183122765942,-0.23587227850224765,49959822,6.732461868
Tanzania,2015.0,6814110.0,94581.25744799412,0.0623810465012951,-0.023673907193191325,51482633,6.160628774
Tanzania,2016.0,6814110.0,114212.74969074807,0.06658215814751647,0.20756218274586166,53050790,6.8671161960000004
Tanzania,2017.0,6814110.0,350785.4824144437,0.1172083892222721,2.0713338341320005,54663906,6.785680114
Tanzania,2018.0,6814110.0,343656.54318917583,0.11568280628470748,-0.020322788663315317,56318348,5.444967632000001
Togo,1992.0,141372.0,18387.0,0.130061115355233,-0.9464959990886064,3945905,-3.98068682
Togo,1993.0,141372.0,18187.0,0.12864640805817276,-0.010877250231141573,4029053,-15.09582748
Togo,1994.0,141372.0,40803.0,0.2886215092097445,1.2435255952053663,4120616,14.98241434
Togo,1995.0,141372.0,21928.0,0.1551085080496845,-0.4625885351567287,4226291,7.845832324
Togo,1996.0,141372.0,21535.0,0.15232860821096114,-0.0179222911346224,4348805,8.836211627
Togo,1997.0,141372.0,49785.0,0.3521560139207198,1.3118179707452984,4485951,14.37737757
Togo,1998.0,141372.0,40226.0,0.2845400786577257,-0.1920056241839912,4632446,-2.299876563
Togo,1999.0,141372.0,44267.0,0.3131242395948278,0.10045741560184956,4780448,2.481751429
Togo,2000.0,141372.0,39299.0,0.2779829103358515,-0.11222807057175774,4924402,-0.7834796070000001
Togo,2001.0,141372.0,40552.0,0.2868460515519339,0.03188376294562203,5062567,0.823438749
Togo,2002.0,141372.0,41751.0,0.29532722179781,0.02956697573485895,5197031,3.8266225819999997
Togo,2003.0,141372.0,35868.0,0.25371360665478315,-0.14090680462743407,5330639,6.720171421
Togo,2004.0,141372.0,35829.0,0.2534377387318564,-0.0010873201739712275,5467766,-0.9786653359999999
Togo,2005.0,141372.0,35988.0,0.2545624310330193,0.004437745959976557,5611640,-4.666299379
Togo,2006.0,141372.0,34323.0,0.2427849927849928,-0.046265421807269086,5762880,2.6501320969999997
Togo,2007.0,141372.0,39597.0,0.2800908242084713,0.1536578970369723,5920359,-1.1751203890000002
Togo,2008.0,141372.0,25288.0,0.1788755906402965,-0.3613657600323257,6083420,4.062252828
Togo,2009.0,141372.0,22264.0,0.1574852163087457,-0.1195824106295476,6250835,5.537910972000001
Togo,2010.0,141372.0,35818.0,0.2533599298305181,0.6087854832914121,6421679,6.099259161
Togo,2011.0,141372.0,34462.0,0.2437682143564497,-0.03785806019319895,6595943,6.398199052000001
Togo,2012.0,563342.0,39351.47902733261,0.27383569215940473,0.1418803037354946,6773807,6.543507031
Togo,2013.0,563342.0,38078.520972667386,0.2738682378974665,-0.032348417038685184,6954721,6.112343077999999
Togo,2014.0,563342.0,20951.45600580535,0.2700505916723311,-0.4497828310914643,7137997,5.920588571000001
Togo,2015.0,563342.0,17967.95666455234,0.2694121270220619,-0.14240057304018985,7323158,5.742868453
Togo,2016.0,563342.0,13739.749666153923,0.2685072966890462,-0.2353193007605554,7509952,5.559079306
Togo,2017.0,563342.0,48925.12387497311,0.27603691713447553,2.5608453620879112,7698475,4.357413915
Togo,2018.0,563342.0,59337.826925184236,0.27826522089824235,0.21282936506855896,7889094,4.91014754
Turkmenistan,1992.0,1516613.0,302532.0,0.19947870682896693,4.098467801684847,3899843,-14.9659866
Turkmenistan,1993.0,1516613.0,288847.0,0.19045531061648555,-0.045234884243650256,4010789,1.500000174
Turkmenistan,1994.0,1516613.0,630007.0,0.4154039296775117,1.1811097224482163,4115102,-17.29986047
Turkmenistan,1995.0,1516613.0,347549.0,0.2291612955974925,-0.4483410501788075,4207841,-7.200040934
Turkmenistan,1996.0,1516613.0,353054.0,0.23279109436619624,0.01583949313621964,4287346,6.699992161
Turkmenistan,1997.0,1516613.0,586651.0,0.3868165444975086,0.6616466602842624,4355116,-11.40000023
Turkmenistan,1998.0,1516613.0,785708.0,0.5180675623906692,0.33931076568522,4413479,7.100000344
Turkmenistan,1999.0,1516613.0,768646.0,0.5068174939816552,-0.02171544645084433,4466135,16.4999995
Turkmenistan,2000.0,1516613.0,868686.0,0.5727802676094692,0.13015094074515446,4516133,5.469064133
Turkmenistan,2001.0,1516613.0,918088.0,0.6053541674771349,0.05686980105584756,4564083,4.3438457139999995
Turkmenistan,2002.0,1516613.0,1053598.0,0.6947045818544348,0.14760023004330738,4610005,0.257179925
Turkmenistan,2003.0,1516613.0,906217.0,0.5975268575437505,-0.13988352293759101,4655743,3.26882856
Turkmenistan,2004.0,1516613.0,975969.0,0.6435188146217921,0.07697052692677361,4703401,5.000407438
Turkmenistan,2005.0,1516613.0,936722.0,0.6176407560795009,-0.04021336743277706,4754646,13.03403487
Turkmenistan,2006.0,1516613.0,894846.0,0.5900292296057069,-0.04470483238356738,4810109,10.97330833
Turkmenistan,2007.0,1516613.0,953762.0,0.6288763184807199,0.06583926172771627,4870141,11.05929947
Turkmenistan,2008.0,1516613.0,559190.0,0.3687097499493938,-0.4137006926256236,4935767,14.7
Turkmenistan,2009.0,1516613.0,428365.0,0.2824484558684384,-0.2339544698581877,5007954,6.100000115
Turkmenistan,2010.0,1516613.0,775481.0,0.5113242468579657,0.8103276411471525,5087213,9.199999988
Turkmenistan,2011.0,1516613.0,658716.0,0.4343336104859974,-0.15057106492615552,5174085,14.69999993
Turkmenistan,2012.0,2823312.0,687467.9854273658,0.455305634713326,0.04364853051598224,5267900,11.09999996
Turkmenistan,2013.0,2823312.0,708396.0145726342,0.4650768227758291,0.030442187256557906,5366375,10.200000099999999
Turkmenistan,2014.0,2823312.0,667938.3328157028,0.4537726262785654,-0.057111673307957626,5466328,10.29999997
Turkmenistan,2015.0,2823312.0,669459.383961553,0.4540981290780629,0.0022772328987890307,5565287,6.49999991
Turkmenistan,2016.0,2823312.0,679089.0954654164,0.4561588737554608,0.014384310287622297,5662372,6.199999966
Turkmenistan,2017.0,2823312.0,681779.7035974779,0.4567346601001383,0.003962084135981322,5757669,6.500000047
Turkmenistan,2018.0,2823312.0,695715.1876244246,0.4597168340234144,0.0204398634242333,5850908,6.199999941000001
Uganda,1992.0,448020.0,13849.0,0.030911566447926437,-0.9800938656416448,18561674,3.418356892
Uganda,1993.0,448020.0,20015.0,0.044674344895317165,0.44523070257780345,19175988,8.32629252
Uganda,1994.0,448020.0,39640.0,0.08847819293781528,0.9805146140394704,19793541,6.403635743
Uganda,1995.0,448020.0,27744.0,0.06192580688362127,-0.30010090817356205,20413152,11.52324381
Uganda,1996.0,448020.0,33541.0,0.07486496138565242,0.20894607843137256,21032821,9.072114582000001
Uganda,1997.0,448020.0,51871.0,0.11577831346814875,0.5464953340687517,21655398,5.100001863999999
Uganda,1998.0,448020.0,56175.0,0.12538502745413152,0.08297507277669604,22290780,4.905265484
Uganda,1999.0,448020.0,51320.0,0.11454845765814026,-0.08642634623943035,22952410,8.053948377000001
Uganda,2000.0,448020.0,63501.0,0.1417369760278559,0.2373538581449728,23650172,3.141907338
Uganda,2001.0,448020.0,71321.0,0.15919155394848444,0.12314766696587455,24388968,5.1836611260000005
Uganda,2002.0,448020.0,75968.0,0.16956385875630553,0.0651561251244374,25167257,8.732685764
Uganda,2003.0,448020.0,53403.0,0.11919780366947905,-0.29703296124684075,25980552,6.473258671
Uganda,2004.0,448020.0,61547.0,0.13737556359091113,0.15250079583543996,26821297,6.807233344
Uganda,2005.0,448020.0,49876.0,0.11132538725949734,-0.189627439192812,27684585,6.3325651160000005
Uganda,2006.0,448020.0,44982.0,0.10040176777822417,-0.0981233458978266,28571475,10.78474439
Uganda,2007.0,448020.0,49670.0,0.11086558635775187,0.10421946556400337,29486338,8.412425966
Uganda,2008.0,448020.0,32011.0,0.07144993527074685,-0.3555264747332394,30431736,8.708751901
Uganda,2009.0,448020.0,31850.0,0.07109057631355742,-0.005029521102121146,31411096,6.801517348
Uganda,2010.0,448020.0,56089.0,0.12519307173786884,0.7610361067503925,32428167,5.637611637999999
Uganda,2011.0,448020.0,47524.0,0.10607562162403464,-0.15270373870099307,33476919,9.391655493
Uganda,2012.0,1792137.0,77304.83144395494,0.1296763481495919,0.6266482502305141,34559168,3.8374556060000002
Uganda,2013.0,1792137.0,29456.168556045064,0.10861881724481016,-0.6189608332902139,35695246,3.586905826
Uganda,2014.0,1792137.0,12714.866526251863,0.11044519449996193,-0.5683462191608594,36912148,5.106307323999999
Uganda,2015.0,1792137.0,145585.7722810993,0.13887938089334256,10.450043300141164,38225453,5.187859863
Uganda,2016.0,1792137.0,17034.28392803797,0.111369543730634,-0.8829948582121891,39647506,4.781000291000001
Uganda,2017.0,1792137.0,294388.25604376744,0.17072290250605907,16.282103391455884,41162465,3.897747657
Uganda,2018.0,1792137.0,240201.0579937901,0.15912691856409006,-0.18406711863506264,42723139,6.155079976000001
Uzbekistan,1992.0,2085798.0,1199931.0,0.5752862933035702,3.9955275385632216,21449000,-11.2
Uzbekistan,1993.0,2085798.0,1141622.0,0.5473310454799554,-0.04859362746691268,21942000,-2.300000006
Uzbekistan,1994.0,2085798.0,2314161.0,1.1094847152025271,1.0270816434861978,22377000,-5.1999999919999995
Uzbekistan,1995.0,2085798.0,1375336.0,0.6593812056584578,-0.4056869854776742,22785000,-0.900000006
Uzbekistan,1996.0,2085798.0,1343105.0,0.6439286067011283,-0.023435000610759843,23225000,1.700000004
Uzbekistan,1997.0,2085798.0,2226284.0,1.0673535979994229,0.6575651196295151,23667000,5.199999997
Uzbekistan,1998.0,2085798.0,2575967.0,1.2350031019302925,0.15707025698428412,24051000,4.3
Uzbekistan,1999.0,2085798.0,2152843.0,1.0321435728675548,-0.1642583154209662,24311650,4.300000003
Uzbekistan,2000.0,2085798.0,2229091.0,1.0686993659021629,0.035417352774912064,24650400,3.834999999
Uzbekistan,2001.0,2085798.0,2403503.0,1.1523182014749271,0.07824355308957777,24964450,4.16383825
Uzbekistan,2002.0,2085798.0,2903088.0,1.3918356427611878,0.20785703200703307,25271850,3.973488192
Uzbekistan,2003.0,2085798.0,2038407.0,0.9772791996156868,-0.2978487045518427,25567650,4.2326273819999995
Uzbekistan,2004.0,2085798.0,2181933.0,1.0460902733630006,0.07041086495483974,25864350,7.449000605
Uzbekistan,2005.0,2085798.0,2105193.0,1.0092985993849837,-0.03517064914458876,26167000,6.950007197000001
Uzbekistan,2006.0,2085798.0,2209510.0,1.0593115920141836,0.04955222632794238,26488250,7.451418476000001
Uzbekistan,2007.0,2085798.0,2365732.0,1.1342095447401903,0.07070436431607008,26868000,9.473005305
Uzbekistan,2008.0,2085798.0,1233392.0,0.5913285946194214,-0.4786425512272734,27302800,9.029161017
Uzbekistan,2009.0,2085798.0,922783.0,0.442412448377072,-0.2518331560444692,27767400,8.050933328
Uzbekistan,2010.0,2085798.0,1588489.0,0.7615737477934105,0.7214112093525781,28562400,7.597167961
Uzbekistan,2011.0,2085798.0,1157408.0,0.55489937184713,-0.2713780202443958,29339400,7.784905864
Uzbekistan,2012.0,6352618.0,1182007.110151077,0.5621421884975205,0.021253620288676868,29774500,7.375687986
Uzbekistan,2013.0,6352618.0,1144303.889848923,0.5531676353684529,-0.031897625638931094,30243200,7.584537849
Uzbekistan,2014.0,6352618.0,1058088.6977828215,0.5351707644740106,-0.07534291618766074,30757700,7.17939955
Uzbekistan,2015.0,6352618.0,1029738.0046383244,0.5291037561348071,-0.026794250050969026,31298900,7.447705075
Uzbekistan,2016.0,6352618.0,1035681.8567874169,0.5303757321098472,0.0057721984838076746,31847900,6.094210239
Uzbekistan,2017.0,6352618.0,1080291.5452904562,0.5399221425195603,0.04307277202037135,32388600,4.46152609
Uzbekistan,2018.0,6352618.0,1099644.351257898,0.5440636156960017,0.017914428796384226,32956100,5.446444862000001
