year,country,pixels,luminosity,lum/pix,population,lum_growth,percapitagdpgrowth
1992,Albania,76014.0,11956.0,0.15728681558660246,3247039.0,-0.978115692480938,-6.622551214
1993,Albania,76014.0,31200.0,0.41045070644881204,3227287.0,-0.9728684598819148,10.22994936
1994,Albania,76014.0,93815.0,1.2341805456889523,3207536.0,-0.9573627060564384,8.969761652999999
1995,Albania,76014.0,66224.0,0.8712079353803247,3187784.0,-0.98058873484986,14.02449593
1996,Albania,76014.0,57729.0,0.7594522061725472,3168033.0,-0.9722923801564006,9.780179886
1997,Albania,76014.0,105460.0,1.387376009682427,3148281.0,-0.9388192576223297,-10.36110498
1998,Albania,76014.0,119768.0,1.5756044939090168,3128530.0,-0.9253260857083926,9.51715258
1999,Albania,76014.0,141234.0,1.857999842134344,3108778.0,-0.9490495462367972,13.60715645
2000,Albania,76014.0,175906.0,2.3141263451469465,3089027.0,-0.931701278376742,7.633866403
2001,Albania,76014.0,171758.0,2.2595574499434314,3060173.0,-0.9385389481176164,9.311123961
2002,Albania,76014.0,191844.0,2.523798247691215,3051010.0,-0.9231212531533328,4.853922135
2003,Albania,76014.0,165912.0,2.1826505643697214,3039616.0,-0.9282185840268141,5.925630152999999
2004,Albania,76014.0,184407.0,2.4259610071828868,3026939.0,-0.9230903317211584,5.951880823
2005,Albania,76014.0,187828.0,2.4709658747072907,3011487.0,-0.9137769307911728,6.071390912000001
2006,Albania,76014.0,190939.0,2.5118925461099257,2992547.0,-0.9087515258577502,6.570331606
2007,Albania,76014.0,203654.0,2.6791643644591785,2970017.0,-0.8880308052755199,6.783926591
2008,Albania,76014.0,127716.0,1.6801641802825795,2947314.0,-0.9280464995347116,8.328035998999999
2009,Albania,76014.0,108899.0,1.43261767569132,2927519.0,-0.9446970185556959,4.048888488
2010,Albania,76014.0,162528.0,2.1381324492856577,2913021.0,-0.9146689468889059,4.223037747
2011,Albania,76014.0,150894.0,1.9850816954771489,2905195.0,-0.9144874515261421,2.8215579280000003
2012,Albania,303968.0,158414.71220402428,2.1445303065785546,2900401.0,-0.8988110457392698,1.585156475
2013,Albania,303968.0,167679.28779597572,2.1453899712650006,2895092.0,-0.9036736008100282,1.187203907
2014,Albania,303968.0,156584.0719637607,2.1435770814391377,2889104.0,-0.9125087650691944,1.985426103
2015,Albania,303968.0,140315.03403900826,2.140095530273626,2880703.0,-0.9069670307463557,2.516852986
2016,Albania,303968.0,137545.74504156213,2.1395029063347497,2876101.0,-0.9059571906442562,3.480117005
2017,Albania,303968.0,170370.53576027838,2.1465273652433217,2873457.0,-0.8961139075053012,3.897710666
2018,Albania,303968.0,185801.0347259958,2.149829470254509,2866376.0,-0.904925089865659,4.328395578
1992,Armenia,106304.0,32556.0,0.3062537627934979,3442817.0,-0.9899370904423036,-40.74445259
1993,Armenia,106304.0,40362.0,0.3796846779048766,3363108.0,-0.9884212680607002,-6.638468181
1994,Armenia,106304.0,63429.0,0.5966755719446116,3283667.0,-0.9842099034395267,7.949920792
1995,Armenia,106304.0,28877.0,0.2716454695966285,3217348.0,-0.9873612007011486,9.103521626000001
1996,Armenia,106304.0,41219.0,0.387746462974112,3168221.0,-0.9869464501869804,7.50696854
1997,Armenia,106304.0,91015.0,0.8561766255267911,3133089.0,-0.971347259859933,4.47964116
1998,Armenia,106304.0,111088.0,1.0450030102347982,3108687.0,-0.9697998438411076,8.142263813
1999,Armenia,106304.0,75796.0,0.7130117399157134,3089022.0,-0.9677637347529136,3.957617364
2000,Armenia,106304.0,101604.0,0.9557871763997592,3069591.0,-0.9694778576234632,6.570363869
2001,Armenia,106304.0,91432.0,0.8600993377483444,3050687.0,-0.9695504557685688,10.27915142
2002,Armenia,106304.0,114368.0,1.0758579169175195,3033978.0,-0.9663480709233541,13.82342535
2003,Armenia,106304.0,106785.0,1.004524759181216,3017932.0,-0.9694509694215722,14.60612499
2004,Armenia,106304.0,114414.0,1.0762906381697772,3000720.0,-0.9678585156645794,11.13382322
2005,Armenia,106304.0,128269.0,1.2066243979530404,2981269.0,-0.9714057416990458,14.64312949
2006,Armenia,106304.0,135745.0,1.2769510084286575,2958307.0,-0.9700586427843082,14.0786439
2007,Armenia,106304.0,166570.0,1.5669212823600245,2932618.0,-0.9616285192864412,14.69598355
2008,Armenia,106304.0,107041.0,1.0069329470198676,2907618.0,-0.9772203153579684,7.819137246
2009,Armenia,106304.0,82271.0,0.7739219596628537,2888092.0,-0.9761367208217624,-13.519241699999998
2010,Armenia,106304.0,126942.0,1.1941413305237811,2877319.0,-0.9621595612737879,2.582648083
2011,Armenia,106304.0,127212.0,1.1966812161348586,2876538.0,-0.9680037119547906,4.728426776
2012,Armenia,423306.0,150532.86890813697,1.3816010946034327,2884229.0,-0.9627977379790136,6.914143641
2013,Armenia,423306.0,143299.13109186303,1.3824717530786867,2897584.0,-0.9678495228836024,2.82388904
2014,Armenia,423306.0,130155.57572138267,1.3784497166890093,2912403.0,-0.9650561734488574,3.07285853
2015,Armenia,423306.0,138399.68865286038,1.380213945226551,2925553.0,-0.9577247356893211,2.736128725
2016,Armenia,423306.0,139901.96850957116,1.3805354309966529,2936146.0,-0.9738689427742916,-0.16150062
2017,Armenia,423306.0,154545.24317534207,1.383669071118172,2944809.0,-0.9279359542148928,7.183757928
2018,Armenia,423306.0,141437.36426832393,1.380864003523076,2951776.0,-0.9146568718126972,4.95169918
1992,Bosnia and Herzegovina,143993.0,24049.0,0.16701506323224047,4233676.0,5.364169849984251,0.0
1993,Bosnia and Herzegovina,143993.0,40340.0,0.28015250741355485,4078937.0,5.9491603256049945,0.0
1994,Bosnia and Herzegovina,143993.0,105930.0,0.7356607612870071,3936524.0,14.3377738173927,0.0
1995,Bosnia and Herzegovina,143993.0,97706.0,0.6785468738063656,3829050.0,8.183313792621753,24.19061984
1996,Bosnia and Herzegovina,143993.0,153972.0,1.069301979957359,3764425.0,7.805627992555169,92.20155909999998
1997,Bosnia and Herzegovina,143993.0,358171.0,2.4874195273381345,3736070.0,16.60754877427462,35.40952697
1998,Bosnia and Herzegovina,143993.0,489431.0,3.3989916176480803,3734337.0,18.41007736382141,15.6536435
1999,Bosnia and Herzegovina,143993.0,492308.0,3.4189717555714516,3743354.0,17.780396007837684,9.335994956
2000,Bosnia and Herzegovina,143993.0,572675.0,3.977103053620662,3751176.0,19.708245128757927,5.28001056
2001,Bosnia and Herzegovina,143993.0,583660.0,4.053391484308265,3755512.0,20.494669241049927,4.279462215
2002,Bosnia and Herzegovina,143993.0,571025.0,3.9656441632579362,3759387.0,22.770635206417236,5.191462326
2003,Bosnia and Herzegovina,143993.0,521615.0,3.6225024827595775,3762173.0,20.618474622246808,3.922984646
2004,Bosnia and Herzegovina,143993.0,455539.0,3.1636190648156512,3764194.0,24.746470356842195,6.043001607000001
2005,Bosnia and Herzegovina,143993.0,581268.0,4.036779565673331,3765331.0,23.722604600111577,8.726415305
2006,Bosnia and Herzegovina,143993.0,477215.0,3.31415416027168,3765424.0,26.409902916981746,5.414666552999999
2007,Bosnia and Herzegovina,143993.0,519962.0,3.6110227580507375,3762786.0,29.16704132164857,5.929797917999999
2008,Bosnia and Herzegovina,143993.0,335047.0,2.3268283874910587,3754271.0,15.953012636667928,5.665843092
2009,Bosnia and Herzegovina,143993.0,268644.0,1.8656740258206999,3735938.0,14.945459952024565,-2.526767726
2010,Bosnia and Herzegovina,143993.0,414175.0,2.876355100595168,3705472.0,23.565846383087212,1.5957480569999998
2011,Bosnia and Herzegovina,143993.0,385636.0,2.6781579660122365,3661175.0,20.99367729686876,2.129142525
2012,Bosnia and Herzegovina,574425.0,418327.0924015704,2.758984690902124,3604972.0,22.384788589159328,0.848519657
2013,Bosnia and Herzegovina,574425.0,375674.9075984296,2.755186136846448,3542605.0,23.4007053448357,4.15290947
2014,Bosnia and Herzegovina,574425.0,383224.0148940664,2.7541371584965155,3482104.0,22.88867746774665,2.905462898
2015,Bosnia and Herzegovina,574425.0,397753.18062985287,2.7572463794679893,3429361.0,22.824575414794545,4.673706877
2016,Bosnia and Herzegovina,574425.0,394183.44603711757,2.7564824613008927,3386267.0,22.832569276308075,4.458295013
2017,Bosnia and Herzegovina,574425.0,458528.3693204196,2.7702521841135064,3351527.0,23.35995380619872,3.176962825
2018,Bosnia and Herzegovina,574425.0,464999.71965129155,2.7716370439553173,3323929.0,22.97767851093749,4.577388603999999
1992,Cambodia,310803.0,6002.0,0.019311267909254408,9623889.0,-0.9550341877726805,0.0
1993,Cambodia,310803.0,9076.0,0.029201777331621638,9970733.0,-0.9498924913660792,0.0
1994,Cambodia,310803.0,17775.0,0.057190567658613335,10317899.0,-0.9053602513942514,-37.00213031
1995,Cambodia,310803.0,11859.0,0.03815600235518962,10656138.0,-0.9441679931834912,6.414996866
1996,Cambodia,310803.0,9890.0,0.03182079967053085,10982917.0,-0.9427066194107168,2.746695949
1997,Cambodia,310803.0,30360.0,0.09768245480255984,11298600.0,-0.9069385888452516,1.100675013
1998,Cambodia,310803.0,25798.0,0.08300434680488927,11600508.0,-0.8992848621769862,1.957249505
1999,Cambodia,310803.0,35691.0,0.11483479889190258,11886458.0,-0.9032165894984936,9.994051676
2000,Cambodia,310803.0,40336.0,0.12977995707892134,12155239.0,-0.8956811709185487,8.263891505
2001,Cambodia,310803.0,45289.0,0.14571609669147334,12405408.0,-0.8887803139032308,5.279825341
2002,Cambodia,310803.0,40438.0,0.13010813923932524,12637727.0,-0.8864632231052763,4.619701687
2003,Cambodia,310803.0,39899.0,0.1283739217446421,12856163.0,-0.9091360271447912,6.6622977589999985
2004,Cambodia,310803.0,43503.0,0.13996969141224505,13066469.0,-0.8919598437768382,8.564587989
2005,Cambodia,310803.0,41162.0,0.13243758908376047,13273354.0,-0.8971223785399048,11.48491556
2006,Cambodia,310803.0,46968.0,0.15111823244949374,13477709.0,-0.8910019515844724,9.091523383
2007,Cambodia,310803.0,51695.0,0.16632722335369993,13679962.0,-0.8899728056570954,8.583123209
2008,Cambodia,310803.0,31362.0,0.1009063619077036,13883834.0,-0.9345467223418542,5.124904661
2009,Cambodia,310803.0,20721.0,0.06666924064439532,14093604.0,-0.9375790393101086,-1.402999106
2010,Cambodia,310803.0,136063.0,0.4377789146179413,14312212.0,-0.9028462045174456,4.344574274
2011,Cambodia,310803.0,87789.0,0.28245866352641386,14541423.0,-0.91410563905929,5.3818724489999985
2012,Cambodia,1239984.0,77160.11446476492,0.2794883234002159,14780454.0,-0.8961063436256151,5.577863206
2013,Cambodia,1239984.0,95309.88553523508,0.27542910017677663,15026332.0,-0.9117418269958846,5.599972823
2014,Cambodia,1239984.0,105953.69427214848,0.28167848454599403,15274503.0,-0.9459370919381616,5.401782611000002
2015,Cambodia,1239984.0,86959.85339317247,0.27761382939209994,15521436.0,-0.7606326354858081,5.333233003
2016,Cambodia,1239984.0,63204.45537952715,0.27253020772841385,15766293.0,-0.9571366591256992,5.368731942
2017,Cambodia,1239984.0,105184.04443421484,0.2815137805664049,16009414.0,-0.09280644143209713,5.206762396
2018,Cambodia,1239984.0,99961.84242399226,0.2803962367030664,16249798.0,-0.4533883080757998,5.879372905
1992,China,31160216.0,9467602.0,0.30383621217516593,1164970000.0,-0.9624445762138322,12.82494547
1993,China,31160216.0,10337858.0,0.3317646450204325,1178440000.0,-0.9478415937668452,12.566028
1994,China,31160216.0,22817106.0,0.7322512141764358,1191835000.0,-0.9163050939739716,11.78156869
1995,China,31160216.0,13661477.0,0.43842690307409937,1204855000.0,-0.9271087734937641,9.750279001000001
1996,China,31160216.0,13099616.0,0.4203955453967328,1217550000.0,-0.9177073137025856,8.782184883
1997,China,31160216.0,26193717.0,0.84061410228992,1230075000.0,-0.8184354001160699,8.118548119
1998,China,31160216.0,28875233.0,0.9266698600548854,1241935000.0,-0.7664127793024647,6.807806319
1999,China,31160216.0,27938493.0,0.8966078091371382,1252735000.0,-0.7692824226492786,6.739270027000001
2000,China,31160216.0,30806441.0,0.9886465806270406,1262645000.0,-0.7542431791266107,7.640001655
2001,China,31160216.0,31976358.0,1.0261917953328694,1271850000.0,-0.7431565012819157,7.555801672
2002,China,31160216.0,35362179.0,1.1348502526426647,1280400000.0,-0.7289602028885297,8.401915061
2003,China,31160216.0,32160536.0,1.0321024732306092,1288400000.0,-0.7927181794174497,9.352364262
2004,China,31160216.0,38301513.0,1.2291799581877096,1296075000.0,-0.7643780146243653,9.45917505
2005,China,31160216.0,36778368.0,1.180298878544359,1303720000.0,-0.7904750311746954,10.74255231
2006,China,31160216.0,40776104.0,1.3085950366967931,1311020000.0,-0.75977744328082,12.09183627
2007,China,31160216.0,44877737.0,1.4402254785396866,1317885000.0,-0.7596719070883979,13.63634486
2008,China,31160216.0,25220002.0,0.8093654421394255,1324655000.0,-0.8606424828293759,9.093872102
2009,China,31160216.0,23721125.0,0.7612631760960835,1331260000.0,-0.8602505872868149,8.857029819
2010,China,31160216.0,36545168.0,1.172814976635592,1337705000.0,-0.7804309433583229,10.10310072
2011,China,31160216.0,32718703.0,1.050015282307414,1344130000.0,-0.8494959787354734,9.027255945
2012,China,124632400.0,34788177.63118781,1.1333625556185851,1350695000.0,-0.8174530077287596,7.33538001
2013,China,124632400.0,36299497.36881219,1.1479975928476511,1357380000.0,-0.8346271039030085,7.237862515
2014,China,124632400.0,35537783.54478595,1.139384536357498,1364270000.0,-0.8309379265158409,6.881995441
2015,China,124632400.0,35442422.68248353,1.1189774463483182,1371220000.0,-0.7138217522323296,6.499316782999999
2016,China,124632400.0,35454314.68113178,1.121522317283254,1378665000.0,-0.8497912240026086,6.271729091
2017,China,124632400.0,36238873.69631489,1.2894168397717456,1386395000.0,-0.6817455383697828,6.349909622
2018,China,124632400.0,35670185.1736516,1.1677182981585883,1392730000.0,-0.6460175019009781,6.2660418270000005
1992,Cote d'Ivoire,539418.0,55869.0,0.10357273950813654,12812421.0,-0.0222414596669787,-3.748296893
1993,Cote d'Ivoire,539418.0,77593.0,0.14384577451994554,13271643.0,0.022001059929473862,-3.645999228
1994,Cote d'Ivoire,539418.0,124508.0,0.2308191421124249,13735433.0,1.2025894068169478,-2.592779891
1995,Cote d'Ivoire,539418.0,108436.0,0.20102406667927286,14199762.0,0.2596396604469315,3.622757144
1996,Cote d'Ivoire,539418.0,122422.0,0.2269520112417457,14665127.0,0.33537767532837404,4.310778203
1997,Cote d'Ivoire,539418.0,270103.0,0.5007304168566863,15130663.0,1.527856657297083,0.551600567
1998,Cote d'Ivoire,539418.0,347494.0,0.6442017136988384,15589414.0,1.6834156605171122,1.842875672
1999,Cote d'Ivoire,539418.0,343225.0,0.6362876285181436,16032573.0,1.8566408845845568,-1.191299427
2000,Cote d'Ivoire,539418.0,365598.0,0.6777638121086059,16454668.0,1.9870829462131825,-4.580540605
2001,Cote d'Ivoire,539418.0,382091.0,0.7083393583454759,16853026.0,2.1195214568322123,-2.24521492
2002,Cote d'Ivoire,539418.0,403210.0,0.7474908141737947,17231539.0,2.294556929091967,-3.827639325
2003,Cote d'Ivoire,539418.0,308361.0,0.5716550059508582,17599610.0,2.0105919733315067,-3.42246201
2004,Cote d'Ivoire,539418.0,350521.0,0.6498133173160703,17970494.0,2.2711527659610176,-0.857498876
2005,Cote d'Ivoire,539418.0,311698.0,0.5778413030340107,18354514.0,2.175799807800112,-0.407002578
2006,Cote d'Ivoire,539418.0,357365.0,0.6625010659636867,18754916.0,2.4335333060007867,-0.6514372079999999
2007,Cote d'Ivoire,539418.0,357522.0,0.6627921203964272,19171237.0,2.6278973621898665,-0.444884353
2008,Cote d'Ivoire,539418.0,207314.0,0.38432903610928815,19605569.0,0.9915539932504178,0.271158496
2009,Cote d'Ivoire,539418.0,207897.0,0.38540983059519707,20059147.0,0.9537142267292528,0.916728923
2010,Cote d'Ivoire,539418.0,326640.0,0.6055415280913874,20532950.0,1.491628838479282,-0.336444149
2011,Cote d'Ivoire,539418.0,223896.0,0.4150695749863742,21028655.0,1.2773527243798426,-6.641118189
2012,Cote d'Ivoire,2156186.0,271564.4475022076,0.4857488950880937,21547188.0,1.336379340684811,8.042352488999999
2013,Cote d'Ivoire,2156186.0,246015.5524977925,0.4737667310126296,22087505.0,1.2528942526309552,6.225706887
2014,Cote d'Ivoire,2156186.0,251503.7251946903,0.4781985605206181,22647683.0,1.293356785651449,6.10311564
2015,Cote d'Ivoire,2156186.0,425730.5846305149,0.5154828626617648,23226143.0,1.2886247705444898,6.13206803
2016,Cote d'Ivoire,2156186.0,223456.78094276093,0.472196554015932,23822714.0,1.2881151978252716,4.495214422
2017,Cote d'Ivoire,2156186.0,473448.4855784645,0.5256944261499995,24437469.0,1.3004850530629566,4.65887166
2018,Cote d'Ivoire,2156186.0,526598.9887079444,0.5370685588414255,25069229.0,1.295524847207744,4.102226343
1992,Dominican Republic,119900.0,106550.0,0.8886572143452878,7408342.0,-0.9835168600357868,9.150154026000001
1993,Dominican Republic,119900.0,132104.0,1.1017848206839032,7546463.0,-0.9797955328940764,5.399447566
1994,Dominican Republic,119900.0,279979.0,2.3351042535446207,7683707.0,-0.9649478678098816,0.767738446
1995,Dominican Republic,119900.0,174646.0,1.4565971643035862,7819247.0,-0.9715253941974606,3.853463633
1996,Dominican Republic,119900.0,187795.0,1.5662635529608009,7952763.0,-0.9733699248471812,4.19860256
1997,Dominican Republic,119900.0,355333.0,2.9635779816513765,8084407.0,-0.950786524078954,7.112214795
1998,Dominican Republic,119900.0,359216.0,2.9959633027522936,8214426.0,-0.9437713922055994,5.025387119
1999,Dominican Republic,119900.0,438892.0,3.660483736447039,8343283.0,-0.9391398994298796,4.303868641
2000,Dominican Republic,119900.0,479527.0,3.999391159299416,8471321.0,-0.9368389415530596,3.0798740810000003
2001,Dominican Republic,119900.0,479035.0,3.9952877397831528,8598601.0,-0.9315399491653964,0.942868806
2002,Dominican Republic,119900.0,502519.0,4.19115095913261,8724975.0,-0.9234849160839084,2.981578814
2003,Dominican Republic,119900.0,422401.0,3.5229441201000835,8850317.0,-0.9326020331400896,-2.7428907710000003
2004,Dominican Republic,119900.0,410275.0,3.4218098415346123,8974444.0,-0.9165827146584958,1.151470008
2005,Dominican Republic,119900.0,365450.0,3.0479566305254377,9097257.0,-0.9160718388225674,7.950955381
2006,Dominican Republic,119900.0,382343.0,3.1888490408673893,9218686.0,-0.8996727244892635,7.736305253999999
2007,Dominican Republic,119900.0,386821.0,3.2261968306922437,9338861.0,-0.8929674791427024,6.033694071
2008,Dominican Republic,119900.0,223990.0,1.86814011676397,9458075.0,-0.9403539017452568,1.908603408
2009,Dominican Republic,119900.0,187579.0,1.564462051709758,9576737.0,-0.95024741563104,-0.304633349
2010,Dominican Republic,119900.0,307044.0,2.560834028356964,9695121.0,-0.913210934141368,7.016750474
2011,Dominican Republic,119900.0,278091.0,2.3193577981651377,9813210.0,-0.9225935721912226,1.892348697
2012,Dominican Republic,478728.0,283665.6242144711,2.3825714969833607,9930911.0,-0.9119688125706223,1.499963278
2013,Dominican Republic,478728.0,287801.3757855289,2.3836253337088817,10048224.0,-0.9239755124118012,3.650787233
2014,Dominican Republic,478728.0,314740.40252939716,2.3893058515679932,10165178.0,-0.8995549989686654,5.818809907
2015,Dominican Republic,478728.0,321268.8327276937,2.3907029264209108,10281680.0,-0.8724194828242886,5.7154257689999985
2016,Dominican Republic,478728.0,284697.0514529639,2.3828766168191517,10397743.0,-0.9355472888315959,5.468635468
2017,Dominican Republic,478728.0,316661.13151995593,2.3897168848624406,10513131.0,-0.7197913753627605,3.517924003
2018,Dominican Republic,478728.0,353098.1773285115,2.397514361264508,10627165.0,-0.7562721398568527,5.834559566
1992,Estonia,148032.0,153903.0,1.0396603437094682,1533091.0,-0.9975699787541034,0.0
1993,Estonia,148032.0,237499.0,1.6043760808473844,1494128.0,-0.9970436422020876,0.0
1994,Estonia,148032.0,420428.0,2.8401156506701253,1462514.0,-0.994420025902576,0.483692794
1995,Estonia,148032.0,248329.0,1.6775359381755297,1436634.0,-0.9965502436973884,6.409660105
1996,Estonia,148032.0,229199.0,1.5483071227842629,1415594.0,-0.9961859085617656,6.495635877000001
1997,Estonia,148032.0,653805.0,4.41664640077821,1399535.0,-0.9933875189499628,14.34369118
1998,Estonia,148032.0,601136.0,4.060851707738867,1386156.0,-0.9925405405903972,5.337277905
1999,Estonia,148032.0,589498.0,3.98223357111976,1390244.0,-0.9926185163758808,-0.696297505
2000,Estonia,148032.0,558201.0,3.7708130674448768,1396985.0,-0.9934002908458608,9.575212427
2001,Estonia,148032.0,593206.0,4.007282209252054,1388115.0,-0.9926306160667321,6.656808692
2002,Estonia,148032.0,359265.0,2.4269414721141374,1379350.0,-0.9923166963096548,7.481060382000001
2003,Estonia,148032.0,434467.0,2.934953253350627,1370720.0,-0.9942230698237248,8.243927473
2004,Estonia,148032.0,496803.0,3.3560513942931256,1362550.0,-0.9937343767543564,7.407646595
2005,Estonia,148032.0,545365.0,3.684102086035452,1354775.0,-0.9935508647764504,10.11865725
2006,Estonia,148032.0,568131.0,3.837893158236057,1346810.0,-0.9919093400510064,10.36763268
2007,Estonia,148032.0,580133.0,3.918970222654561,1340680.0,-0.9874734589440436,8.065440131
2008,Estonia,148032.0,326125.0,2.2030709576307825,1337090.0,-0.9932524057354606,-4.834111988
2009,Estonia,148032.0,330448.0,2.232274102896671,1334515.0,-0.9927321190288704,-14.26876512
2010,Estonia,148032.0,756955.0,5.113455198875919,1331475.0,-0.9893274004644258,2.924792674
2011,Estonia,148032.0,399078.0,2.6958900778210118,1327439.0,-0.9906933211204874,7.770611792
2012,Estonia,591614.0,507201.94977571,3.308033195825745,1322696.0,-0.9914390213456452,3.494634233
2013,Estonia,591614.0,473295.05022429005,3.3155144155015375,1317997.0,-0.9907999768952732,1.707513193
2014,Estonia,591614.0,473105.8128366993,3.3081052947935183,1314545.0,-0.9896203562830422,3.257770915
2015,Estonia,591614.0,476286.58510504226,3.3087859755718965,1315407.0,-0.9850057754467244,1.778145159
2016,Estonia,591614.0,481821.2032841216,3.3099703760546517,1315790.0,-0.991573994043802,2.601693921
2017,Estonia,591614.0,480385.58247846743,3.3096631552274407,1317384.0,-0.9357381170255002,5.620848822
2018,Estonia,591614.0,473756.98292695935,3.308244644274242,1321977.0,-0.9582142557496742,4.3971823930000005
1992,Ethiopia,2466685.0,24521.0,0.009940872061086032,51423585.0,-0.9413030552720082,-11.89343511
1993,Ethiopia,2466685.0,30057.0,0.012185179704745438,53295566.0,-0.9284404116924144,9.168746611
1994,Ethiopia,2466685.0,52145.0,0.02113970774541541,55180998.0,-0.8724793415068292,-0.335844453
1995,Ethiopia,2466685.0,42360.0,0.017172845336960334,57047908.0,-0.8967694708900859,2.654456585
1996,Ethiopia,2466685.0,39616.0,0.016060421172545337,58883530.0,-0.8917070946790631,8.921425371
1997,Ethiopia,2466685.0,73212.0,0.029680319943567988,60697443.0,-0.8033134753725872,0.051801162000000005
1998,Ethiopia,2466685.0,83648.0,0.03391109930939702,62507724.0,-0.8152585590626515,-6.254079943
1999,Ethiopia,2466685.0,90538.0,0.0367043217922029,64343013.0,-0.7720431687784342,2.162551608
2000,Ethiopia,2466685.0,93961.0,0.03809201418097568,66224804.0,-0.7681934504726943,3.0591258710000004
2001,Ethiopia,2466685.0,101844.0,0.041287801239315115,68159423.0,-0.7727805777152941,5.227310742
2002,Ethiopia,2466685.0,113827.0,0.04614573810600056,70142091.0,-0.7638584001228222,-1.354735345
2003,Ethiopia,2466685.0,100264.0,0.040647265459513485,72170584.0,-0.7980333047262477,-4.911302787
2004,Ethiopia,2466685.0,124095.0,0.050308409869926636,74239505.0,-0.7996781904769279,10.40753969
2005,Ethiopia,2466685.0,124855.0,0.05061651568805908,76346311.0,-0.8101713112648796,8.733083824
2006,Ethiopia,2466685.0,149251.0,0.060506712450110176,78489206.0,-0.7968878673256923,7.80874178
2007,Ethiopia,2466685.0,159226.0,0.06455060131309835,80674348.0,-0.806861373612101,8.437269944
2008,Ethiopia,2466685.0,88732.0,0.03597216507174609,82916235.0,-0.8689321154723626,7.793024525
2009,Ethiopia,2466685.0,74014.0,0.030005452662176163,85233913.0,-0.887354566997962,5.843997442
2010,Ethiopia,2466685.0,129111.0,0.0523419082696007,87639964.0,-0.8088309344006147,9.460597148
2011,Ethiopia,2466685.0,115153.0,0.0466833016781632,90139927.0,-0.8379710231999556,8.094849899
2012,Ethiopia,9863970.0,130958.83136601273,0.053110700953158715,92726971.0,-0.8047166191101306,5.616582788
2013,Ethiopia,9863970.0,113097.16863398727,0.045830185297011036,95385785.0,-0.8102833177038927,7.499864344
2014,Ethiopia,9863970.0,149426.13334818813,0.055333605011633986,98094253.0,-0.799010521082479,7.213187282000001
2015,Ethiopia,9863970.0,189794.04824916626,0.06397228185428555,100835458.0,-0.7232879193245095,7.391451495
2016,Ethiopia,9863970.0,95882.51595216492,0.04387534642172565,103603501.0,-0.7686410382613826,6.509676197
2017,Ethiopia,9863970.0,416849.92663094023,0.11256191952509363,106400024.0,-0.6813357897191918,6.684502545
2018,Ethiopia,9863970.0,362579.63419261854,0.10094815350123844,109224559.0,-0.6555060633673525,4.053894044
1992,Georgia,240097.0,107212.0,0.4465361916225525,4873500.0,-0.9940227527196368,-45.32510688
1993,Georgia,240097.0,142722.0,0.5944347492888291,4911100.0,-0.9907470975242691,-29.84128975
1994,Georgia,240097.0,128849.0,0.5366539357009875,4836076.0,-0.9777399298595116,-9.009993111
1995,Georgia,240097.0,64800.0,0.2698909190868691,4657722.0,-0.9896305649407466,6.528767293
1996,Georgia,240097.0,53449.0,0.2226141934301553,4491699.0,-0.9905931625684434,15.31019666
1997,Georgia,240097.0,91704.0,0.3819456303077505,4349913.0,-0.9825112412850644,14.1214244
1998,Georgia,240097.0,137797.0,0.5739222064415632,4243607.0,-0.9742942067871836,5.687769104
1999,Georgia,240097.0,89801.0,0.3740196670512335,4157192.0,-0.9745751884969441,5.00758667
2000,Georgia,240097.0,120527.0,0.5019929445182572,4077131.0,-0.972954502127966,3.838100222
2001,Georgia,240097.0,122237.0,0.5091150659941607,4014373.0,-0.9733000155222647,6.443910455
2002,Georgia,240097.0,156921.0,0.6535733474387435,3978515.0,-0.9715381660933587,6.424463127999999
2003,Georgia,240097.0,122911.0,0.5119222647513296,3951736.0,-0.982306218745646,11.81131466
2004,Georgia,240097.0,153797.0,0.6405619395494321,3927340.0,-0.9755250142287428,6.451674734
2005,Georgia,240097.0,176324.0,0.7343865187819922,3902469.0,-0.981279761638458,10.28800424
2006,Georgia,240097.0,201468.0,0.8391108593610083,3880347.0,-0.9793431388972608,10.04357675
2007,Georgia,240097.0,258119.0,1.0750613293793758,3860158.0,-0.9775248242443838,13.16775197
2008,Georgia,240097.0,162879.0,0.6783883180547862,3848449.0,-0.987011654076566,2.730182777
2009,Georgia,240097.0,121717.0,0.506949274668155,3814419.0,-0.9892117811962948,-2.790940334
2010,Georgia,240097.0,207690.0,0.8650253855733308,3786695.0,-0.9826362714238576,7.027385248
2011,Georgia,240097.0,213753.0,0.8902776794378938,3756441.0,-0.9843671994205888,8.264988855
2012,Georgia,961395.0,251605.8597950491,1.0278299496530687,3728874.0,-0.9782899298862041,7.155378254
2013,Georgia,961395.0,241974.1402049509,1.0279225170583022,3717668.0,-0.9846991324159202,3.933646408
2014,Georgia,961395.0,244780.1353273916,1.0274461251510203,3719414.0,-1.030049835838093,4.382901471
2015,Georgia,961395.0,229933.30432256512,1.024268924260096,3725276.0,-0.9714880647979441,2.8600942430000003
2016,Georgia,961395.0,231321.4191483042,1.02456597887462,3727505.0,-1.0265043202082915,2.844902055
2017,Georgia,961395.0,271719.1688341362,1.033211040319143,3728004.0,-0.9142272890395968,4.828569855
2018,Georgia,961395.0,236764.40852575487,1.0257307709230854,3726549.0,-1.0027144070253702,4.910880368
1992,Hungary,269790.0,565347.0,2.095507617035472,10369341.0,-0.6199708931386166,-3.026235553
1993,Hungary,269790.0,678796.0,2.516016160717596,10357523.0,-0.5437099027303947,-0.462665221
1994,Hungary,269790.0,1405185.0,5.2084398976982085,10343355.0,-0.05542755064586359,3.088168308
1995,Hungary,269790.0,1037582.0,3.8458875421624232,10328965.0,-0.3025321426390379,1.6309175969999998
1996,Hungary,269790.0,933271.0,3.45924978687127,10311238.0,-0.3726505233252673,0.254477053
1997,Hungary,269790.0,1805488.0,6.692197635197745,10290486.0,0.2136581463931803,3.35112462
1998,Hungary,269790.0,2132558.0,7.904510915897549,10266570.0,0.4335162512051854,4.142037808
1999,Hungary,269790.0,1801736.0,6.678290522258052,10237530.0,0.2111360330558071,3.363400973
2000,Hungary,269790.0,2001371.0,7.41825493902665,10210971.0,0.3453316876684119,4.750944768
2001,Hungary,269790.0,2275232.0,8.433344453093147,10187576.0,0.5294224341199988,4.313091624
2002,Hungary,269790.0,1934798.0,7.171496349012195,10158608.0,0.30058098105621994,5.039956141
2003,Hungary,269790.0,2133332.0,7.907379813929353,10129552.0,0.4340365379117757,4.383086901
2004,Hungary,269790.0,1572113.0,5.827172986396827,10107146.0,0.05678229348554066,5.055227688
2005,Hungary,269790.0,1902498.0,7.0517736016902015,10087065.0,0.2788687580292601,4.451150578
2006,Hungary,269790.0,1654551.0,6.1327365728900265,10071370.0,0.11219753317273937,4.193132949
2007,Hungary,269790.0,1623258.0,6.0167463582786604,10055780.0,0.09116222062838472,0.397588452
2008,Hungary,269790.0,983464.0,3.6452944883057192,10038188.0,-0.33891053538742844,1.235397085
2009,Hungary,269790.0,848376.0,3.144579117091071,10022650.0,-0.429717370813619,-6.554912111
2010,Hungary,269790.0,1351945.0,5.011101226880166,10000023.0,-0.09121574736274728,0.892064394
2011,Hungary,269790.0,980521.0,3.6343860039289817,9971727.0,-0.3408888348415567,2.108004102
2012,Hungary,1076907.0,1080967.3817563765,3.837726612234512,9920362.0,-0.2733682700444793,-0.961635939
2013,Hungary,1076907.0,990533.6182436236,3.840471245358432,9893082.0,-0.3341583023217621,2.244145188
2014,Hungary,1076907.0,961775.0305650216,3.8232682826930047,9866468.0,-0.3534899701117989,4.476140223
2015,Hungary,1076907.0,1034752.6978371851,3.838885400541208,9843028.0,-0.3044340138331461,4.0928535460000015
2016,Hungary,1076907.0,1028808.2731581952,3.8376133020455767,9814023.0,-0.30842988610550504,2.502047265
2017,Hungary,1076907.0,1016187.1900841108,3.8349124080720163,9787966.0,-0.3169138418499728,4.600531608
2018,Hungary,1076907.0,976187.2911195016,3.8263524861205953,9775564.0,-0.3438019758244452,5.227332551
1992,India,11590432.0,7923011.0,0.6835820269684513,909307016.0,4.325887983809794,3.390419232
1993,India,11590432.0,9159391.0,0.7902544961223188,927403860.0,5.156988860158792,2.706727733
1994,India,11590432.0,19506846.0,1.6830128505995292,945601831.0,12.112600337602474,4.606288441
1995,India,11590432.0,11809796.0,1.018926300590004,963922588.0,6.938604478479832,5.529881465
1996,India,11590432.0,12201137.0,1.0526904432897757,982365243.0,7.2016658738852035,5.530417086
1997,India,11590432.0,21376606.0,1.844332118078084,1000900030.0,13.36946244679407,2.123013766
1998,India,11590432.0,24323277.0,2.098565178588684,1019483581.0,15.35022956565088,4.248844181
1999,India,11590432.0,24745904.0,2.1350286167072983,1038058156.0,15.634321568165277,6.8981155
2000,India,11590432.0,26441225.0,2.2812976254897137,1056575549.0,16.773924901115382,2.021088695
2001,India,11590432.0,26814822.0,2.313530850273743,1075000085.0,17.025058690161927,3.027377624
2002,India,11590432.0,27108122.0,2.3388362055875054,1093317189.0,17.222216430527475,2.064875058
2003,India,11590432.0,21094863.0,1.8200238783161835,1111523144.0,13.18007338015987,6.093705485
2004,India,11590432.0,23865473.0,2.05906673711558,1129623456.0,15.042491406188516,6.193653447999999
2005,India,11590432.0,21716951.0,1.8736964247751944,1147609927.0,13.598244073608644,6.231948516
2006,India,11590432.0,23066583.0,1.9901400569021068,1165486291.0,14.50547351597155,6.403284515
2007,India,11590432.0,26661612.0,2.3003121885361995,1183209472.0,16.92207015486903,6.04817406
2008,India,11590432.0,15158007.0,1.3078034537452958,1200669765.0,9.189288812019159,1.587598136
2009,India,11590432.0,14461509.0,1.2477109567615772,1217726215.0,8.721099341002706,6.351088711
2010,India,11590432.0,21892570.0,1.8888484915834023,1234281170.0,13.716296051805909,7.042346887000001
2011,India,11590432.0,18633968.0,1.607702629203122,1250288729.0,11.525847340347786,3.893930345
2012,India,46361728.0,20567116.8514535,1.7809189607471472,1265782790.0,12.825319755427339,4.165499831
2013,India,46361728.0,20335785.148546506,1.7481041162184048,1280846129.0,12.669817417138699,5.134956907
2014,India,46361728.0,20331560.407219168,1.7388551207547838,1295604184.0,12.666977524695033,6.186731983
2015,India,46361728.0,20371219.14045054,1.7473420337205672,1310152403.0,12.693636325341668,6.797039412
2016,India,46361728.0,20523261.44297235,1.7798788719773968,1324509589.0,12.795839928496035,7.082848187000001
2017,India,46361728.0,20641947.282237493,1.8052774741525517,1338658835.0,12.87562114869005,5.912397886
2018,India,46361728.0,20655628.016909353,1.8082051320732089,1352617328.0,12.884817407586894,5.024473331
1992,Indonesia,10441980.0,914064.0,0.08753742106382123,187739786.0,-0.3855615656682648,4.711834457
1993,Indonesia,10441980.0,1369995.0,0.1312006918228152,190851175.0,-0.07908244625944619,4.760229379
1994,Indonesia,10441980.0,2781003.0,0.2663290870122333,193917462.0,0.8694042530849685,5.83951353
1995,Indonesia,10441980.0,1768047.0,0.1693210483069303,196934260.0,0.18849011721818326,6.562205949
1996,Indonesia,10441980.0,1825001.0,0.17477537784979474,199901228.0,0.2267748834806437,6.21793122
1997,Indonesia,10441980.0,3714569.0,0.3557341615287522,202826446.0,1.496952030248647,3.189868812
1998,Indonesia,10441980.0,3506335.0,0.33579215819222025,205724592.0,1.3569760844345309,-14.35055309
1999,Indonesia,10441980.0,3594975.0,0.34428096970114863,208615169.0,1.4165603398249245,-0.605438282
2000,Indonesia,10441980.0,3898591.0,0.3733574475338968,211513823.0,1.6206525474581581,3.482209125
2001,Indonesia,10441980.0,4111172.0,0.3937157512272577,214427417.0,1.7635505686127757,2.235181135
2002,Indonesia,10441980.0,4230722.0,0.4051647292946357,217357793.0,1.8439126820144185,3.090633543
2003,Indonesia,10441980.0,3406663.0,0.3262468420740128,220309469.0,1.2899760629626067,3.3765361310000004
2004,Indonesia,10441980.0,3785760.0,0.36255192980641604,223285676.0,1.5448069797691515,3.630902268
2005,Indonesia,10441980.0,3342750.0,0.3201260680445663,226289470.0,1.2470134217761644,4.289595233
2006,Indonesia,10441980.0,3894077.0,0.3729251540416664,229318262.0,1.6176182138747621,4.107515275
2007,Indonesia,10441980.0,3725674.0,0.3567976571493146,232374245.0,1.5044168672986282,4.946465429
2008,Indonesia,10441980.0,2067898.0,0.1980369623385603,235469762.0,0.3900514728484292,4.620033267
2009,Indonesia,10441980.0,2057209.0,0.1970133059055849,238620563.0,0.3828662730981142,3.247327414
2010,Indonesia,10441980.0,3004668.0,0.2877488752133216,241834215.0,1.0197529949835746,4.812281788
2011,Indonesia,10441980.0,2798443.0,0.2679992683379972,245116206.0,0.8811275091094323,4.7482206080000005
2012,Indonesia,27304773.0,3089489.9383811774,0.28597436122342035,248452413.0,1.0767707300829916,4.606284255
2013,Indonesia,27304773.0,2999421.0616188226,0.29714407033840984,251806402.0,1.01622597652101,4.151271234
2014,Indonesia,27304773.0,3026177.72281148,0.28764779724664274,255129004.0,1.0342119392229228,3.63914313
2015,Indonesia,27304773.0,3071872.588131585,0.297426433964372,258383256.0,1.0649282583256168,3.5554395660000004
2016,Indonesia,27304773.0,3038394.0466787308,0.29026207332092635,261554226.0,1.042423813785626,3.759693805
2017,Indonesia,27304773.0,3103834.03485365,0.3042661384755617,264645886.0,1.0864129041303772,3.842334157
2018,Indonesia,27304773.0,3098142.721247413,0.3030482053924419,267663435.0,1.082587174398644,3.984057147
1992,Lao PDR,922745.0,8498.0,0.009209478241551024,4500351.0,-0.9596905521351492,2.718994428
1993,Lao PDR,922745.0,10789.0,0.01169228768511344,4619944.0,-0.9525503901230018,3.170878221
1994,Lao PDR,922745.0,26519.0,0.028739250822274843,4735845.0,-0.9182773435826744,5.512027675
1995,Lao PDR,922745.0,18383.0,0.01992208031471317,4846483.0,-0.9380717656097606,4.587889951
1996,Lao PDR,922745.0,20481.0,0.022195731215016067,4951195.0,-0.9379675738274332,4.666914382
1997,Lao PDR,922745.0,43387.0,0.04701949075855194,5050315.0,-0.8815346156986611,4.774566329
1998,Lao PDR,922745.0,40003.0,0.043352172051866984,5144602.0,-0.8684306505070959,2.062155762
1999,Lao PDR,922745.0,41600.0,0.045082877718112806,5235346.0,-0.8721224006267264,5.4464398260000015
2000,Lao PDR,922745.0,51493.0,0.0558041495754515,5323700.0,-0.8721580274942319,4.042908476
2001,Lao PDR,922745.0,52179.0,0.05654758356859154,5409582.0,-0.8766429795696461,4.072513692
2002,Lao PDR,922745.0,55450.0,0.06009244157378257,5493246.0,-0.870141412352409,4.305565286
2003,Lao PDR,922745.0,52291.0,0.05666896054706338,5576640.0,-0.9059988461891619,4.48085875
2004,Lao PDR,922745.0,48935.0,0.0530319860849964,5662208.0,-0.8731670072701906,4.750404599
2005,Lao PDR,922745.0,48992.0,0.053093758297254386,5751676.0,-0.8949867831047144,5.441497482999999
2006,Lao PDR,922745.0,64148.0,0.0695186644197476,5846074.0,-0.8800618144400831,6.865364104
2007,Lao PDR,922745.0,71097.0,0.07704945570011218,5944948.0,-0.8884603443007282,5.807321331
2008,Lao PDR,922745.0,43348.0,0.0469772255606912,6046620.0,-0.9308072456638672,6.011861177
2009,Lao PDR,922745.0,33483.0,0.03628629794797046,6148623.0,-0.9331162700012544,5.718366896
2010,Lao PDR,922745.0,109914.0,0.1191163322478041,6249165.0,-0.8958391391046582,6.7808303
2011,Lao PDR,922745.0,82427.0,0.08932803754016548,6347567.0,-0.8915666038241827,6.363803167
2012,Lao PDR,3686856.0,97185.86410528603,0.10785535134842916,6444530.0,-0.8749344857915564,6.4007611970000005
2013,Lao PDR,3686856.0,98375.13589471397,0.10407860657060587,6541304.0,-0.8857450566627058,6.42812696
2014,Lao PDR,3686856.0,96638.46735647434,0.10572258558484417,6639756.0,-0.944690401872226,6.016330555
2015,Lao PDR,3686856.0,89621.67235896314,0.10422100135382,6741164.0,-0.8017974519034805,5.656391582
2016,Lao PDR,3686856.0,82072.36957390764,0.10260546120745878,6845846.0,-0.9127564365343102,5.38631616
2017,Lao PDR,3686856.0,290166.0824939051,0.14713722221896966,6953035.0,-0.37583628401950747,5.244660052
2018,Lao PDR,3686856.0,156531.0692164312,0.11853951789365715,7061507.0,-0.6918197659795725,4.61588222
1992,Latvia,241965.0,160825.0,0.6646622445394995,2614338.0,-0.9942876015082628,0.0
1993,Latvia,241965.0,161093.0,0.6657698427458517,2563290.0,-0.9927475797449576,0.0
1994,Latvia,241965.0,339038.0,1.4011861219597876,2520742.0,-0.9821737943513328,0.0
1995,Latvia,241965.0,193910.0,0.8013968962453247,2485056.0,-0.9876428546159566,0.0
1996,Latvia,241965.0,216336.0,0.8940797222738825,2457222.0,-0.9862325684267752,3.707638735
1997,Latvia,241965.0,423204.0,1.7490298183621598,2432851.0,-0.97083503961391,10.03054362
1998,Latvia,241965.0,437825.0,1.8094559130452752,2410019.0,-0.9731097814938862,7.372844499
1999,Latvia,241965.0,350873.0,1.4500981546917944,2390482.0,-0.9720362700333892,3.668187498
2000,Latvia,241965.0,414641.0,1.7136404025375571,2367550.0,-0.9653861455007045,6.617989304
2001,Latvia,241965.0,436922.0,1.8057239683425288,2337170.0,-0.9649250128382744,7.701063702000001
2002,Latvia,241965.0,429465.0,1.774905461533693,2310173.0,-0.9627262301286401,8.367739023
2003,Latvia,241965.0,332424.0,1.373851590106007,2287955.0,-0.9648497258729796,9.489393882
2004,Latvia,241965.0,345229.0,1.426772467092348,2263122.0,-0.9671056460116322,9.530177515
2005,Latvia,241965.0,410228.0,1.6954022275949,2238799.0,-0.9670673303239375,11.94653212
2006,Latvia,241965.0,389348.0,1.609108755398508,2218357.0,-0.9568793906274482,12.91913744
2007,Latvia,241965.0,368495.0,1.522926869588577,2200325.0,-0.9522082377539391,10.91240721
2008,Latvia,241965.0,239632.0,0.9903581096439568,2177322.0,-0.9708612556107536,-2.325239512
2009,Latvia,241965.0,201630.0,0.833302337114872,2141669.0,-0.9774925584021148,-12.81044368
2010,Latvia,241965.0,635713.0,2.6272932035624987,2097555.0,-0.9261152544338926,-2.46440753
2011,Latvia,241965.0,346650.0,1.4326452172834914,2059709.0,-0.9445921545683214,8.238048179
2012,Latvia,967860.0,382537.2505568869,1.4669828193546908,2034319.0,-0.9346711716247126,5.433913825
2013,Latvia,967860.0,325471.74944311305,1.4590973988586873,2012647.0,-0.9338717371252782,3.429862914
2014,Latvia,967860.0,288156.5129099337,1.4489487327597677,1993782.0,-0.9350391344821252,2.879503461
2015,Latvia,967860.0,278071.13796243805,1.4467904767482274,1977527.0,-0.9397558594951414,4.109311692
2016,Latvia,967860.0,279030.9548280112,1.4469958762034667,1959537.0,-0.9448305389306576,2.7081684760000004
2017,Latvia,967860.0,271509.5567387956,1.4453863076226507,1942248.0,-0.8049488947997864,4.711180776
2018,Latvia,967860.0,271222.0447852263,1.445324780470174,1927174.0,-0.8947790252174723,5.100521854
1992,Lithuania,197505.0,198330.0,1.0041771094402674,3700114.0,-0.9857062318747593,0.0
1993,Lithuania,197505.0,189334.0,0.9586288954710008,3682613.0,-0.9842878792250104,0.0
1994,Lithuania,197505.0,477364.0,2.41697172223488,3657144.0,-0.9678585156645794,0.0
1995,Lithuania,197505.0,216791.0,1.0976481608060555,3629102.0,-0.9779375581434102,0.0
1996,Lithuania,197505.0,332336.0,1.682671324776588,3601613.0,-0.9773917276450236,5.952506849
1997,Lithuania,197505.0,502007.0,2.5417432470064045,3575137.0,-0.9578265275390576,9.095204159
1998,Lithuania,197505.0,769363.0,3.895410242778664,3549331.0,-0.94751490211387,8.248533457
1999,Lithuania,197505.0,564235.0,2.8568137515505936,3524238.0,-0.9472271983536366,-0.430709466
2000,Lithuania,197505.0,606393.0,3.0702665755297334,3499536.0,-0.9353587460389616,4.5645787030000005
2001,Lithuania,197505.0,545894.0,2.763950279739753,3470818.0,-0.9423812721678362,7.405827694
2002,Lithuania,197505.0,704996.0,3.569509632667528,3443067.0,-0.9391291441491232,7.621237439
2003,Lithuania,197505.0,509843.0,2.581418191944508,3415213.0,-0.9399263793351904,11.44010204
2004,Lithuania,197505.0,543603.0,2.7523505734032048,3377075.0,-0.947260136400953,7.753374983
2005,Lithuania,197505.0,619979.0,3.13905470747576,3322528.0,-0.9338906502157144,9.496003055
2006,Lithuania,197505.0,536027.0,2.713992050834156,3269909.0,-0.9338940112409508,9.134816375
2007,Lithuania,197505.0,590051.0,2.987524366471735,3231294.0,-0.931951338654328,12.41447902
2008,Lithuania,197505.0,322476.0,1.632748538011696,3198231.0,-0.9594862018007779,3.689037017
2009,Lithuania,197505.0,265396.0,1.3437431963747752,3162916.0,-0.9656167118319195,-13.8630352
2010,Lithuania,197505.0,990040.0,5.012733854839119,3097282.0,-0.9450075772875368,3.632725953
2011,Lithuania,197505.0,604308.0,3.0597098807625125,3028115.0,-0.9426434321362732,8.447433601
2012,Lithuania,788097.0,543257.8995340932,2.5238546896720595,2987773.0,-0.9437702706245988,5.235297862
2013,Lithuania,788097.0,453694.1004659069,2.5238757475320623,2957689.0,-0.9416490180422606,4.611764467
2014,Lithuania,788097.0,444265.6443369552,2.5122642789635634,2932367.0,-0.9432675991684908,4.401798234
2015,Lithuania,788097.0,458997.7579160773,2.5154169304872167,2904910.0,-0.94190151664771,2.997558037
2016,Lithuania,788097.0,453067.0918724761,2.5141477763201503,2868231.0,-0.9410862848764368,3.867427138
2017,Lithuania,788097.0,368123.1889845628,2.4959699009306915,2828403.0,-0.9323654914835812,5.715533225
2018,Lithuania,788097.0,372601.3336262602,2.4969282175667917,2801543.0,-0.9357806904749548,4.638458274
1992,Moldova,146780.0,342607.0,2.3341531543807057,2977130.0,-0.9522626863627685,0.0
1993,Moldova,146780.0,277468.0,1.8903665349502656,2973114.0,-0.940601945407701,0.0
1994,Moldova,146780.0,436738.0,2.9754598719171548,2964277.0,-0.8777843837399179,0.0
1995,Moldova,146780.0,244685.0,1.6670186673933778,2952307.0,-0.9192285137245676,0.0
1996,Moldova,146780.0,252895.0,1.7229527183539992,2946401.0,-0.903266332671992,-5.688392715
1997,Moldova,146780.0,331173.0,2.2562542580733065,2935524.0,-0.8162924104253595,2.023697472
1998,Moldova,146780.0,337067.0,2.296409592587546,2934339.0,-0.8254310380430535,-6.5044501320000006
1999,Moldova,146780.0,207271.0,1.4121201798610166,2929735.0,-0.8312772053391981,-3.216400332
2000,Moldova,146780.0,222560.0,1.51628287232593,2923783.0,-0.7838840606861709,2.315578644
2001,Moldova,146780.0,286239.0,1.9501226325112413,2917252.0,-0.8144351078797406,6.337531865
2002,Moldova,146780.0,283796.0,1.9334786755688784,2910504.0,-0.8293143666011572,8.04993381
2003,Moldova,146780.0,201727.0,1.374349366398692,2902320.0,-0.8674048656049553,6.900592116
2004,Moldova,146780.0,219026.0,1.4922060226188854,2895147.0,-0.8664953721759933,7.666093328
2005,Moldova,146780.0,228382.0,1.5559476767952036,2888111.0,-0.8663360595797892,7.761891042999999
2006,Moldova,146780.0,216351.0,1.4739814688649682,2880095.0,-0.8567920923185887,5.091683561
2007,Moldova,146780.0,209934.0,1.4302629786074397,2873429.0,-0.8492459184578874,3.238947505
2008,Moldova,146780.0,118383.0,0.8065335876822456,2867964.0,-0.9043707655646636,8.005416601
2009,Moldova,146780.0,116170.0,0.7914566017168552,2864346.0,-0.9468245475303192,-5.881267427
2010,Moldova,146780.0,223020.0,1.5194168142798747,2861487.0,-0.6373561322762719,7.207007000000001
2011,Moldova,146780.0,173714.0,1.183499114320752,2859833.0,-0.7167563202552648,5.879366918
2012,Moldova,585688.0,223210.2807288674,1.4220978370616757,2859458.0,-0.7394540907830464,-0.576697101
2013,Moldova,585688.0,194039.7192711326,1.4205919026848843,2858692.0,-0.7234177773722357,9.073084346
2014,Moldova,585688.0,285321.80832917197,1.4377578786611689,2856950.0,-0.8394726655919491,5.063648177
2015,Moldova,585688.0,266976.26183555485,1.4338319575912064,2834530.0,-0.8208033478785799,0.450049451
2016,Moldova,585688.0,269647.8373767605,1.4344036709882897,2802170.0,-0.8004162714559208,5.614620719
2017,Moldova,585688.0,270722.3875611319,1.4346336232119,2755158.0,-0.7160140268921797,6.477160519
2018,Moldova,585688.0,292744.2363321476,1.4393462677831443,2706049.0,-0.7078551574938824,6.194326608
1992,Montenegro,45372.0,21264.0,0.4686590848981751,608516.0,-0.9804805098372488,0.0
1993,Montenegro,45372.0,23374.0,0.5151635369831614,610170.0,-0.9806613329949656,0.0
1994,Montenegro,45372.0,47815.0,1.053843780305034,611389.0,-0.9566286581448148,0.0
1995,Montenegro,45372.0,32821.0,0.7233756501807282,611712.0,-0.9693091341565974,0.0
1996,Montenegro,45372.0,33633.0,0.7412721502248083,611003.0,-0.9668952458318352,0.0
1997,Montenegro,45372.0,62739.0,1.3827691087014018,609520.0,-0.9436342623759556,0.0
1998,Montenegro,45372.0,78079.0,1.7208630873666582,607662.0,-0.9357929904995008,5.220751161
1999,Montenegro,45372.0,78507.0,1.730296217931764,606001.0,-0.9264984113108392,-9.151674097999999
2000,Montenegro,45372.0,96163.0,2.1194348937670813,604950.0,-0.9140169079930498,3.279119285
2001,Montenegro,45372.0,85716.0,1.8891827558846863,607389.0,-0.9042672459873834,0.693871395
2002,Montenegro,45372.0,90554.0,1.9958123953098827,609828.0,-0.9114248853307602,1.496370321
2003,Montenegro,45372.0,89368.0,1.9696729260336767,612267.0,-0.9345225229601524,2.074413928
2004,Montenegro,45372.0,78458.0,1.7292162567222076,613353.0,-0.9160698222074256,4.241156669
2005,Montenegro,45372.0,98347.0,2.1675703076787447,614261.0,-0.9239588206422368,4.026601866
2006,Montenegro,45372.0,98342.0,2.1674601075553204,615025.0,-0.9220040483647628,8.431555487
2007,Montenegro,45372.0,101232.0,2.2311557788944723,615875.0,-0.9193024562797676,6.662736441
2008,Montenegro,45372.0,60270.0,1.3283522877545624,616969.0,-0.958912810895453,7.032624533
2009,Montenegro,45372.0,51150.0,1.1273472626289345,618294.0,-0.9678417105383976,-5.996974288
2010,Montenegro,45372.0,81809.0,1.8030723794410648,619428.0,-0.9441370717513168,2.546261312
2011,Montenegro,45372.0,85326.0,1.880587146257604,620079.0,-0.9569661050785466,3.1200749560000003
2012,Montenegro,180180.0,83649.6685102339,1.8778726125318823,620601.0,-0.9985811523824732,-2.805617761
2013,Montenegro,180180.0,86805.3314897661,1.8789597951204149,621207.0,-0.9248163770452896,3.4479664260000003
2014,Montenegro,180180.0,84397.46333585457,1.878238577150937,621810.0,-0.9716368781310564,1.685007966
2015,Montenegro,180180.0,86429.7041324986,1.87867347381458,622159.0,-1.024050540953099,3.3323630680000003
2016,Montenegro,180180.0,87642.47659616711,1.8789330054109723,622303.0,-1.0372661346326173,2.925463391
2017,Montenegro,180180.0,100615.88914077275,1.8817092973942011,622373.0,-0.7279218655250586,4.704686618999999
2018,Montenegro,180180.0,95535.29802468141,1.8806220580624395,622227.0,-0.7883292980344727,5.102542982
1992,Myanmar,2357003.0,71016.0,0.03012978770073691,42401684.0,0.42564473010160336,8.338114178
1993,Myanmar,2357003.0,88363.0,0.037489557713757685,42890002.0,0.4589861004464086,4.832113647
1994,Myanmar,2357003.0,181813.0,0.07713736469575982,43383428.0,1.9302271711096752,6.255546448
1995,Myanmar,2357003.0,120159.0,0.05097957024237983,43901598.0,0.8173903709369778,5.685744953
1996,Myanmar,2357003.0,143905.0,0.061054228611503676,44452206.0,0.8638605780600973,5.124260857
1997,Myanmar,2357003.0,273291.0,0.11594851597558425,45027233.0,2.2828128347110384,4.302343653
1998,Myanmar,2357003.0,259696.0,0.11018059798820792,45611220.0,2.638548451163928,4.5107464010000005
1999,Myanmar,2357003.0,250999.0,0.10649074269315736,46181077.0,2.6718830994582605,9.576109096
2000,Myanmar,2357003.0,321503.0,0.13640330538399822,46719701.0,2.8696115419089483,12.43457182
2001,Myanmar,2357003.0,276054.0,0.11712076734734744,47225120.0,2.964543699710261,10.15235644
2002,Myanmar,2357003.0,253919.0,0.10772960407772074,47702171.0,3.0098099875937128,10.90518951
2003,Myanmar,2357003.0,197254.0,0.08368848066803479,48148902.0,2.443416064605813,12.78773931
2004,Myanmar,2357003.0,198607.0,0.08426251472738898,48564484.0,2.8019688924118302,12.59285207
2005,Myanmar,2357003.0,198844.0,0.08436306614798539,48949924.0,2.5731919710325886,12.67468886
2006,Myanmar,2357003.0,213042.0,0.09038681749662596,49301050.0,2.9507789569572256,12.27076439
2007,Myanmar,2357003.0,224268.0,0.09514964554563572,49621475.0,3.223429357361965,11.26826335
2008,Myanmar,2357003.0,142262.0,0.06035715694888806,49929642.0,0.9468664739126696,9.574806889
2009,Myanmar,2357003.0,79106.0,0.03356211256413335,50250367.0,1.0233976907498958,9.844419191
2010,Myanmar,2357003.0,539484.0,0.2288855805444457,50600818.0,1.5838338604038034,8.875133566
2011,Myanmar,2357003.0,421365.0,0.17877151620087034,50990615.0,1.1027985509339362,4.784289857
2012,Myanmar,9414758.0,387598.8588205818,0.17273853467640346,51413698.0,1.2462887995488423,6.449430572000001
2013,Myanmar,9414758.0,411455.14117941813,0.16627418613897094,51852451.0,1.1518607659057056,7.508547127999999
2014,Myanmar,9414758.0,238807.09473838023,0.13511252740584773,52280807.0,1.2062210190727771,7.10610606
2015,Myanmar,9414758.0,266580.3430784077,0.14105596337148374,52680726.0,1.2007416727648577,6.180617815
2016,Myanmar,9414758.0,296909.000242358,0.1475462532205784,53045226.0,1.2078026491347629,5.023403471
2017,Myanmar,9414758.0,422469.2662742493,0.17441597302621015,53382581.0,1.2351024980579448,5.732543538
2018,Myanmar,9414758.0,434606.73746905866,0.1770133747398273,53708395.0,1.2717389899772529,6.102874337
1992,Nepal,469964.0,29038.0,0.061787711399171,19938320.0,-0.8391796478749548,1.324348789
1993,Nepal,469964.0,28769.0,0.06121532713143985,20489975.0,-0.7815239487651908,1.053883262
1994,Nepal,469964.0,64521.0,0.13728923917576666,21040904.0,-0.5403744212858196,5.382505909
1995,Nepal,469964.0,45657.0,0.09714999446766136,21576071.0,-0.7199876099175124,0.902048529
1996,Nepal,469964.0,49248.0,0.10479100526848864,22090352.0,-0.7108765427067565,2.876157775
1997,Nepal,469964.0,83852.0,0.17842217701781413,22584775.0,-0.33841848129282365,2.748901773
1998,Nepal,469964.0,95517.0,0.20324322714080229,23057883.0,-0.3302458123280627,0.902670803
1999,Nepal,469964.0,109344.0,0.2326646296312058,23509964.0,-0.3994587328156137,2.4047888040000003
2000,Nepal,469964.0,127912.0,0.27217403886255115,23941110.0,-0.3713014077953878,4.287486107
2001,Nepal,469964.0,142416.0,0.3030359772237873,24347106.0,-0.3393508296933931,3.05231948
2002,Nepal,469964.0,131768.0,0.28037892264088315,24725627.0,-0.2819478796814043,-1.4125814230000002
2003,Nepal,469964.0,97407.0,0.20726481177281664,25080872.0,-0.3708597690793286,2.472762204
2004,Nepal,469964.0,124858.0,0.2656756687746296,25419344.0,-0.33221873414181274,3.2886990560000005
2005,Nepal,469964.0,113122.0,0.2407035432501213,25744500.0,-0.4284005211260086,2.172227072
2006,Nepal,469964.0,116030.0,0.2468912512447762,26066693.0,-0.4454140308725211,2.086993751
2007,Nepal,469964.0,120049.0,0.2554429700998374,26382581.0,-0.3558884182664354,2.173376985
2008,Nepal,469964.0,61123.0,0.13005889812836727,26666576.0,-0.6562229113381196,4.974640788
2009,Nepal,469964.0,47840.0,0.10179503110876577,26883535.0,-0.6871651818692031,3.689462275
2010,Nepal,469964.0,83104.0,0.17683056574546135,27013212.0,-0.4358183038226805,4.313243158
2011,Nepal,469964.0,64019.0,0.13622107225234273,27041437.0,-0.5795014604725147,3.313879795
2012,Nepal,1877914.0,2110.736334516056,0.10017903252842718,26989862.0,-0.5479918112515659,4.98141892
2013,Nepal,1877914.0,111846.26366548393,0.14230124255647295,26917906.0,-0.5319060197302239,4.407231331
2014,Nepal,1877914.0,42194.15189450317,0.11807630790383873,26906926.0,-0.5793256585930725,6.032235943
2015,Nepal,1877914.0,-35778.578352871584,0.10139025362537032,27015031.0,-0.5299539427231457,2.909442183
2016,Nepal,1877914.0,-55438.64150340203,0.09718302784518916,27261131.0,-0.5517679881622369,-0.31938631300000003
2017,Nepal,1877914.0,404754.6735600715,0.19566374808386466,27627124.0,-0.4604239365545459,6.7897981960000005
2018,Nepal,1877914.0,314890.081268838,0.17643285210360704,28087871.0,-0.4894651835244633,4.950696778999999
1992,Philippines,1744448.0,239243.0,0.13714538925780534,65020116.0,0.6511352410047198,-2.077979559
1993,Philippines,1744448.0,325014.0,0.1863133782147705,66593904.0,0.4990797704910842,-0.296968049
1994,Philippines,1744448.0,683758.0,0.3919623858091499,68180859.0,2.084023652695751,1.957931735
1995,Philippines,1744448.0,416558.0,0.2387907234838757,69784088.0,1.7358113551319547,2.2737899
1996,Philippines,1744448.0,430112.0,0.24656051656455225,71401749.0,1.5501644539959278,3.4478546010000004
1997,Philippines,1744448.0,984196.0,0.5641876398723263,73030884.0,3.3360828568245697,2.838941888
1998,Philippines,1744448.0,996354.0,0.5711571798070221,74672014.0,5.874883684496328,-2.761827692
1999,Philippines,1744448.0,893390.0,0.5121333510657813,76325927.0,4.721557957711156,0.848225648
2000,Philippines,1744448.0,935278.0,0.5361455314231207,77991755.0,4.5684605693742455,2.181100048
2001,Philippines,1744448.0,982809.0,0.5633925459514987,79672873.0,5.651533474463731,0.874866204
2002,Philippines,1744448.0,1068204.0,0.6123449939465092,81365258.0,6.359360683808237,1.558972661
2003,Philippines,1744448.0,935935.0,0.5365221548593022,83051971.0,4.36556219790497,2.952687744
2004,Philippines,1744448.0,993419.0,0.5694746991598488,84710542.0,4.5537654948357815,4.482680278
2005,Philippines,1744448.0,850335.0,0.4874521911802473,86326250.0,5.0708047788427075,2.978369701
2006,Philippines,1744448.0,825025.0,0.4729433035550501,87888675.0,5.463916340334143,3.444173299
2007,Philippines,1744448.0,958207.0,0.5492895173716843,89405482.0,4.53986899989348,4.712140541
2008,Philippines,1744448.0,511417.0,0.29316838335106576,90901965.0,2.101064722849202,2.626705391
2009,Philippines,1744448.0,465386.0,0.2667812396815497,92414158.0,2.3731229106072926,-0.211697948
2010,Philippines,1744448.0,839300.0,0.4811264078952196,93966780.0,6.4036610130387555,5.561001857999999
2011,Philippines,1744448.0,625551.0,0.35859538375463185,95570047.0,3.682232829303328,2.115924619
2012,Philippines,6975544.0,672426.055979892,0.39326644106666064,97212638.0,4.238370867524956,5.090725952
2013,Philippines,6975544.0,696355.944020108,0.3913840615565188,98871552.0,3.42979972026042,4.959420034
2014,Philippines,6975544.0,625812.5301389882,0.3797895413967329,100513138.0,3.840030575027148,4.611106406
2015,Philippines,6975544.0,699259.9344245145,0.3955071823031467,102113212.0,3.8313792042465566,4.681873396
2016,Philippines,6975544.0,666808.4591975072,0.3885626123831721,103663927.0,3.8445768098188067,5.546601497999999
2017,Philippines,6975544.0,802695.6441838128,0.4176422782770839,105173264.0,3.8391610272588013,5.396426299
2018,Philippines,6975544.0,759492.6853728433,0.4083969060370303,106651922.0,3.8351252578353376,4.867131566
1992,Poland,837200.0,2456297.0,2.9339429049211656,38363667.0,-0.9815896481652516,2.201065851
1993,Poland,837200.0,2230093.0,2.6637517916865745,38461408.0,-0.9747062684811628,3.474682773
1994,Poland,837200.0,4587921.0,5.480077639751553,38542652.0,-0.953389302022,5.070855514
1995,Poland,837200.0,4069906.0,4.861330625895843,38594998.0,-0.9716591630018684,6.8067989220000005
1996,Poland,837200.0,3793730.0,4.531450071667464,38624370.0,-0.9688103580115198,5.97597347
1997,Poland,837200.0,6450536.0,7.7048924988055445,38649660.0,-0.9451366406566136,6.389865081
1998,Poland,837200.0,10227361.0,12.216150262780696,38663481.0,-0.9405764016159046,4.577298819
1999,Poland,837200.0,8511626.0,10.1667773530817,38660271.0,-0.9420552527199079,4.650864353
2000,Poland,837200.0,8283872.0,9.894734830387003,38258629.0,-0.935536208171442,5.65722347
2001,Poland,837200.0,9895096.0,11.819273769708552,38248076.0,-0.9305988620992124,1.275903178
2002,Poland,837200.0,10948089.0,13.077029383659818,38230364.0,-0.926273222620002,2.088899283
2003,Poland,837200.0,7982032.0,9.534199713330148,38204570.0,-0.938918071764279,3.632387365
2004,Poland,837200.0,8262011.0,9.868622790253225,38182222.0,-0.9264580790080026,5.197186558
2005,Poland,837200.0,9031180.0,10.787362637362637,38165445.0,-0.9294352751623804,3.538719402
2006,Poland,837200.0,9615989.0,11.485892259914,38141267.0,-0.9265488266893844,6.246642985
2007,Poland,837200.0,8241338.0,9.843929765886287,38120560.0,-0.9175890056142656,7.093368002
2008,Poland,837200.0,4613272.0,5.510358337314859,38125759.0,-0.9541865372080676,4.2355723360000015
2009,Poland,837200.0,5017997.0,5.993785236502628,38151603.0,-0.9555874125265872,2.750474183
2010,Poland,837200.0,11013992.0,13.15574773053034,38042794.0,-0.9357876128591226,3.903857948
2011,Poland,837200.0,6965483.0,8.31997491638796,38063255.0,-0.9456448276723528,4.960782917
2012,Poland,3341220.0,7792816.922107087,8.590802503480548,38063164.0,-0.9358080539013692,1.608149565
2013,Poland,3341220.0,6589953.077892913,8.588808103303965,38040196.0,-0.944618767879384,1.453110959
2014,Poland,3341220.0,7200229.445840696,8.591698002325495,38011735.0,-0.9366229788056718,3.3958064460000004
2015,Poland,3341220.0,7187359.309242241,8.588943811249054,37986412.0,-0.952903620667354,3.908293902
2016,Poland,3341220.0,7206992.612541234,8.593145310458754,37970087.0,-0.9530859555551608,3.108219795
2017,Poland,3341220.0,7198935.870655755,8.591421179060736,37974826.0,-0.9208497464879124,4.924567738
2018,Poland,3341220.0,7192932.093326459,8.590136379181669,37974750.0,-0.9373931509035908,5.349235953
1992,Romania,615850.0,500605.0,0.8128683932775839,22794284.0,-0.9750322879290908,-7.939239528
1993,Romania,615850.0,683852.0,1.1104197450677924,22763280.0,-0.9636135407910422,1.66711861
1994,Romania,615850.0,1411605.0,2.2921247056913208,22730211.0,-0.9327418517899227,4.083147899
1995,Romania,615850.0,1142922.0,1.8558447673946576,22684270.0,-0.9563228048483052,6.448659414
1996,Romania,615850.0,1128357.0,1.8321945278882843,22619004.0,-0.9554758264887396,4.207522544
1997,Romania,615850.0,2046843.0,3.3236063976617682,22553978.0,-0.9269689548439308,-4.57473043
1998,Romania,615850.0,2890457.0,4.693443208573517,22507344.0,-0.9193474940179353,-1.826823974
1999,Romania,615850.0,2118089.0,3.4392936591702523,22472040.0,-0.911865851841772,-0.220150555
2000,Romania,615850.0,2938705.0,4.77178696111066,22442971.0,-0.9069137172585024,2.593975232
2001,Romania,615850.0,2931548.0,4.760165624746287,22131970.0,-0.9094015481384644,6.6966736660000015
2002,Romania,615850.0,3248319.0,5.274529512056508,21730496.0,-0.9017014393219374,7.655869433999999
2003,Romania,615850.0,2434531.0,3.9531233254851017,21574326.0,-0.9266032752982138,3.081963843
2004,Romania,615850.0,2476607.0,4.021445157099943,21451748.0,-0.913431417396874,11.05911322
2005,Romania,615850.0,2563431.0,4.1624275391735,21319685.0,-0.9232798935444896,5.316506112
2006,Romania,615850.0,2310872.0,3.752329300966145,21193760.0,-0.9194590800557826,8.670675852999999
2007,Romania,615850.0,2487938.0,4.039844117885849,20882982.0,-0.921401080437358,8.829648237
2008,Romania,615850.0,1585108.0,2.5738540228951856,20537875.0,-0.9539304270850558,11.1442089
2009,Romania,615850.0,1459501.0,2.3698968904765767,20367487.0,-0.9546154040282284,-4.7269826010000005
2010,Romania,615850.0,2275121.0,3.6942778273930337,20246871.0,-0.9187451982955772,-3.328750364
2011,Romania,615850.0,2153323.0,3.4965056426077785,20147528.0,-0.9350992748907136,2.510130947
2012,Romania,2458962.0,2228928.296071716,3.4181133170876485,20058035.0,-0.9330639038636358,2.532603026
2013,Romania,2458962.0,1984176.7039282846,3.4230087093798343,19983693.0,-0.9147791226605899,3.899639726
2014,Romania,2458962.0,2070960.8087224527,3.4129444415087877,19908979.0,-0.9348803651745974,3.798887022
2015,Romania,2458962.0,2089390.214735657,3.4168883083976422,19815616.0,-0.9364220013659084,4.360922044
2016,Romania,2458962.0,2161234.302753457,3.4322628418845267,19702267.0,-0.923225613194803,5.403728791
2017,Romania,2458962.0,2166506.773443715,3.43339114317448,19587290.0,-0.764200228210461,7.740182644
2018,Romania,2458962.0,2216598.1047175843,3.4441106174043137,19472545.0,-0.7689923371393977,5.052266425
1992,Rwanda,46440.0,5332.0,0.1148148148148148,6702244.0,5331.0,11.90214857
1993,Rwanda,46440.0,5728.0,0.12334194659776054,6263757.0,0.07426856714178545,-1.67594807
1994,Rwanda,46440.0,2932.0,0.06313522825150733,5936261.0,-0.4881284916201117,-47.50331599
1995,Rwanda,46440.0,4291.0,0.0923987941429802,5836495.0,0.463506139154161,37.53552814
1996,Rwanda,46440.0,4899.0,0.10549095607235144,6013107.0,0.14169191330692146,9.434222534
1997,Rwanda,46440.0,9042.0,0.19470284237726104,6419901.0,0.8456827924066136,6.635716597999999
1998,Rwanda,46440.0,10047.0,0.216343669250646,6962802.0,0.11114797611147977,0.370781929
1999,Rwanda,46440.0,10296.0,0.2217054263565892,7501234.0,0.024783517467900862,-3.165790684
2000,Rwanda,46440.0,12632.0,0.27200689061154176,7933681.0,0.2268842268842269,2.463813684
2001,Rwanda,46440.0,12088.0,0.2602928509905254,8231156.0,-0.04306523115896137,4.563909562
2002,Rwanda,46440.0,11594.0,0.2496554694229113,8427060.0,-0.040866975512905364,10.56072536
2003,Rwanda,46440.0,8037.0,0.17306201550387598,8557161.0,-0.3067966189408315,0.648510376
2004,Rwanda,46440.0,8073.0,0.17383720930232555,8680524.0,0.004479283314669653,5.9206976189999985
2005,Rwanda,46440.0,7586.0,0.16335055986218774,8840215.0,-0.06032453858540815,7.4020831089999986
2006,Rwanda,46440.0,9656.0,0.20792420327304048,9043337.0,0.27287107830213553,6.773708953
2007,Rwanda,46440.0,10618.0,0.2286391042204996,9273757.0,0.0996271748135874,4.959000885
2008,Rwanda,46440.0,6180.0,0.1330749354005168,9524534.0,-0.4179694857788661,8.234427973999999
2009,Rwanda,46440.0,6780.0,0.14599483204134367,9782770.0,0.0970873786407767,3.443604808
2010,Rwanda,46440.0,12452.0,0.2681309216192937,10039338.0,0.8365781710914454,4.591585779
2011,Rwanda,46440.0,14111.0,0.30385443583118,10293331.0,0.13323160938001927,5.294435326
2012,Rwanda,184899.0,17172.65352453525,0.3963199876513802,10549678.0,0.21696928102439586,6.001654257999999
2013,Rwanda,184899.0,19670.34647546475,0.3970262655785939,10811543.0,0.14544595262234505,2.183449275
2014,Rwanda,184899.0,16732.809104044296,0.3963117491454529,11083635.0,-0.14933836448099724,3.558051852
2015,Rwanda,184899.0,31760.46329690476,0.3995276459435333,11369071.0,0.8980951195593513,6.135022469
2016,Rwanda,184899.0,9798.752126697776,0.3948278707340272,11668818.0,-0.6914795595046398,3.259320175
2017,Rwanda,184899.0,42794.384643263904,0.4018888895463363,11980937.0,3.3673300528406984,1.277795639
2018,Rwanda,184899.0,38106.3472147907,0.4008856561499576,12301939.0,-0.1095479574610761,5.736676844
1992,Serbia,236027.0,352814.0,1.4948035606095913,7646424.0,-0.9876401657957674,0.0
1993,Serbia,236027.0,366490.0,1.5527460841344425,7699307.0,-0.9877746068052224,0.0
1994,Serbia,236027.0,776696.0,3.290708266427146,7734639.0,-0.9725720174560668,0.0
1995,Serbia,236027.0,528561.0,2.2394090506594586,7625357.0,-0.9852598877233693,0.0
1996,Serbia,236027.0,543598.0,2.3031178636342453,7617794.0,-0.985524064306948,6.369583948
1997,Serbia,236027.0,1091247.0,4.623399017908968,7596501.0,-0.966534271721449,7.50787465
1998,Serbia,236027.0,1296296.0,5.492151321670827,7567745.0,-0.9729598797683442,3.73356474
1999,Serbia,236027.0,1134839.0,4.808089752443577,7540401.0,-0.9702434991723086,-9.095704949
2000,Serbia,236027.0,1137083.0,4.817597139310333,7516346.0,-0.9735830138471672,6.471473064
2001,Serbia,236027.0,1215517.0,5.149906578484665,7503433.0,-0.9727407409229326,7.062707626
2002,Serbia,236027.0,1316546.0,5.577946590856131,7496522.0,-0.9719347670712508,6.478473012
2003,Serbia,236027.0,1207020.0,5.113906459854169,7480591.0,-0.9758893493643654,4.610064189
2004,Serbia,236027.0,1081594.0,4.582501154528932,7463157.0,-0.9759155653612092,9.282892956
2005,Serbia,236027.0,1364234.0,5.779991272184963,7440769.0,-0.9758086847586924,5.84786936
2006,Serbia,236027.0,1203264.0,5.097993026221577,7411569.0,-0.9769279061624042,5.521890134
2007,Serbia,236027.0,1285121.0,5.444805043490787,7381579.0,-0.9733826967430796,6.871975198
2008,Serbia,236027.0,776390.0,3.2894118045816803,7350222.0,-0.9830012787645276,6.106314879
2009,Serbia,236027.0,726101.0,3.0763471975663803,7320807.0,-0.985034026827485,-2.34092987
2010,Serbia,236027.0,1125884.0,4.770149177848297,7291436.0,-0.9759229596167291,1.136806237
2011,Serbia,236027.0,980051.0,4.152283425201354,7234099.0,-0.9768344696608332,2.845008637
2012,Serbia,942057.0,1033321.6376579086,4.2204766328405485,7199077.0,-0.9735477371801184,-0.198378662
2013,Serbia,942057.0,959898.3623420914,4.224404673111736,7164132.0,-0.9744034260094326,3.394520937
2014,Serbia,942057.0,997857.5146136964,4.22270761934363,7130576.0,-0.9859163255251522,-1.126393172
2015,Serbia,942057.0,1003215.0516425931,4.223854124710051,7095383.0,-0.987921848840882,2.281130095
2016,Serbia,942057.0,1026824.853495519,4.228906589000733,7058322.0,-0.990764070926126,3.882936212
2017,Serbia,942057.0,1070950.2993574813,4.238349372168367,7020858.0,-0.9671122847927228,2.59385298
2018,Serbia,942057.0,1051757.9415213256,4.234242234665679,6982604.0,-0.9601128132466022,4.964149989
1992,Tajikistan,459342.0,185422.0,0.40366872613434,5502494.0,-0.7966364626380117,-30.31437666
1993,Tajikistan,459342.0,168780.0,0.3674386404900923,5593315.0,-0.8058355887099604,-17.75744809
1994,Tajikistan,459342.0,339882.0,0.7399323379965255,5679167.0,-0.5765061147818604,-22.48970639
1995,Tajikistan,459342.0,212892.0,0.463471661637734,5764810.0,-0.7663758080248645,-13.71748028
1996,Tajikistan,459342.0,198684.0,0.43254046004937496,5851355.0,-0.7626753192396195,-17.93205471
1997,Tajikistan,459342.0,285996.0,0.6226210535940541,5938405.0,-0.605650236811485,0.190155607
1998,Tajikistan,459342.0,366255.0,0.7973470747286335,6027388.0,-0.4718431167162048,3.758122071
1999,Tajikistan,459342.0,288789.0,0.6287014903927792,6119661.0,-0.4833122792327989,2.135956158
2000,Tajikistan,459342.0,315921.0,0.6877685907232519,6216341.0,-0.4160648863034779,6.639604224
2001,Tajikistan,459342.0,308021.0,0.6705700763265715,6318513.0,-0.38285661255803294,7.808885532000001
2002,Tajikistan,459342.0,393512.0,0.8566863034514588,6426867.0,-0.2917661066018927,8.969216162
2003,Tajikistan,459342.0,282356.0,0.6146966748087481,6541547.0,-0.3908363586742262,8.983818465
2004,Tajikistan,459342.0,322024.0,0.7010549873514723,6662389.0,-0.3439487122167493,8.368482736
2005,Tajikistan,459342.0,323062.0,0.7033147415215678,6789321.0,-0.3703307437071237,4.650489995
2006,Tajikistan,459342.0,305810.0,0.6657566693226398,6922587.0,-0.3984800022667823,4.987680214
2007,Tajikistan,459342.0,360203.0,0.7841717064844931,7062672.0,-0.3588763697015697,5.622764225
2008,Tajikistan,459342.0,156184.0,0.3400168066495117,7209930.0,-0.6241096596146846,5.706529111
2009,Tajikistan,459342.0,75262.0,0.16384741652189436,7364753.0,-0.7120508849243448,1.708769846
2010,Tajikistan,459342.0,162760.0,0.3543329371143941,7527394.0,-0.478717757734679,4.2191365460000005
2011,Tajikistan,459342.0,130493.0,0.28408680242607903,7697510.0,-0.5572077800796625,5.02707203
2012,Tajikistan,1835340.0,205674.64293666,0.39977135008543,7874835.0,-0.5378805503562303,5.0658088260000005
2013,Tajikistan,1835340.0,148687.35706334,0.3716843408812137,8059769.0,-0.5238126235352771,4.935751742
2014,Tajikistan,1835340.0,52019.92993359547,0.3589435530511669,8252833.0,-0.5510084814133038,4.209724631
2015,Tajikistan,1835340.0,36083.20141703376,0.3555331156302262,8454028.0,-0.549986023155901,3.485426878
2016,Tajikistan,1835340.0,77072.81923244124,0.3643048360195426,8663579.0,-0.5435128824792085,4.28796556
2017,Tajikistan,1835340.0,253312.1313316004,0.4020198001917189,8880268.0,-0.5417042421125996,4.991499098
2018,Tajikistan,1835340.0,142691.74283944312,0.3783471931042231,9100837.0,-0.5323367394134756,4.6994643410000005
1992,Turkmenistan,1516613.0,302532.0,0.19947870682896693,3899843.0,-0.9906906323002982,-17.37882574
1993,Turkmenistan,1516613.0,288847.0,0.19045531061648555,4010789.0,-0.9865458159788048,-1.307681561
1994,Turkmenistan,1516613.0,630007.0,0.4154039296775117,4115102.0,-0.9733537919260468,-19.39621183
1995,Turkmenistan,1516613.0,347549.0,0.2291612955974925,4207841.0,-0.9813503431684218,-9.24531199
1996,Turkmenistan,1516613.0,353054.0,0.23279109436619624,4287346.0,-0.9774535705093728,4.721336163
1997,Turkmenistan,1516613.0,586651.0,0.3868165444975086,4355116.0,-0.9651320519928348,-12.77870564
1998,Turkmenistan,1516613.0,785708.0,0.5180675623906692,4413479.0,-0.9622388814693662,5.683730476
1999,Turkmenistan,1516613.0,768646.0,0.5068174939816552,4466135.0,-0.9655024369738828,15.1264575
2000,Turkmenistan,1516613.0,868686.0,0.5727802676094692,4516133.0,-0.9573143072930348,4.301418656
2001,Turkmenistan,1516613.0,918088.0,0.6053541674771349,4564083.0,-0.9520576638233496,3.247615124
2002,Turkmenistan,1516613.0,1053598.0,0.6947045818544348,4610005.0,-0.9489339269686659,-0.74151969
2003,Turkmenistan,1516613.0,906217.0,0.5975268575437505,4655743.0,-0.9641022338604106,2.254316014
2004,Turkmenistan,1516613.0,975969.0,0.6435188146217921,4703401.0,-0.9586277959554088,3.936473187
2005,Turkmenistan,1516613.0,936722.0,0.6176407560795009,4754646.0,-0.966473101062147,11.8157677
2006,Turkmenistan,1516613.0,894846.0,0.5900292296057069,4810109.0,-0.9697628725635076,9.693729713
2007,Turkmenistan,1516613.0,953762.0,0.6288763184807199,4870141.0,-0.9666115753018856,9.690322296
2008,Turkmenistan,1516613.0,559190.0,0.3687097499493938,4935767.0,-0.9784820442317024,13.17494782
2009,Turkmenistan,1516613.0,428365.0,0.2824484558684384,5007954.0,-0.9785902692443136,4.570624903
2010,Turkmenistan,1516613.0,775481.0,0.5113242468579657,5087213.0,-0.9622966911034321,7.498659234
2011,Turkmenistan,1516613.0,658716.0,0.4343336104859974,5174085.0,-0.9680541273333362,12.7742066
2012,Turkmenistan,2823312.0,687467.9854273658,0.455305634713326,5267900.0,-0.9480353021246846,9.121441808
2013,Turkmenistan,2823312.0,708396.0145726342,0.4650768227758291,5366375.0,-0.980199414823264,8.177788644
2014,Turkmenistan,2823312.0,667938.3328157028,0.4537726262785654,5466328.0,-0.9914530025456344,8.283140408
2015,Turkmenistan,2823312.0,669459.383961553,0.4540981290780629,5565287.0,-0.9021365090613184,4.606273047
2016,Turkmenistan,2823312.0,679089.0954654164,0.4561588737554608,5662372.0,-0.9885494683668692,4.379132846
2017,Turkmenistan,2823312.0,681779.7035974779,0.4567346601001383,5757669.0,-0.8021107284291007,4.737284874
2018,Turkmenistan,2823312.0,695715.1876244246,0.4597168340234144,5850908.0,-0.8385356364559475,4.507616162
1992,Vietnam,1524831.0,174865.0,0.11467828238014575,70883481.0,-0.19340032541910265,6.428895609
1993,Vietnam,1524831.0,214150.0,0.14044179322167505,72300308.0,-0.2325959295206197,5.954892338
1994,Vietnam,1524831.0,448982.0,0.29444705675579785,73651218.0,0.55559070440534,6.84265731
1995,Vietnam,1524831.0,306196.0,0.20080651560730334,74910461.0,-0.07549219910195415,7.699107408
1996,Vietnam,1524831.0,288891.0,0.18945771695355093,76068743.0,-0.09715803998065208,7.675121125
1997,Vietnam,1524831.0,772595.0,0.5066758217795939,77133214.0,0.4965193414660164,6.659539607
1998,Vietnam,1524831.0,877226.0,0.5752939178177778,78115710.0,0.7315780190120352,4.434208905
1999,Vietnam,1524831.0,1014777.0,0.6655012916185465,79035871.0,0.4471519305891445,3.553779124
2000,Vietnam,1524831.0,1169441.0,0.7669315484797987,79910412.0,0.4984062210337154,5.618634078
2001,Vietnam,1524831.0,1321075.0,0.8663746998847741,80742499.0,0.6156468477389204,5.098528794
2002,Vietnam,1524831.0,1491081.0,0.9778663996206792,81534407.0,0.9514704062814512,5.288173400000002
2003,Vietnam,1524831.0,1399549.0,0.9178387637711982,82301656.0,0.3702274737992629,5.902507608
2004,Vietnam,1524831.0,1524322.0,0.9996661925157608,83062821.0,0.466706375414354,6.550976322
2005,Vietnam,1524831.0,1418721.0,0.9304119604074156,83832661.0,0.41512136008652417,6.559635355
2006,Vietnam,1524831.0,1654686.0,1.0851602571039018,84617540.0,0.4852437740030373,5.9856694039999985
2007,Vietnam,1524831.0,1750710.0,1.148133793187573,85419591.0,0.5902569908983228,6.123607298
2008,Vietnam,1524831.0,948335.0,0.621927938243648,86243413.0,-0.17090767233225732,4.65245944
2009,Vietnam,1524831.0,901809.0,0.5914157044288842,87092252.0,-0.3797006098610802,4.370643753
2010,Vietnam,1524831.0,1654902.0,1.0853019121463297,87967651.0,0.0677903233397046,5.364180765
2011,Vietnam,1524831.0,1290408.0,0.8462629629119555,88871561.0,-0.2219845006443477,5.159735794
2012,Vietnam,6090520.0,1444772.543578854,0.9744096051685356,89802487.0,-0.2054488546423373,4.156333781
2013,Vietnam,6090520.0,1529692.456421146,0.9762754215655748,90753472.0,-0.23079314962793995,4.317191047
2014,Vietnam,6090520.0,1502302.7658966638,0.9785675290096382,91714595.0,-0.28874743688649657,4.872999042
2015,Vietnam,6090520.0,1532541.2573394037,0.9850385235215888,92677076.0,-0.3078049159119524,5.571390342000001
2016,Vietnam,6090520.0,1517376.2366638996,0.9817932304900026,93638724.0,-0.30380942849708026,5.12005124
2017,Vietnam,6090520.0,1562673.4085332118,0.9914867613702798,94596642.0,-0.27382257072800303,5.730628273
2018,Vietnam,6090520.0,1487641.3142907284,0.9754299990485656,95540395.0,-0.26081351687776844,6.018088398
