,country,time,"luminosity,pixel"
0,brazil,201204,"(0, 0)"
1,canada,201204,"(0, 0)"
2,china,201204,"(19804590.718328964, 1018081.307936295)"
3,france,201204,"(0, 0)"
4,germany,201204,"(0, 0)"
5,india,201204,"(10459974.987266721, 269301.64276051347)"
6,italy,201204,"(0, 0)"
7,japan,201204,"(2954975.660002241, 83868.7528383159)"
8,korea,201204,"(72067.68990492076, 62520.852276090045)"
9,mexico,201204,"(0, 0)"
10,russia,201204,"(165890.2998099234, 7723.754167166906)"
11,saudiarab,201204,"(0, 0)"
12,uk,201204,"(0, 0)"
13,usa,201204,"(0, 0)"
14,indonesia,201204,"(266683.4000436347, 20731.293103627777)"
15,iran,201204,"(255951.6493782159, 3206.8529596259386)"
16,spain,201204,"(0, 0)"
17,turkey,201204,"(0, 0)"
18,brazil,201205,"(0, 0)"
19,canada,201205,"(0, 0)"
20,china,201205,"(14096729.878075005, 412343.9244637468)"
21,france,201205,"(0, 0)"
22,germany,201205,"(0, 0)"
23,india,201205,"(8573214.067463528, 149476.93183685726)"
24,italy,201205,"(0, 0)"
25,japan,201205,"(2711653.2296972554, 78272.73127706943)"
26,korea,201205,"(13765.300003062934, 26120.900007966953)"
27,mexico,201205,"(0, 0)"
28,russia,201205,"(0, 0)"
29,saudiarab,201205,"(0, 0)"
30,uk,201205,"(0, 0)"
31,usa,201205,"(0, 0)"
32,indonesia,201205,"(176242.59977831878, 15969.743371842282)"
33,iran,201205,"(180097.64013285376, 2588.760983301293)"
34,spain,201205,"(0, 0)"
35,turkey,201205,"(0, 0)"
36,brazil,201206,"(0, 0)"
37,canada,201206,"(0, 0)"
38,china,201206,"(8173866.538228214, 348808.93753588764)"
39,france,201206,"(0, 0)"
40,germany,201206,"(0, 0)"
41,india,201206,"(4468383.268995434, 83673.60715046289)"
42,italy,201206,"(0, 0)"
43,japan,201206,"(270346.0999327116, 92113.60117885466)"
44,korea,201206,"(0, 0)"
45,mexico,201206,"(0, 0)"
46,russia,201206,"(0, 0)"
47,saudiarab,201206,"(0, 0)"
48,uk,201206,"(0, 0)"
49,usa,201206,"(0, 0)"
50,indonesia,201206,"(273167.16975387186, 17344.297222700254)"
51,iran,201206,"(110207.57979916781, 99685.24587563123)"
52,spain,201206,"(0, 0)"
53,turkey,201206,"(0, 0)"
54,brazil,201207,"(0, 0)"
55,canada,201207,"(0, 0)"
56,china,201207,"(11161742.218899418, 450866.7085038025)"
57,france,201207,"(0, 0)"
58,germany,201207,"(0, 0)"
59,india,201207,"(3430320.319506904, 114576.79954151058)"
60,italy,201207,"(0, 0)"
61,japan,201207,"(1928010.23970614, 191204.61422653252)"
62,korea,201207,"(10323.870002325624, 28180.40781182006)"
63,mexico,201207,"(0, 0)"
64,russia,201207,"(0, 0)"
65,saudiarab,201207,"(0, 0)"
66,uk,201207,"(0, 0)"
67,usa,201207,"(0, 0)"
68,indonesia,201207,"(261756.49979814515, 12931.416528375936)"
69,iran,201207,"(207756.88002327085, 12033.800112220993)"
70,spain,201207,"(0, 0)"
71,turkey,201207,"(0, 0)"
72,brazil,201208,"(0, 0)"
73,canada,201208,"(0, 0)"
74,china,201208,"(20516648.06240844, 324570.1773269699)"
75,france,201208,"(0, 0)"
76,germany,201208,"(0, 0)"
77,india,201208,"(4599821.579067102, 268940.4876277687)"
78,italy,201208,"(0, 0)"
79,japan,201208,"(2702234.849921981, 42072.47251607038)"
80,korea,201208,"(136003.93003742024, 191042.3162510242)"
81,mexico,201208,"(0, 0)"
82,russia,201208,"(137586.76998983324, 51598.10837499555)"
83,saudiarab,201208,"(0, 0)"
84,uk,201208,"(0, 0)"
85,usa,201208,"(0, 0)"
86,indonesia,201208,"(212665.2497387398, 18353.050717373328)"
87,iran,201208,"(226505.20991047658, 5627.4586313008795)"
88,spain,201208,"(0, 0)"
89,turkey,201208,"(0, 0)"
90,brazil,201209,"(0, 0)"
91,canada,201209,"(0, 0)"
92,china,201209,"(23659279.598559663, 464008.52722886275)"
93,france,201209,"(0, 0)"
94,germany,201209,"(0, 0)"
95,india,201209,"(8293657.55794454, 425738.5549169658)"
96,italy,201209,"(0, 0)"
97,japan,201209,"(2749758.6599467173, 150756.9395681184)"
98,korea,201209,"(71261.16990064085, 53299.93499728791)"
99,mexico,201209,"(0, 0)"
100,russia,201209,"(4791353.359957142, 164547.20630435194)"
101,saudiarab,201209,"(0, 0)"
102,uk,201209,"(0, 0)"
103,usa,201209,"(0, 0)"
104,indonesia,201209,"(188124.93978231587, 6418.108215957184)"
105,iran,201209,"(320528.6804419849, 7381.107034238306)"
106,spain,201209,"(0, 0)"
107,turkey,201209,"(0, 0)"
108,brazil,201210,"(0, 0)"
109,canada,201210,"(0, 0)"
110,china,201210,"(27259085.54052863, 340208.67421130784)"
111,france,201210,"(0, 0)"
112,germany,201210,"(0, 0)"
113,india,201210,"(10086308.788411459, 233192.33932590793)"
114,italy,201210,"(0, 0)"
115,japan,201210,"(3327926.239908479, 61916.73704966939)"
116,korea,201210,"(152361.7101554852, 114054.03186906977)"
117,mexico,201210,"(0, 0)"
118,russia,201210,"(34096356.27405865, 191495.53059665833)"
119,saudiarab,201210,"(0, 0)"
120,uk,201210,"(0, 0)"
121,usa,201210,"(0, 0)"
122,indonesia,201210,"(96830.64993790351, 3176.6269855802548)"
123,iran,201210,"(331043.5900728777, 11288.447735015534)"
124,spain,201210,"(0, 0)"
125,turkey,201210,"(0, 0)"
126,brazil,201211,"(0, 0)"
127,canada,201211,"(0, 0)"
128,china,201211,"(23358795.488482803, 251904.19164456293)"
129,france,201211,"(0, 0)"
130,germany,201211,"(0, 0)"
131,india,201211,"(11462963.276086116, 324465.7655707562)"
132,italy,201211,"(0, 0)"
133,japan,201211,"(3042475.469595574, 128363.31783560538)"
134,korea,201211,"(38961.469887856394, 24602.31217321852)"
135,mexico,201211,"(0, 0)"
136,russia,201211,"(65769306.77880702, 39320.51296493067)"
137,saudiarab,201211,"(0, 0)"
138,uk,201211,"(0, 0)"
139,usa,201211,"(0, 0)"
140,indonesia,201211,"(151082.06982691772, 6938.301906222548)"
141,iran,201211,"(1937156.517988447, 120288.25980695148)"
142,spain,201211,"(0, 0)"
143,turkey,201211,"(0, 0)"
144,brazil,201212,"(0, 0)"
145,canada,201212,"(0, 0)"
146,china,201212,"(18684216.18194227, 149781.85583616048)"
147,france,201212,"(0, 0)"
148,germany,201212,"(0, 0)"
149,india,201212,"(8508473.187541014, 186132.53906999397)"
150,italy,201212,"(0, 0)"
151,japan,201212,"(3755492.4098532144, 268859.11570489977)"
152,korea,201212,"(46922.60987983458, 18351.902091039523)"
153,mexico,201212,"(0, 0)"
154,russia,201212,"(45552492.6972813, 31400.183779838335)"
155,saudiarab,201212,"(0, 0)"
156,uk,201212,"(0, 0)"
157,usa,201212,"(0, 0)"
158,indonesia,201212,"(128414.70002174005, 3805.1482666706875)"
159,iran,201212,"(131507.9398439061, 16004.095826364737)"
160,spain,201212,"(0, 0)"
161,turkey,201212,"(0, 0)"
162,brazil,201301,"(0, 0)"
163,canada,201301,"(0, 0)"
164,china,201301,"(21345179.79475831, 699296.0618978102)"
165,france,201301,"(0, 0)"
166,germany,201301,"(0, 0)"
167,india,201301,"(8471620.826730378, 195070.2164039735)"
168,italy,201301,"(0, 0)"
169,japan,201301,"(4384109.439749939, 185297.50676402255)"
170,korea,201301,"(156066.1800701134, 202474.6512840268)"
171,mexico,201301,"(0, 0)"
172,russia,201301,"(79334444.08518064, 55890.55384306455)"
173,saudiarab,201301,"(0, 0)"
174,uk,201301,"(0, 0)"
175,usa,201301,"(0, 0)"
176,indonesia,201301,"(137692.1100967247, 13046.47709063054)"
177,iran,201301,"(181159.3499943819, 88151.99615368208)"
178,spain,201301,"(0, 0)"
179,turkey,201301,"(0, 0)"
180,brazil,201302,"(0, 0)"
181,canada,201302,"(0, 0)"
182,china,201302,"(22045349.18596677, 597604.591705731)"
183,france,201302,"(0, 0)"
184,germany,201302,"(0, 0)"
185,india,201302,"(10548269.096738644, 150510.71239528)"
186,italy,201302,"(0, 0)"
187,japan,201302,"(4069548.919926649, 30809.24290200995)"
188,korea,201302,"(84912.98989670165, 73684.82749200903)"
189,mexico,201302,"(0, 0)"
190,russia,201302,"(78880355.41704519, 58870.17549416517)"
191,saudiarab,201302,"(0, 0)"
192,uk,201302,"(0, 0)"
193,usa,201302,"(0, 0)"
194,indonesia,201302,"(309882.1499790568, 50663.24709157191)"
195,iran,201302,"(203800.91987442411, 15325.571752848273)"
196,spain,201302,"(0, 0)"
197,turkey,201302,"(0, 0)"
198,brazil,201303,"(0, 0)"
199,canada,201303,"(0, 0)"
200,china,201303,"(24323326.856887173, 715886.5967128637)"
201,france,201303,"(0, 0)"
202,germany,201303,"(0, 0)"
203,india,201303,"(10871150.376799986, 266113.30201666144)"
204,italy,201303,"(0, 0)"
205,japan,201303,"(3434911.509601876, 225745.2854321333)"
206,korea,201303,"(112620.83996754885, 49640.47632769713)"
207,mexico,201303,"(0, 0)"
208,russia,201303,"(36573951.62936677, 92774.29066850783)"
209,saudiarab,201303,"(0, 0)"
210,uk,201303,"(0, 0)"
211,usa,201303,"(0, 0)"
212,indonesia,201303,"(572252.1199936774, 66759.03487477404)"
213,iran,201303,"(269440.65993460454, 18664.659430700616)"
214,spain,201303,"(0, 0)"
215,turkey,201303,"(0, 0)"
216,brazil,201304,"(0, 0)"
217,canada,201304,"(0, 0)"
218,china,201304,"(23406525.458329014, 353372.9337606586)"
219,france,201304,"(0, 0)"
220,germany,201304,"(0, 0)"
221,india,201304,"(11348943.566680145, 224513.4930901739)"
222,italy,201304,"(0, 0)"
223,japan,201304,"(3033457.7599334735, 166309.44062081055)"
224,korea,201304,"(76449.50992017984, 87505.79659974661)"
225,mexico,201304,"(0, 0)"
226,russia,201304,"(613892.8094435856, 15173.190284570359)"
227,saudiarab,201304,"(0, 0)"
228,uk,201304,"(0, 0)"
229,usa,201304,"(0, 0)"
230,indonesia,201304,"(374789.86981087737, 49752.965709110285)"
231,iran,201304,"(243035.1298490353, 10463.624784021165)"
232,spain,201304,"(0, 0)"
233,turkey,201304,"(0, 0)"
234,brazil,201305,"(0, 0)"
235,canada,201305,"(0, 0)"
236,china,201305,"(17557236.169243798, 352910.3968224722)"
237,france,201305,"(0, 0)"
238,germany,201305,"(0, 0)"
239,india,201305,"(10228996.9870819, 276915.5685414221)"
240,italy,201305,"(0, 0)"
241,japan,201305,"(2769834.6900714934, 152199.33581797103)"
242,korea,201305,"(33095.22996516526, 15155.916092164958)"
243,mexico,201305,"(0, 0)"
244,russia,201305,"(0, 0)"
245,saudiarab,201305,"(0, 0)"
246,uk,201305,"(0, 0)"
247,usa,201305,"(0, 0)"
248,indonesia,201305,"(394029.74985521846, 21363.61082199436)"
249,iran,201305,"(252270.8597441893, 7154.397410287956)"
250,spain,201305,"(0, 0)"
251,turkey,201305,"(0, 0)"
252,brazil,201306,"(0, 0)"
253,canada,201306,"(0, 0)"
254,china,201306,"(12955303.191186897, 116946.39800262103)"
255,france,201306,"(0, 0)"
256,germany,201306,"(0, 0)"
257,india,201306,"(6614668.547156071, 143119.57285163054)"
258,italy,201306,"(0, 0)"
259,japan,201306,"(441778.2100084089, 48720.419344486116)"
260,korea,201306,"(0, 0)"
261,mexico,201306,"(0, 0)"
262,russia,201306,"(0, 0)"
263,saudiarab,201306,"(0, 0)"
264,uk,201306,"(0, 0)"
265,usa,201306,"(0, 0)"
266,indonesia,201306,"(563760.5900022853, 37243.13559596998)"
267,iran,201306,"(223082.61011012644, 151478.8167905833)"
268,spain,201306,"(0, 0)"
269,turkey,201306,"(0, 0)"
270,brazil,201307,"(0, 0)"
271,canada,201307,"(0, 0)"
272,china,201307,"(11112553.597301843, 58968.182348729686)"
273,france,201307,"(0, 0)"
274,germany,201307,"(0, 0)"
275,india,201307,"(3856228.8186778687, 100863.32371252528)"
276,italy,201307,"(0, 0)"
277,japan,201307,"(2060086.8203610424, 61805.25599438417)"
278,korea,201307,"(0, 0)"
279,mexico,201307,"(0, 0)"
280,russia,201307,"(0, 0)"
281,saudiarab,201307,"(0, 0)"
282,uk,201307,"(0, 0)"
283,usa,201307,"(0, 0)"
284,indonesia,201307,"(298006.4697658997, 20438.288078835314)"
285,iran,201307,"(158013.7497186251, 11525.437876837206)"
286,spain,201307,"(0, 0)"
287,turkey,201307,"(0, 0)"
288,brazil,201308,"(0, 0)"
289,canada,201308,"(0, 0)"
290,china,201308,"(21656041.076995514, 265621.5492437161)"
291,france,201308,"(0, 0)"
292,germany,201308,"(0, 0)"
293,india,201308,"(5752089.048946559, 132146.09967175248)"
294,italy,201308,"(0, 0)"
295,japan,201308,"(2777929.4897149745, 109672.97863246071)"
296,korea,201308,"(112271.56001026928, 144231.4059672392)"
297,mexico,201308,"(0, 0)"
298,russia,201308,"(132107.7699212134, 47812.88651023376)"
299,saudiarab,201308,"(0, 0)"
300,uk,201308,"(0, 0)"
301,usa,201308,"(0, 0)"
302,indonesia,201308,"(297575.3697222993, 23112.79268821078)"
303,iran,201308,"(214724.8097570259, 7459.4226714379465)"
304,spain,201308,"(0, 0)"
305,turkey,201308,"(0, 0)"
306,brazil,201309,"(0, 0)"
307,canada,201309,"(0, 0)"
308,china,201309,"(22700445.416016642, 450583.05372735846)"
309,france,201309,"(0, 0)"
310,germany,201309,"(0, 0)"
311,india,201309,"(8064754.478618085, 110573.45793935386)"
312,italy,201309,"(0, 0)"
313,japan,201309,"(3019154.9197371677, 164145.39273335223)"
314,korea,201309,"(78430.079900451, 66181.28571337397)"
315,mexico,201309,"(0, 0)"
316,russia,201309,"(4475091.318511276, 45868.50289470868)"
317,saudiarab,201309,"(0, 0)"
318,uk,201309,"(0, 0)"
319,usa,201309,"(0, 0)"
320,indonesia,201309,"(127862.7998594027, 10832.770605318885)"
321,iran,201309,"(265747.8199287094, 7971.3716370453485)"
322,spain,201309,"(0, 0)"
323,turkey,201309,"(0, 0)"
324,brazil,201310,"(0, 0)"
325,canada,201310,"(0, 0)"
326,china,201310,"(30582316.572536666, 325707.8973911227)"
327,france,201310,"(0, 0)"
328,germany,201310,"(0, 0)"
329,india,201310,"(11384397.167814117, 173272.6251647096)"
330,italy,201310,"(0, 0)"
331,japan,201310,"(3314212.3799692784, 205161.95716870434)"
332,korea,201310,"(171609.15010342002, 195539.45157383336)"
333,mexico,201310,"(0, 0)"
334,russia,201310,"(69053887.73605111, 48133.23034538717)"
335,saudiarab,201310,"(0, 0)"
336,uk,201310,"(0, 0)"
337,usa,201310,"(0, 0)"
338,indonesia,201310,"(203748.959906267, 18594.272530911217)"
339,iran,201310,"(371758.60965995863, 16529.01881898843)"
340,spain,201310,"(0, 0)"
341,turkey,201310,"(0, 0)"
342,brazil,201311,"(0, 0)"
343,canada,201311,"(0, 0)"
344,china,201311,"(28108281.636556305, 484995.8677124892)"
345,france,201311,"(0, 0)"
346,germany,201311,"(0, 0)"
347,india,201311,"(13519400.406595927, 239526.3592675459)"
348,italy,201311,"(0, 0)"
349,japan,201311,"(3501138.939703582, 60228.151399549286)"
350,korea,201311,"(110452.88996832259, 102286.22949986272)"
351,mexico,201311,"(0, 0)"
352,russia,201311,"(71480880.35699105, 36504.4603476724)"
353,saudiarab,201311,"(0, 0)"
354,uk,201311,"(0, 0)"
355,usa,201311,"(0, 0)"
356,indonesia,201311,"(162956.45985891484, 30256.276104181852)"
357,iran,201311,"(282380.8402357865, 8637.511736477054)"
358,spain,201311,"(0, 0)"
359,turkey,201311,"(0, 0)"
360,brazil,201312,"(0, 0)"
361,canada,201312,"(0, 0)"
362,china,201312,"(28303813.820051268, 360213.62189803424)"
363,france,201312,"(0, 0)"
364,germany,201312,"(0, 0)"
365,india,201312,"(10481920.126482585, 128191.58154210339)"
366,italy,201312,"(0, 0)"
367,japan,201312,"(3894758.379723685, 159533.02567022556)"
368,korea,201312,"(210721.86003179848, 76361.67222273842)"
369,mexico,201312,"(0, 0)"
370,russia,201312,"(62183471.946966015, 33569.65440006382)"
371,saudiarab,201312,"(0, 0)"
372,uk,201312,"(0, 0)"
373,usa,201312,"(0, 0)"
374,indonesia,201312,"(66153.23993915506, 11821.455851589573)"
375,iran,201312,"(219221.86991797015, 5758.052791742916)"
376,spain,201312,"(0, 0)"
377,turkey,201312,"(0, 0)"
378,brazil,201401,"(0, 0)"
379,canada,201401,"(0, 0)"
380,china,201401,"(25389395.311069332, 184219.711929082)"
381,france,201401,"(0, 0)"
382,germany,201401,"(0, 0)"
383,india,201401,"(9787847.755959611, 186263.4303988654)"
384,italy,201401,"(0, 0)"
385,japan,201401,"(4227116.199670218, 110674.50856355381)"
386,korea,201401,"(156235.6002134774, 103456.410306663)"
387,mexico,201401,"(0, 0)"
388,russia,201401,"(91117020.85950619, 41041.42429421062)"
389,saudiarab,201401,"(0, 0)"
390,uk,201401,"(0, 0)"
391,usa,201401,"(0, 0)"
392,indonesia,201401,"(297986.3695316408, 22721.99656418783)"
393,iran,201401,"(216309.68981344067, 7103.655388113996)"
394,spain,201401,"(0, 0)"
395,turkey,201401,"(0, 0)"
396,brazil,201402,"(0, 0)"
397,canada,201402,"(0, 0)"
398,china,201402,"(24026181.17022778, 199811.15628132893)"
399,france,201402,"(0, 0)"
400,germany,201402,"(0, 0)"
401,india,201402,"(11412472.086465124, 179064.2011931661)"
402,italy,201402,"(0, 0)"
403,japan,201402,"(3963310.519550141, 408408.27113813884)"
404,korea,201402,"(106431.56999511644, 116916.98497165415)"
405,mexico,201402,"(0, 0)"
406,russia,201402,"(84473972.32788593, 60704.16606981134)"
407,saudiarab,201402,"(0, 0)"
408,uk,201402,"(0, 0)"
409,usa,201402,"(0, 0)"
410,indonesia,201402,"(346180.87958576716, 48992.26173555623)"
411,iran,201402,"(261031.0500281155, 7492.519042338666)"
412,spain,201402,"(0, 0)"
413,turkey,201402,"(0, 0)"
414,brazil,201403,"(0, 0)"
415,canada,201403,"(0, 0)"
416,china,201403,"(20373889.106712405, 120515.26543577077)"
417,france,201403,"(0, 0)"
418,germany,201403,"(0, 0)"
419,india,201403,"(12352756.196383689, 162623.54935948914)"
420,italy,201403,"(0, 0)"
421,japan,201403,"(3523446.629591394, 257057.8093791395)"
422,korea,201403,"(35828.53983878158, 23162.62781448981)"
423,mexico,201403,"(0, 0)"
424,russia,201403,"(30611823.84469206, 42092.68443440157)"
425,saudiarab,201403,"(0, 0)"
426,uk,201403,"(0, 0)"
427,usa,201403,"(0, 0)"
428,indonesia,201403,"(511321.5599735677, 30102.7545946709)"
429,iran,201403,"(258315.19982308522, 8122.430474174283)"
430,spain,201403,"(0, 0)"
431,turkey,201403,"(0, 0)"
432,brazil,201404,"(0, 0)"
433,canada,201404,"(0, 0)"
434,china,201404,"(20120260.314848684, 269125.05904960923)"
435,france,201404,"(0, 0)"
436,germany,201404,"(0, 0)"
437,india,201404,"(12756881.064127589, 282684.554549604)"
438,italy,201404,"(0, 0)"
439,japan,201404,"(3041881.4493561517, 209663.2770989567)"
440,korea,201404,"(40241.0299134627, 29910.155977490213)"
441,mexico,201404,"(0, 0)"
442,russia,201404,"(877650.0401867758, 22697.75259946215)"
443,saudiarab,201404,"(0, 0)"
444,uk,201404,"(0, 0)"
445,usa,201404,"(0, 0)"
446,indonesia,201404,"(527554.6100884788, 26977.005196303548)"
447,iran,201404,"(292935.63025987335, 17365.92803756485)"
448,spain,201404,"(0, 0)"
449,turkey,201404,"(0, 0)"
450,brazil,201405,"(0, 0)"
451,canada,201405,"(0, 0)"
452,china,201405,"(18667550.249902282, 209356.0676888761)"
453,france,201405,"(0, 0)"
454,germany,201405,"(0, 0)"
455,india,201405,"(10387384.776879735, 197050.06579633526)"
456,italy,201405,"(0, 0)"
457,japan,201405,"(2803426.9101503417, 110861.63997744457)"
458,korea,201405,"(80055.91995539702, 38775.44916726548)"
459,mexico,201405,"(0, 0)"
460,russia,201405,"(0, 0)"
461,saudiarab,201405,"(0, 0)"
462,uk,201405,"(0, 0)"
463,usa,201405,"(0, 0)"
464,indonesia,201405,"(351471.60982388817, 20146.77181713546)"
465,iran,201405,"(215486.33992663212, 8822.96985550378)"
466,spain,201405,"(0, 0)"
467,turkey,201405,"(0, 0)"
468,brazil,201406,"(0, 0)"
469,canada,201406,"(0, 0)"
470,china,201406,"(9189395.408374999, 1033843.9424552664)"
471,france,201406,"(0, 0)"
472,germany,201406,"(0, 0)"
473,india,201406,"(8259344.737304827, 177707.05833881735)"
474,italy,201406,"(0, 0)"
475,japan,201406,"(223296.0999837797, 71264.71496427144)"
476,korea,201406,"(0, 0)"
477,mexico,201406,"(0, 0)"
478,russia,201406,"(0, 0)"
479,saudiarab,201406,"(0, 0)"
480,uk,201406,"(0, 0)"
481,usa,201406,"(0, 0)"
482,indonesia,201406,"(430898.34979874827, 24708.822741275504)"
483,iran,201406,"(125847.94981134124, 91998.38489313066)"
484,spain,201406,"(0, 0)"
485,turkey,201406,"(0, 0)"
486,brazil,201407,"(0, 0)"
487,canada,201407,"(0, 0)"
488,china,201407,"(15324859.938553566, 213191.1891893009)"
489,france,201407,"(0, 0)"
490,germany,201407,"(0, 0)"
491,india,201407,"(7954309.277490787, 110517.69243097636)"
492,italy,201407,"(0, 0)"
493,japan,201407,"(2599955.2698143143, 260140.03914411203)"
494,korea,201407,"(11266.010001646355, 23533.11119677021)"
495,mexico,201407,"(0, 0)"
496,russia,201407,"(0, 0)"
497,saudiarab,201407,"(0, 0)"
498,uk,201407,"(0, 0)"
499,usa,201407,"(0, 0)"
500,indonesia,201407,"(393291.82977868617, 12568.42090346101)"
501,iran,201407,"(243242.92020726204, 7397.363051073268)"
502,spain,201407,"(0, 0)"
503,turkey,201407,"(0, 0)"
504,brazil,201408,"(0, 0)"
505,canada,201408,"(0, 0)"
506,china,201408,"(25623261.218456186, 631109.8567035369)"
507,france,201408,"(0, 0)"
508,germany,201408,"(0, 0)"
509,india,201408,"(8611912.777810272, 120246.38282066867)"
510,italy,201408,"(0, 0)"
511,japan,201408,"(3117787.660071289, 208105.7664511148)"
512,korea,201408,"(197869.71000378393, 348109.22234563855)"
513,mexico,201408,"(0, 0)"
514,russia,201408,"(300080.1802691426, 219647.39658413743)"
515,saudiarab,201408,"(0, 0)"
516,uk,201408,"(0, 0)"
517,usa,201408,"(0, 0)"
518,indonesia,201408,"(390063.7496552747, 9237.622815186662)"
519,iran,201408,"(307727.41010443866, 7142.241020551496)"
520,spain,201408,"(0, 0)"
521,turkey,201408,"(0, 0)"
522,brazil,201409,"(0, 0)"
523,canada,201409,"(0, 0)"
524,china,201409,"(23448326.318721145, 491244.07041604974)"
525,france,201409,"(0, 0)"
526,germany,201409,"(0, 0)"
527,india,201409,"(10915889.037296865, 201364.19640510844)"
528,italy,201409,"(0, 0)"
529,japan,201409,"(2952016.4894836694, 155648.86189706958)"
530,korea,201409,"(59694.71986346319, 40953.58027246266)"
531,mexico,201409,"(0, 0)"
532,russia,201409,"(5039973.018819859, 25164.952780261825)"
533,saudiarab,201409,"(0, 0)"
534,uk,201409,"(0, 0)"
535,usa,201409,"(0, 0)"
536,indonesia,201409,"(362648.2199750934, 4862.943570007896)"
537,iran,201409,"(343565.06025004387, 10419.632496564373)"
538,spain,201409,"(0, 0)"
539,turkey,201409,"(0, 0)"
540,brazil,201410,"(0, 0)"
541,canada,201410,"(0, 0)"
542,china,201410,"(25631401.70409405, 506046.22490225313)"
543,france,201410,"(0, 0)"
544,germany,201410,"(0, 0)"
545,india,201410,"(12064402.166925484, 116230.93250345616)"
546,italy,201410,"(0, 0)"
547,japan,201410,"(2954687.0696317144, 227156.03006408035)"
548,korea,201410,"(81733.63987641409, 38956.11739701855)"
549,mexico,201410,"(0, 0)"
550,russia,201410,"(57933224.19136469, 107673.16665269603)"
551,saudiarab,201410,"(0, 0)"
552,uk,201410,"(0, 0)"
553,usa,201410,"(0, 0)"
554,indonesia,201410,"(204284.97989597544, 2996.2804914845537)"
555,iran,201410,"(258500.59986940958, 10857.459917100601)"
556,spain,201410,"(0, 0)"
557,turkey,201410,"(0, 0)"
558,brazil,201411,"(0, 0)"
559,canada,201411,"(0, 0)"
560,china,201411,"(17541474.01313107, 143251.9449974119)"
561,france,201411,"(0, 0)"
562,germany,201411,"(0, 0)"
563,india,201411,"(9186384.426683383, 76117.64384156006)"
564,italy,201411,"(0, 0)"
565,japan,201411,"(2803705.789693147, 320737.6980681276)"
566,korea,201411,"(13236.87999360077, 15374.694207059438)"
567,mexico,201411,"(0, 0)"
568,russia,201411,"(103791721.91731268, 216044.0018131196)"
569,saudiarab,201411,"(0, 0)"
570,uk,201411,"(0, 0)"
571,usa,201411,"(0, 0)"
572,indonesia,201411,"(120640.74005370401, 10719.537409407123)"
573,iran,201411,"(155998.9399708286, 6461.622127637425)"
574,spain,201411,"(0, 0)"
575,turkey,201411,"(0, 0)"
576,brazil,201412,"(0, 0)"
577,canada,201412,"(0, 0)"
578,china,201412,"(34336548.832436346, 466419.5383546564)"
579,france,201412,"(0, 0)"
580,germany,201412,"(0, 0)"
581,india,201412,"(11501782.895476634, 76002.65149489435)"
582,italy,201412,"(0, 0)"
583,japan,201412,"(4395715.499494575, 485050.8469028257)"
584,korea,201412,"(213242.46006592736, 155453.31252941117)"
585,mexico,201412,"(0, 0)"
586,russia,201412,"(154966172.41757706, 374904.49307438417)"
587,saudiarab,201412,"(0, 0)"
588,uk,201412,"(0, 0)"
589,usa,201412,"(0, 0)"
590,indonesia,201412,"(137849.12979196757, 3462.082437876412)"
591,iran,201412,"(316174.1401460208, 8500.538030778594)"
592,spain,201412,"(0, 0)"
593,turkey,201412,"(0, 0)"
594,brazil,201501,"(0, 0)"
595,canada,201501,"(0, 0)"
596,china,201501,"(24955440.670163583, 381507.58607278136)"
597,france,201501,"(0, 0)"
598,germany,201501,"(0, 0)"
599,india,201501,"(11229880.58632161, 107210.23346416924)"
600,italy,201501,"(0, 0)"
601,japan,201501,"(4042724.359688746, 219455.798753016)"
602,korea,201501,"(129432.87007712759, 141887.4306881988)"
603,mexico,201501,"(0, 0)"
604,russia,201501,"(119348440.60287432, 315956.0498315365)"
605,saudiarab,201501,"(0, 0)"
606,uk,201501,"(0, 0)"
607,usa,201501,"(0, 0)"
608,indonesia,201501,"(403045.279752003, 23247.929268412157)"
609,iran,201501,"(251348.65988857113, 10592.942301008368)"
610,spain,201501,"(0, 0)"
611,turkey,201501,"(0, 0)"
612,brazil,201502,"(0, 0)"
613,canada,201502,"(0, 0)"
614,china,201502,"(33713933.58468361, 1061760.6009373514)"
615,france,201502,"(0, 0)"
616,germany,201502,"(0, 0)"
617,india,201502,"(13868562.593286952, 192401.33312913132)"
618,italy,201502,"(0, 0)"
619,japan,201502,"(4003039.6892421357, 486189.75870700413)"
620,korea,201502,"(202592.9098166041, 168093.68190633075)"
621,mexico,201502,"(0, 0)"
622,russia,201502,"(86668980.24531434, 144771.97579066863)"
623,saudiarab,201502,"(0, 0)"
624,uk,201502,"(0, 0)"
625,usa,201502,"(0, 0)"
626,indonesia,201502,"(563763.5901014525, 31058.3654171379)"
627,iran,201502,"(369445.2199675832, 5199.664469154446)"
628,spain,201502,"(0, 0)"
629,turkey,201502,"(0, 0)"
630,brazil,201503,"(0, 0)"
631,canada,201503,"(0, 0)"
632,china,201503,"(23369003.668751836, 598216.7017180756)"
633,france,201503,"(0, 0)"
634,germany,201503,"(0, 0)"
635,india,201503,"(12901043.686494924, 140730.61474627166)"
636,italy,201503,"(0, 0)"
637,japan,201503,"(3180198.1595271323, 152146.41812898446)"
638,korea,201503,"(62273.43981797248, 45287.16187139512)"
639,mexico,201503,"(0, 0)"
640,russia,201503,"(10276163.907980893, 31035.603569909406)"
641,saudiarab,201503,"(0, 0)"
642,uk,201503,"(0, 0)"
643,usa,201503,"(0, 0)"
644,indonesia,201503,"(547215.7899975087, 19279.79937823058)"
645,iran,201503,"(359530.8200907055, 10545.830891848553)"
646,spain,201503,"(0, 0)"
647,turkey,201503,"(0, 0)"
648,brazil,201504,"(0, 0)"
649,canada,201504,"(0, 0)"
650,china,201504,"(21644933.43631697, 142517.2656613644)"
651,france,201504,"(0, 0)"
652,germany,201504,"(0, 0)"
653,india,201504,"(12791684.864631223, 164107.8395904508)"
654,italy,201504,"(0, 0)"
655,japan,201504,"(2896237.249368921, 218210.1321578739)"
656,korea,201504,"(34193.789924714714, 11026.303010169906)"
657,mexico,201504,"(0, 0)"
658,russia,201504,"(110723.9400112722, 11734.55812511433)"
659,saudiarab,201504,"(0, 0)"
660,uk,201504,"(0, 0)"
661,usa,201504,"(0, 0)"
662,indonesia,201504,"(392693.47968415543, 23519.273760214543)"
663,iran,201504,"(329752.68032484874, 4981.397311274877)"
664,spain,201504,"(0, 0)"
665,turkey,201504,"(0, 0)"
666,brazil,201505,"(0, 0)"
667,canada,201505,"(0, 0)"
668,china,201505,"(14902832.279521884, 215552.65671181664)"
669,france,201505,"(0, 0)"
670,germany,201505,"(0, 0)"
671,india,201505,"(10734378.166606896, 82171.81161374091)"
672,italy,201505,"(0, 0)"
673,japan,201505,"(2484662.4696239103, 233284.25571666055)"
674,korea,201505,"(0, 0)"
675,mexico,201505,"(0, 0)"
676,russia,201505,"(0, 0)"
677,saudiarab,201505,"(0, 0)"
678,uk,201505,"(0, 0)"
679,usa,201505,"(0, 0)"
680,indonesia,201505,"(383462.45984777436, 17801.162198410406)"
681,iran,201505,"(218929.2195864804, 3749.2567755648006)"
682,spain,201505,"(0, 0)"
683,turkey,201505,"(0, 0)"
684,brazil,201506,"(0, 0)"
685,canada,201506,"(0, 0)"
686,china,201506,"(10135607.14924096, 342246.6440896718)"
687,france,201506,"(0, 0)"
688,germany,201506,"(0, 0)"
689,india,201506,"(8471000.827128367, 82007.407086283)"
690,italy,201506,"(0, 0)"
691,japan,201506,"(103604.97995419614, 84602.89835411053)"
692,korea,201506,"(0, 0)"
693,mexico,201506,"(0, 0)"
694,russia,201506,"(0, 0)"
695,saudiarab,201506,"(0, 0)"
696,uk,201506,"(0, 0)"
697,usa,201506,"(0, 0)"
698,indonesia,201506,"(699967.7297943067, 25341.47421693164)"
699,iran,201506,"(151178.5498199407, 118254.88614763426)"
700,spain,201506,"(0, 0)"
701,turkey,201506,"(0, 0)"
702,brazil,201507,"(0, 0)"
703,canada,201507,"(0, 0)"
704,china,201507,"(13757211.107402602, 397381.1963022685)"
705,france,201507,"(0, 0)"
706,germany,201507,"(0, 0)"
707,india,201507,"(7879161.027603893, 97691.69431410839)"
708,italy,201507,"(0, 0)"
709,japan,201507,"(2782035.9798872545, 112278.75903145998)"
710,korea,201507,"(0, 0)"
711,mexico,201507,"(0, 0)"
712,russia,201507,"(0, 0)"
713,saudiarab,201507,"(0, 0)"
714,uk,201507,"(0, 0)"
715,usa,201507,"(0, 0)"
716,indonesia,201507,"(467699.0097885821, 24510.69143681584)"
717,iran,201507,"(221319.50972777233, 10592.266016951)"
718,spain,201507,"(0, 0)"
719,turkey,201507,"(0, 0)"
720,brazil,201508,"(0, 0)"
721,canada,201508,"(0, 0)"
722,china,201508,"(17988316.36347527, 819454.0445737299)"
723,france,201508,"(0, 0)"
724,germany,201508,"(0, 0)"
725,india,201508,"(8548229.977073513, 169629.6391081622)"
726,italy,201508,"(0, 0)"
727,japan,201508,"(2652193.4296577293, 373373.0697018467)"
728,korea,201508,"(59315.90987748839, 67501.84756308746)"
729,mexico,201508,"(0, 0)"
730,russia,201508,"(61310.219960780814, 40585.73008138627)"
731,saudiarab,201508,"(0, 0)"
732,uk,201508,"(0, 0)"
733,usa,201508,"(0, 0)"
734,indonesia,201508,"(635540.9200200513, 31792.184520572046)"
735,iran,201508,"(175284.39992942102, 3777.512939143833)"
736,spain,201508,"(0, 0)"
737,turkey,201508,"(0, 0)"
738,brazil,201509,"(0, 0)"
739,canada,201509,"(0, 0)"
740,china,201509,"(19799920.54267728, 210922.3865836803)"
741,france,201509,"(0, 0)"
742,germany,201509,"(0, 0)"
743,india,201509,"(9901881.177266033, 100925.17621153024)"
744,italy,201509,"(0, 0)"
745,japan,201509,"(2973068.3192930296, 223763.29613477035)"
746,korea,201509,"(101705.88983260654, 98033.52202593394)"
747,mexico,201509,"(0, 0)"
748,russia,201509,"(2178979.5781606343, 10090.723013767121)"
749,saudiarab,201509,"(0, 0)"
750,uk,201509,"(0, 0)"
751,usa,201509,"(0, 0)"
752,indonesia,201509,"(435475.54976889864, 39401.06292733744)"
753,iran,201509,"(246102.39985639974, 4926.567759536591)"
754,spain,201509,"(0, 0)"
755,turkey,201509,"(0, 0)"
756,brazil,201510,"(0, 0)"
757,canada,201510,"(0, 0)"
758,china,201510,"(21282039.904789, 370104.0498836907)"
759,france,201510,"(0, 0)"
760,germany,201510,"(0, 0)"
761,india,201510,"(11519970.51634585, 184495.70747437034)"
762,italy,201510,"(0, 0)"
763,japan,201510,"(3093001.659895025, 187310.48296302924)"
764,korea,201510,"(41813.93986101821, 33282.09931092143)"
765,mexico,201510,"(0, 0)"
766,russia,201510,"(18588412.049034182, 38869.02197501625)"
767,saudiarab,201510,"(0, 0)"
768,uk,201510,"(0, 0)"
769,usa,201510,"(0, 0)"
770,indonesia,201510,"(443205.359832108, 56471.84194543971)"
771,iran,201510,"(248834.12980965525, 5121.2982237696515)"
772,spain,201510,"(0, 0)"
773,turkey,201510,"(0, 0)"
774,brazil,201511,"(0, 0)"
775,canada,201511,"(0, 0)"
776,china,201511,"(24958160.245024957, 273433.21694109123)"
777,france,201511,"(0, 0)"
778,germany,201511,"(0, 0)"
779,india,201511,"(13824284.666004073, 227268.08875834127)"
780,italy,201511,"(0, 0)"
781,japan,201511,"(3009562.459467411, 117292.67492656797)"
782,korea,201511,"(123182.50002798997, 193915.4775862627)"
783,mexico,201511,"(0, 0)"
784,russia,201511,"(123428508.77638787, 338236.1990834954)"
785,saudiarab,201511,"(0, 0)"
786,uk,201511,"(0, 0)"
787,usa,201511,"(0, 0)"
788,indonesia,201511,"(283163.0698349979, 8102.205107783677)"
789,iran,201511,"(268833.6598026566, 10474.362892510955)"
790,spain,201511,"(0, 0)"
791,turkey,201511,"(0, 0)"
792,brazil,201512,"(0, 0)"
793,canada,201512,"(0, 0)"
794,china,201512,"(30086867.984082893, 215248.34056274584)"
795,france,201512,"(0, 0)"
796,germany,201512,"(0, 0)"
797,india,201512,"(12574760.72695644, 533226.9565427615)"
798,italy,201512,"(0, 0)"
799,japan,201512,"(3556739.920124134, 196367.20687179986)"
800,korea,201512,"(194346.98987345397, 161230.7080374244)"
801,mexico,201512,"(0, 0)"
802,russia,201512,"(109856005.50402822, 311649.7776195763)"
803,saudiarab,201512,"(0, 0)"
804,uk,201512,"(0, 0)"
805,usa,201512,"(0, 0)"
806,indonesia,201512,"(340602.2097830344, 14471.424481212713)"
807,iran,201512,"(295806.58999171853, 5322.100731879576)"
808,spain,201512,"(0, 0)"
809,turkey,201512,"(0, 0)"
810,brazil,201601,"(0, 0)"
811,canada,201601,"(0, 0)"
812,china,201601,"(20730036.235225495, 521248.08025864797)"
813,france,201601,"(0, 0)"
814,germany,201601,"(0, 0)"
815,india,201601,"(10049872.266430734, 164611.50721682384)"
816,italy,201601,"(0, 0)"
817,japan,201601,"(3996621.609509265, 144318.75349185144)"
818,korea,201601,"(117134.86997860298, 153579.5405996996)"
819,mexico,201601,"(0, 0)"
820,russia,201601,"(80379249.329422, 173056.1973528554)"
821,saudiarab,201601,"(0, 0)"
822,uk,201601,"(0, 0)"
823,usa,201601,"(0, 0)"
824,indonesia,201601,"(235686.53999256156, 15318.372921878748)"
825,iran,201601,"(172596.990061922, 3815.9043314082983)"
826,spain,201601,"(0, 0)"
827,turkey,201601,"(0, 0)"
828,brazil,201602,"(0, 0)"
829,canada,201602,"(0, 0)"
830,china,201602,"(23098042.63436069, 435795.1733385285)"
831,france,201602,"(0, 0)"
832,germany,201602,"(0, 0)"
833,india,201602,"(10343046.926182797, 159653.64185189854)"
834,italy,201602,"(0, 0)"
835,japan,201602,"(3800819.6693522763, 86745.271569678)"
836,korea,201602,"(44275.279829684645, 16854.034013702418)"
837,mexico,201602,"(0, 0)"
838,russia,201602,"(79281570.36406179, 107736.57920920287)"
839,saudiarab,201602,"(0, 0)"
840,uk,201602,"(0, 0)"
841,usa,201602,"(0, 0)"
842,indonesia,201602,"(207093.71994080022, 4622.398327644303)"
843,iran,201602,"(183269.449576037, 3313.362694925984)"
844,spain,201602,"(0, 0)"
845,turkey,201602,"(0, 0)"
846,brazil,201603,"(0, 0)"
847,canada,201603,"(0, 0)"
848,china,201603,"(19284122.813509174, 466263.0582067942)"
849,france,201603,"(0, 0)"
850,germany,201603,"(0, 0)"
851,india,201603,"(11600842.95635973, 298598.66327044734)"
852,italy,201603,"(0, 0)"
853,japan,201603,"(3274957.6294699013, 179099.2453616265)"
854,korea,201603,"(51999.439852345735, 93947.94410797302)"
855,mexico,201603,"(0, 0)"
856,russia,201603,"(23932129.60017018, 60089.70957013933)"
857,saudiarab,201603,"(0, 0)"
858,uk,201603,"(0, 0)"
859,usa,201603,"(0, 0)"
860,indonesia,201603,"(353790.5697761085, 17903.661197272286)"
861,iran,201603,"(189914.1192919705, 2820.9723590351327)"
862,spain,201603,"(0, 0)"
863,turkey,201603,"(0, 0)"
864,brazil,201604,"(0, 0)"
865,canada,201604,"(0, 0)"
866,china,201604,"(17420785.74316538, 467638.24003519735)"
867,france,201604,"(0, 0)"
868,germany,201604,"(0, 0)"
869,india,201604,"(11675133.765189713, 134455.00757286904)"
870,italy,201604,"(0, 0)"
871,japan,201604,"(2758247.139934983, 42298.32901956723)"
872,korea,201604,"(20588.85998277366, 20359.412926611585)"
873,mexico,201604,"(0, 0)"
874,russia,201604,"(466767.03989361227, 9065.086364905692)"
875,saudiarab,201604,"(0, 0)"
876,uk,201604,"(0, 0)"
877,usa,201604,"(0, 0)"
878,indonesia,201604,"(732311.5001872033, 43953.75925829008)"
879,iran,201604,"(191844.41975184157, 6544.187724192439)"
880,spain,201604,"(0, 0)"
881,turkey,201604,"(0, 0)"
882,brazil,201605,"(0, 0)"
883,canada,201605,"(0, 0)"
884,china,201605,"(18931156.72868173, 608374.1937373576)"
885,france,201605,"(0, 0)"
886,germany,201605,"(0, 0)"
887,india,201605,"(11746826.175554544, 531622.2130263858)"
888,italy,201605,"(0, 0)"
889,japan,201605,"(2603835.259750547, 108518.25403684472)"
890,korea,201605,"(32120.150002706796, 34061.091657482226)"
891,mexico,201605,"(0, 0)"
892,russia,201605,"(0, 0)"
893,saudiarab,201605,"(0, 0)"
894,uk,201605,"(0, 0)"
895,usa,201605,"(0, 0)"
896,indonesia,201605,"(449124.1199942287, 17586.65622890283)"
897,iran,201605,"(256711.79985853657, 8281.831261544437)"
898,spain,201605,"(0, 0)"
899,turkey,201605,"(0, 0)"
900,brazil,201606,"(0, 0)"
901,canada,201606,"(0, 0)"
902,china,201606,"(11016210.348111074, 445199.3335526314)"
903,france,201606,"(0, 0)"
904,germany,201606,"(0, 0)"
905,india,201606,"(9750176.466816967, 228558.87110721346)"
906,italy,201606,"(0, 0)"
907,japan,201606,"(455503.099893352, 20983.40585297486)"
908,korea,201606,"(0, 0)"
909,mexico,201606,"(0, 0)"
910,russia,201606,"(0, 0)"
911,saudiarab,201606,"(0, 0)"
912,uk,201606,"(0, 0)"
913,usa,201606,"(0, 0)"
914,indonesia,201606,"(444052.0697875712, 24677.39320698363)"
915,iran,201606,"(148902.68975457177, 97433.2111908469)"
916,spain,201606,"(0, 0)"
917,turkey,201606,"(0, 0)"
918,brazil,201607,"(0, 0)"
919,canada,201607,"(0, 0)"
920,china,201607,"(14173436.164425228, 121667.85920398355)"
921,france,201607,"(0, 0)"
922,germany,201607,"(0, 0)"
923,india,201607,"(6681863.107463136, 187375.30378126452)"
924,italy,201607,"(0, 0)"
925,japan,201607,"(2408588.710187748, 87386.81320209007)"
926,korea,201607,"(10623.299990020692, 113435.23534801695)"
927,mexico,201607,"(0, 0)"
928,russia,201607,"(0, 0)"
929,saudiarab,201607,"(0, 0)"
930,uk,201607,"(0, 0)"
931,usa,201607,"(0, 0)"
932,indonesia,201607,"(417601.8398403749, 23911.109180550287)"
933,iran,201607,"(176870.38976575248, 9195.502756822389)"
934,spain,201607,"(0, 0)"
935,turkey,201607,"(0, 0)"
936,brazil,201608,"(0, 0)"
937,canada,201608,"(0, 0)"
938,china,201608,"(18556991.674199086, 209387.95940870472)"
939,france,201608,"(0, 0)"
940,germany,201608,"(0, 0)"
941,india,201608,"(8216596.507729316, 271684.33364148263)"
942,italy,201608,"(0, 0)"
943,japan,201608,"(2722782.869695535, 90455.5187594693)"
944,korea,201608,"(54832.40992238559, 52229.23884173073)"
945,mexico,201608,"(0, 0)"
946,russia,201608,"(153298.38987953588, 41877.54213376508)"
947,saudiarab,201608,"(0, 0)"
948,uk,201608,"(0, 0)"
949,usa,201608,"(0, 0)"
950,indonesia,201608,"(421212.209882861, 19734.48381769855)"
951,iran,201608,"(181437.05967897922, 9479.313245351274)"
952,spain,201608,"(0, 0)"
953,turkey,201608,"(0, 0)"
954,brazil,201609,"(0, 0)"
955,canada,201609,"(0, 0)"
956,china,201609,"(21903428.76669847, 172920.72682400537)"
957,france,201609,"(0, 0)"
958,germany,201609,"(0, 0)"
959,india,201609,"(10222274.176147958, 302914.96184773324)"
960,italy,201609,"(0, 0)"
961,japan,201609,"(2723994.619796183, 111607.17685092807)"
962,korea,201609,"(40463.54985344969, 86442.9861156521)"
963,mexico,201609,"(0, 0)"
964,russia,201609,"(6040260.269965315, 23717.7523470169)"
965,saudiarab,201609,"(0, 0)"
966,uk,201609,"(0, 0)"
967,usa,201609,"(0, 0)"
968,indonesia,201609,"(245331.20996465907, 17359.315607995897)"
969,iran,201609,"(264105.26996010356, 14878.637407327791)"
970,spain,201609,"(0, 0)"
971,turkey,201609,"(0, 0)"
972,brazil,201610,"(0, 0)"
973,canada,201610,"(0, 0)"
974,china,201610,"(26911574.14038479, 361993.5193747704)"
975,france,201610,"(0, 0)"
976,germany,201610,"(0, 0)"
977,india,201610,"(13564059.115618518, 570127.589951026)"
978,italy,201610,"(0, 0)"
979,japan,201610,"(3065451.4298265222, 312704.9202234259)"
980,korea,201610,"(140912.8101218231, 164215.81228485046)"
981,mexico,201610,"(0, 0)"
982,russia,201610,"(99270294.61163664, 167284.01492172113)"
983,saudiarab,201610,"(0, 0)"
984,uk,201610,"(0, 0)"
985,usa,201610,"(0, 0)"
986,indonesia,201610,"(255016.5898582358, 16393.756187154264)"
987,iran,201610,"(341847.4500138778, 7897.697757130413)"
988,spain,201610,"(0, 0)"
989,turkey,201610,"(0, 0)"
990,brazil,201611,"(0, 0)"
991,canada,201611,"(0, 0)"
992,china,201611,"(23800679.22630796, 355221.40315443295)"
993,france,201611,"(0, 0)"
994,germany,201611,"(0, 0)"
995,india,201611,"(11699395.987092402, 95773.32821091473)"
996,italy,201611,"(0, 0)"
997,japan,201611,"(3043826.7594929375, 155540.3948563519)"
998,korea,201611,"(37257.129886716604, 50412.35209683844)"
999,mexico,201611,"(0, 0)"
1000,russia,201611,"(101075167.77641937, 135202.65514448384)"
1001,saudiarab,201611,"(0, 0)"
1002,uk,201611,"(0, 0)"
1003,usa,201611,"(0, 0)"
1004,indonesia,201611,"(54131.68993955292, 29112.997131284596)"
1005,iran,201611,"(192594.67982727848, 6048.586654595303)"
1006,spain,201611,"(0, 0)"
1007,turkey,201611,"(0, 0)"
1008,brazil,201612,"(0, 0)"
1009,canada,201612,"(0, 0)"
1010,china,201612,"(27796779.76870937, 421661.26699852414)"
1011,france,201612,"(0, 0)"
1012,germany,201612,"(0, 0)"
1013,india,201612,"(10820791.066300932, 19907.192659667475)"
1014,italy,201612,"(0, 0)"
1015,japan,201612,"(3791270.7597739864, 213359.95079455816)"
1016,korea,201612,"(139860.67007795908, 132819.15437543744)"
1017,mexico,201612,"(0, 0)"
1018,russia,201612,"(89816630.88271919, 194231.0472881074)"
1019,saudiarab,201612,"(0, 0)"
1020,uk,201612,"(0, 0)"
1021,usa,201612,"(0, 0)"
1022,indonesia,201612,"(294188.2298302334, 34132.965271234694)"
1023,iran,201612,"(243415.59001906216, 7620.231144448156)"
1024,spain,201612,"(0, 0)"
1025,turkey,201612,"(0, 0)"
1026,brazil,201701,"(0, 0)"
1027,canada,201701,"(0, 0)"
1028,china,201701,"(33799456.42328331, 346771.18862393056)"
1029,france,201701,"(0, 0)"
1030,germany,201701,"(0, 0)"
1031,india,201701,"(12800751.556470452, 52531.91247690331)"
1032,italy,201701,"(0, 0)"
1033,japan,201701,"(4420509.790183958, 223758.54288371763)"
1034,korea,201701,"(220439.34983023256, 178161.3801541912)"
1035,mexico,201701,"(0, 0)"
1036,russia,201701,"(114815103.60207012, 180053.2642795709)"
1037,saudiarab,201701,"(0, 0)"
1038,uk,201701,"(0, 0)"
1039,usa,201701,"(0, 0)"
1040,indonesia,201701,"(236193.53017544, 12497.221528674982)"
1041,iran,201701,"(321649.6399992779, 20931.214541649486)"
1042,spain,201701,"(0, 0)"
1043,turkey,201701,"(0, 0)"
1044,brazil,201702,"(0, 0)"
1045,canada,201702,"(0, 0)"
1046,china,201702,"(32589683.31773947, 457564.2120648644)"
1047,france,201702,"(0, 0)"
1048,germany,201702,"(0, 0)"
1049,india,201702,"(15051068.214864137, 176235.7883772536)"
1050,italy,201702,"(0, 0)"
1051,japan,201702,"(4366128.529650923, 213474.4460297801)"
1052,korea,201702,"(176128.49011260457, 149724.66314592335)"
1053,mexico,201702,"(0, 0)"
1054,russia,201702,"(154312737.7928021, 193655.13246455137)"
1055,saudiarab,201702,"(0, 0)"
1056,uk,201702,"(0, 0)"
1057,usa,201702,"(0, 0)"
1058,indonesia,201702,"(593609.3603720777, 10129.934829517444)"
1059,iran,201702,"(390298.3702413719, 9095.037236336662)"
1060,spain,201702,"(0, 0)"
1061,turkey,201702,"(0, 0)"
1062,brazil,201703,"(0, 0)"
1063,canada,201703,"(0, 0)"
1064,china,201703,"(31005264.87371686, 652818.7926246261)"
1065,france,201703,"(0, 0)"
1066,germany,201703,"(0, 0)"
1067,india,201703,"(14562842.074447472, 402286.67217800545)"
1068,italy,201703,"(0, 0)"
1069,japan,201703,"(3703791.6398105323, 165495.61187328966)"
1070,korea,201703,"(175143.939958103, 212030.51543487463)"
1071,mexico,201703,"(0, 0)"
1072,russia,201703,"(41316599.44606199, 93275.45525328215)"
1073,saudiarab,201703,"(0, 0)"
1074,uk,201703,"(0, 0)"
1075,usa,201703,"(0, 0)"
1076,indonesia,201703,"(1081975.2483760323, 79844.0272999771)"
1077,iran,201703,"(414296.830154242, 13268.14648285042)"
1078,spain,201703,"(0, 0)"
1079,turkey,201703,"(0, 0)"
1080,brazil,201704,"(0, 0)"
1081,canada,201704,"(0, 0)"
1082,china,201704,"(32276134.29699224, 720944.9837667525)"
1083,france,201704,"(0, 0)"
1084,germany,201704,"(0, 0)"
1085,india,201704,"(15960883.6694633, 484352.7351391423)"
1086,italy,201704,"(0, 0)"
1087,japan,201704,"(3332265.2600130904, 151614.2762998475)"
1088,korea,201704,"(147232.23023455404, 206630.22122696106)"
1089,mexico,201704,"(0, 0)"
1090,russia,201704,"(1653833.6311558243, 19020.963955111878)"
1091,saudiarab,201704,"(0, 0)"
1092,uk,201704,"(0, 0)"
1093,usa,201704,"(0, 0)"
1094,indonesia,201704,"(969564.8889542781, 63659.524305528656)"
1095,iran,201704,"(428635.0104375817, 16370.330775207542)"
1096,spain,201704,"(0, 0)"
1097,turkey,201704,"(0, 0)"
1098,brazil,201705,"(0, 0)"
1099,canada,201705,"(0, 0)"
1100,china,201705,"(27198403.66541031, 463091.6981782277)"
1101,france,201705,"(0, 0)"
1102,germany,201705,"(0, 0)"
1103,india,201705,"(14548755.43831328, 352225.4372167162)"
1104,italy,201705,"(0, 0)"
1105,japan,201705,"(3552621.0191389546, 123715.5982874412)"
1106,korea,201705,"(109034.63999077491, 10814.203695541539)"
1107,mexico,201705,"(0, 0)"
1108,russia,201705,"(0, 0)"
1109,saudiarab,201705,"(0, 0)"
1110,uk,201705,"(0, 0)"
1111,usa,201705,"(0, 0)"
1112,indonesia,201705,"(1018858.8595552463, 52710.84851166494)"
1113,iran,201705,"(437430.1105850078, 27534.142397493237)"
1114,spain,201705,"(0, 0)"
1115,turkey,201705,"(0, 0)"
1116,brazil,201706,"(0, 0)"
1117,canada,201706,"(0, 0)"
1118,china,201706,"(14877016.219527273, 1045060.4274150839)"
1119,france,201706,"(0, 0)"
1120,germany,201706,"(0, 0)"
1121,india,201706,"(12635276.791300341, 40115.83137330688)"
1122,italy,201706,"(0, 0)"
1123,japan,201706,"(294357.50990681164, 50091.90338500464)"
1124,korea,201706,"(0, 0)"
1125,mexico,201706,"(0, 0)"
1126,russia,201706,"(0, 0)"
1127,saudiarab,201706,"(0, 0)"
1128,uk,201706,"(0, 0)"
1129,usa,201706,"(0, 0)"
1130,indonesia,201706,"(708017.9300032351, 45362.22523956621)"
1131,iran,201706,"(341823.58966139145, 228802.438591499)"
1132,spain,201706,"(0, 0)"
1133,turkey,201706,"(0, 0)"
1134,brazil,201707,"(0, 0)"
1135,canada,201707,"(0, 0)"
1136,china,201707,"(22948664.61039002, 1247565.1940838087)"
1137,france,201707,"(0, 0)"
1138,germany,201707,"(0, 0)"
1139,india,201707,"(9618003.15607428, 351180.6884094346)"
1140,italy,201707,"(0, 0)"
1141,japan,201707,"(2699750.8597890306, 245825.63784097033)"
1142,korea,201707,"(570.4699994772673, 12881.580809484252)"
1143,mexico,201707,"(0, 0)"
1144,russia,201707,"(0, 0)"
1145,saudiarab,201707,"(0, 0)"
1146,uk,201707,"(0, 0)"
1147,usa,201707,"(0, 0)"
1148,indonesia,201707,"(565652.519959867, 33828.96401284709)"
1149,iran,201707,"(430764.90040959045, 19012.98853818157)"
1150,spain,201707,"(0, 0)"
1151,turkey,201707,"(0, 0)"
1152,brazil,201708,"(0, 0)"
1153,canada,201708,"(0, 0)"
1154,china,201708,"(34040502.821216494, 1106682.6315209775)"
1155,france,201708,"(0, 0)"
1156,germany,201708,"(0, 0)"
1157,india,201708,"(12196417.01173845, 45724.17803587191)"
1158,italy,201708,"(0, 0)"
1159,japan,201708,"(3382464.2297982555, 204708.3513237088)"
1160,korea,201708,"(259530.1707860008, 145725.50092917267)"
1161,mexico,201708,"(0, 0)"
1162,russia,201708,"(563312.1099981591, 42097.558176928316)"
1163,saudiarab,201708,"(0, 0)"
1164,uk,201708,"(0, 0)"
1165,usa,201708,"(0, 0)"
1166,indonesia,201708,"(623259.1098203715, 8062.678681979511)"
1167,iran,201708,"(466390.6613749061, 32817.2658267258)"
1168,spain,201708,"(0, 0)"
1169,turkey,201708,"(0, 0)"
1170,brazil,201709,"(0, 0)"
1171,canada,201709,"(0, 0)"
1172,china,201709,"(34364697.12268478, 1223074.2364886007)"
1173,france,201709,"(0, 0)"
1174,germany,201709,"(0, 0)"
1175,india,201709,"(14295618.119015258, 162652.63867637474)"
1176,italy,201709,"(0, 0)"
1177,japan,201709,"(3300500.370082032, 123190.93935134298)"
1178,korea,201709,"(300673.84997300245, 171611.27939489085)"
1179,mexico,201709,"(0, 0)"
1180,russia,201709,"(9983496.892626133, 57663.63035365533)"
1181,saudiarab,201709,"(0, 0)"
1182,uk,201709,"(0, 0)"
1183,usa,201709,"(0, 0)"
1184,indonesia,201709,"(663153.0698813498, 23009.662678900284)"
1185,iran,201709,"(545879.7201084048, 18346.744895450352)"
1186,spain,201709,"(0, 0)"
1187,turkey,201709,"(0, 0)"
1188,brazil,201710,"(0, 0)"
1189,canada,201710,"(0, 0)"
1190,china,201710,"(41274308.1229973, 1262297.064625949)"
1191,france,201710,"(0, 0)"
1192,germany,201710,"(0, 0)"
1193,india,201710,"(17231319.40028585, 822603.2659736158)"
1194,italy,201710,"(0, 0)"
1195,japan,201710,"(3726088.8888605554, 58120.38974239856)"
1196,korea,201710,"(301088.4206222147, 301471.2500187756)"
1197,mexico,201710,"(0, 0)"
1198,russia,201710,"(62042991.45177785, 149432.4304566268)"
1199,saudiarab,201710,"(0, 0)"
1200,uk,201710,"(0, 0)"
1201,usa,201710,"(0, 0)"
1202,indonesia,201710,"(694608.2101178076, 71889.07764399615)"
1203,iran,201710,"(602724.9580315053, 23042.041299267472)"
1204,spain,201710,"(0, 0)"
1205,turkey,201710,"(0, 0)"
1206,brazil,201711,"(0, 0)"
1207,canada,201711,"(0, 0)"
1208,china,201711,"(37349867.44392204, 758441.3937879641)"
1209,france,201711,"(0, 0)"
1210,germany,201711,"(0, 0)"
1211,india,201711,"(15415508.183439016, 339617.4931551069)"
1212,italy,201711,"(0, 0)"
1213,japan,201711,"(3946894.309977699, 156068.35319984786)"
1214,korea,201711,"(203638.7596508637, 321696.1262395879)"
1215,mexico,201711,"(0, 0)"
1216,russia,201711,"(110827055.10916354, 237554.42250723092)"
1217,saudiarab,201711,"(0, 0)"
1218,uk,201711,"(0, 0)"
1219,usa,201711,"(0, 0)"
1220,indonesia,201711,"(772628.4489505999, 11621.164174701966)"
1221,iran,201711,"(504639.37052313983, 11894.25808885725)"
1222,spain,201711,"(0, 0)"
1223,turkey,201711,"(0, 0)"
1224,brazil,201712,"(0, 0)"
1225,canada,201712,"(0, 0)"
1226,china,201712,"(31464313.04596452, 995621.1048080527)"
1227,france,201712,"(0, 0)"
1228,germany,201712,"(0, 0)"
1229,india,201712,"(13570583.915616116, 648679.6456384182)"
1230,italy,201712,"(0, 0)"
1231,japan,201712,"(4454102.789700054, 264388.2623124405)"
1232,korea,201712,"(173883.63018260524, 183341.73559094607)"
1233,mexico,201712,"(0, 0)"
1234,russia,201712,"(89004329.40671761, 166377.25080954758)"
1235,saudiarab,201712,"(0, 0)"
1236,uk,201712,"(0, 0)"
1237,usa,201712,"(0, 0)"
1238,indonesia,201712,"(638305.0700055286, 42138.528898559096)"
1239,iran,201712,"(402668.86033272557, 10748.70961366998)"
1240,spain,201712,"(0, 0)"
1241,turkey,201712,"(0, 0)"
1242,brazil,201801,"(0, 0)"
1243,canada,201801,"(0, 0)"
1244,china,201801,"(34043218.49915246, 841437.3623259107)"
1245,france,201801,"(0, 0)"
1246,germany,201801,"(0, 0)"
1247,india,201801,"(13389804.385307422, 441780.45920908655)"
1248,italy,201801,"(0, 0)"
1249,japan,201801,"(4808604.559634957, 167166.2889470153)"
1250,korea,201801,"(230821.55983560532, 6075.85018513432)"
1251,mexico,201801,"(0, 0)"
1252,russia,201801,"(72741543.85670573, 92861.52327884568)"
1253,saudiarab,201801,"(0, 0)"
1254,uk,201801,"(0, 0)"
1255,usa,201801,"(0, 0)"
1256,indonesia,201801,"(361699.5500097424, 69704.41832734807)"
1257,iran,201801,"(327582.68990583904, 23685.84031166388)"
1258,spain,201801,"(0, 0)"
1259,turkey,201801,"(0, 0)"
1260,brazil,201802,"(0, 0)"
1261,canada,201802,"(0, 0)"
1262,china,201802,"(36855439.68414233, 692575.1044351752)"
1263,france,201802,"(0, 0)"
1264,germany,201802,"(0, 0)"
1265,india,201802,"(15646333.503073622, 899124.296963459)"
1266,italy,201802,"(0, 0)"
1267,japan,201802,"(4933163.269832706, 297964.8665064254)"
1268,korea,201802,"(200279.999628637, 95277.81223612653)"
1269,mexico,201802,"(0, 0)"
1270,russia,201802,"(80646721.13580905, 91688.1571759517)"
1271,saudiarab,201802,"(0, 0)"
1272,uk,201802,"(0, 0)"
1273,usa,201802,"(0, 0)"
1274,indonesia,201802,"(586745.3899662327, 42417.76240753277)"
1275,iran,201802,"(392632.41000432894, 41663.87286804132)"
1276,spain,201802,"(0, 0)"
1277,turkey,201802,"(0, 0)"
1278,brazil,201803,"(0, 0)"
1279,canada,201803,"(0, 0)"
1280,china,201803,"(33435085.922002874, 1205971.650753738)"
1281,france,201803,"(0, 0)"
1282,germany,201803,"(0, 0)"
1283,india,201803,"(15543056.653122975, 423035.333454483)"
1284,italy,201803,"(0, 0)"
1285,japan,201803,"(3906467.0399034675, 186556.67467860598)"
1286,korea,201803,"(175308.12993862294, 284137.1877959603)"
1287,mexico,201803,"(0, 0)"
1288,russia,201803,"(23567477.097368002, 54336.307248242294)"
1289,saudiarab,201803,"(0, 0)"
1290,uk,201803,"(0, 0)"
1291,usa,201803,"(0, 0)"
1292,indonesia,201803,"(959550.1602330506, 42592.88688763876)"
1293,iran,201803,"(399085.24965731427, 32008.110411734076)"
1294,spain,201803,"(0, 0)"
1295,turkey,201803,"(0, 0)"
1296,brazil,201804,"(0, 0)"
1297,canada,201804,"(0, 0)"
1298,china,201804,"(33847651.882354, 1398672.506491868)"
1299,france,201804,"(0, 0)"
1300,germany,201804,"(0, 0)"
1301,india,201804,"(17218825.015845586, 667113.1356800857)"
1302,italy,201804,"(0, 0)"
1303,japan,201804,"(3421535.9995930213, 189128.02026857858)"
1304,korea,201804,"(114081.50997223146, 178385.08227739707)"
1305,mexico,201804,"(0, 0)"
1306,russia,201804,"(386574.0498923883, 14665.794712806073)"
1307,saudiarab,201804,"(0, 0)"
1308,uk,201804,"(0, 0)"
1309,usa,201804,"(0, 0)"
1310,indonesia,201804,"(1063948.24821743, 115694.45825159075)"
1311,iran,201804,"(426818.04065568, 32213.068591048566)"
1312,spain,201804,"(0, 0)"
1313,turkey,201804,"(0, 0)"
1314,brazil,201805,"(0, 0)"
1315,canada,201805,"(0, 0)"
1316,china,201805,"(24966131.566915825, 511507.89236924745)"
1317,france,201805,"(0, 0)"
1318,germany,201805,"(0, 0)"
1319,india,201805,"(13899013.411258996, 878713.3414570628)"
1320,italy,201805,"(0, 0)"
1321,japan,201805,"(3142614.6896451786, 212386.66466057036)"
1322,korea,201805,"(25636.59998666495, 69139.80123974156)"
1323,mexico,201805,"(0, 0)"
1324,russia,201805,"(0, 0)"
1325,saudiarab,201805,"(0, 0)"
1326,uk,201805,"(0, 0)"
1327,usa,201805,"(0, 0)"
1328,indonesia,201805,"(838029.8698762618, 12892.232266173856)"
1329,iran,201805,"(423333.87007141486, 60483.12297614175)"
1330,spain,201805,"(0, 0)"
1331,turkey,201805,"(0, 0)"
1332,brazil,201807,"(0, 0)"
1333,canada,201807,"(0, 0)"
1334,china,201807,"(20873399.931119777, 1488425.8015862764)"
1335,france,201807,"(0, 0)"
1336,germany,201807,"(0, 0)"
1337,india,201807,"(8095477.124052364, 223569.2259480601)"
1338,italy,201807,"(0, 0)"
1339,japan,201807,"(2542843.089821225, 319255.28992203204)"
1340,korea,201807,"(0, 0)"
1341,mexico,201807,"(0, 0)"
1342,russia,201807,"(0, 0)"
1343,saudiarab,201807,"(0, 0)"
1344,uk,201807,"(0, 0)"
1345,usa,201807,"(0, 0)"
1346,indonesia,201807,"(853894.4299941584, 66599.83378330818)"
1347,iran,201807,"(411683.3898791503, 26658.225610009373)"
1348,spain,201807,"(0, 0)"
1349,turkey,201807,"(0, 0)"
1350,brazil,201808,"(0, 0)"
1351,canada,201808,"(0, 0)"
1352,china,201808,"(29243455.772427525, 498432.9318735252)"
1353,france,201808,"(0, 0)"
1354,germany,201808,"(0, 0)"
1355,india,201808,"(9878446.533727542, 294652.8119167012)"
1356,italy,201808,"(0, 0)"
1357,japan,201808,"(3439275.7400435824, 142511.42340427643)"
1358,korea,201808,"(208316.3901545871, 184350.78142525099)"
1359,mexico,201808,"(0, 0)"
1360,russia,201808,"(117501.29996896908, 70360.06047391568)"
1361,saudiarab,201808,"(0, 0)"
1362,uk,201808,"(0, 0)"
1363,usa,201808,"(0, 0)"
1364,indonesia,201808,"(921244.3801004775, 63417.46586571313)"
1365,iran,201808,"(381450.2096934654, 36335.73247674126)"
1366,spain,201808,"(0, 0)"
1367,turkey,201808,"(0, 0)"
1368,brazil,201809,"(0, 0)"
1369,canada,201809,"(0, 0)"
1370,china,201809,"(31558229.777035676, 403033.557710385)"
1371,france,201809,"(0, 0)"
1372,germany,201809,"(0, 0)"
1373,india,201809,"(13600265.992781218, 521190.769776288)"
1374,italy,201809,"(0, 0)"
1375,japan,201809,"(3050488.2097779214, 215070.73384224565)"
1376,korea,201809,"(169987.14013670757, 67028.78852249333)"
1377,mexico,201809,"(0, 0)"
1378,russia,201809,"(4133090.683647556, 55067.89852069891)"
1379,saudiarab,201809,"(0, 0)"
1380,uk,201809,"(0, 0)"
1381,usa,201809,"(0, 0)"
1382,indonesia,201809,"(495196.2798571717, 36834.08705184166)"
1383,iran,201809,"(433076.0402352661, 42269.65122061484)"
1384,spain,201809,"(0, 0)"
1385,turkey,201809,"(0, 0)"
1386,brazil,201810,"(0, 0)"
1387,canada,201810,"(0, 0)"
1388,china,201810,"(38154706.65076416, 517425.47231773386)"
1389,france,201810,"(0, 0)"
1390,germany,201810,"(0, 0)"
1391,india,201810,"(15061828.422539253, 193507.53526167478)"
1392,italy,201810,"(0, 0)"
1393,japan,201810,"(3437137.390153572, 436167.3836901316)"
1394,korea,201810,"(279845.01104970276, 264162.96464551456)"
1395,mexico,201810,"(0, 0)"
1396,russia,201810,"(29033932.41739352, 29832.8661189054)"
1397,saudiarab,201810,"(0, 0)"
1398,uk,201810,"(0, 0)"
1399,usa,201810,"(0, 0)"
1400,indonesia,201810,"(372237.760055311, 28729.43795846545)"
1401,iran,201810,"(467737.6508940533, 56817.90819811829)"
1402,spain,201810,"(0, 0)"
1403,turkey,201810,"(0, 0)"
1404,brazil,201811,"(0, 0)"
1405,canada,201811,"(0, 0)"
1406,china,201811,"(38969102.75032183, 617288.096884534)"
1407,france,201811,"(0, 0)"
1408,germany,201811,"(0, 0)"
1409,india,201811,"(16828178.422629233, 651217.2967827166)"
1410,italy,201811,"(0, 0)"
1411,japan,201811,"(3445419.010037074, 64185.16603544828)"
1412,korea,201811,"(211512.22981147096, 166129.79217310087)"
1413,mexico,201811,"(0, 0)"
1414,russia,201811,"(102264124.93145624, 87430.87612199815)"
1415,saudiarab,201811,"(0, 0)"
1416,uk,201811,"(0, 0)"
1417,usa,201811,"(0, 0)"
1418,indonesia,201811,"(453431.9498695079, 31038.42407734936)"
1419,iran,201811,"(449094.7705376595, 73161.38408839132)"
1420,spain,201811,"(0, 0)"
1421,turkey,201811,"(0, 0)"
1422,brazil,201812,"(0, 0)"
1423,canada,201812,"(0, 0)"
1424,china,201812,"(31289822.31338302, 940270.7511063648)"
1425,france,201812,"(0, 0)"
1426,germany,201812,"(0, 0)"
1427,india,201812,"(14224852.425358607, 395978.0899034622)"
1428,italy,201812,"(0, 0)"
1429,japan,201812,"(4199669.759529188, 201355.56344890114)"
1430,korea,201812,"(158889.290324416, 127192.19413698913)"
1431,mexico,201812,"(0, 0)"
1432,russia,201812,"(84339048.45606592, 144426.39124810311)"
1433,saudiarab,201812,"(0, 0)"
1434,uk,201812,"(0, 0)"
1435,usa,201812,"(0, 0)"
1436,indonesia,201812,"(297827.18985377625, 9684.787142139181)"
1437,iran,201812,"(304566.2798824683, 37527.23663341861)"
1438,spain,201812,"(0, 0)"
1439,turkey,201812,"(0, 0)"
1440,brazil,201901,"(0, 0)"
1441,canada,201901,"(0, 0)"
1442,china,201901,"(30754571.369752496, 334309.57595008233)"
1443,france,201901,"(0, 0)"
1444,germany,201901,"(0, 0)"
1445,india,201901,"(13905590.355057927, 790154.5248347755)"
1446,italy,201901,"(0, 0)"
1447,japan,201901,"(4471402.539558072, 531556.4742034576)"
1448,korea,201901,"(182275.80989833362, 139819.51062459237)"
1449,mexico,201901,"(0, 0)"
1450,russia,201901,"(111974092.50325766, 104297.19069185028)"
1451,saudiarab,201901,"(0, 0)"
1452,uk,201901,"(0, 0)"
1453,usa,201901,"(0, 0)"
1454,indonesia,201901,"(449648.35966964625, 8282.53610018896)"
1455,iran,201901,"(277773.1199916173, 54536.60649853892)"
1456,spain,201901,"(0, 0)"
1457,turkey,201901,"(0, 0)"
1458,brazil,201902,"(0, 0)"
1459,canada,201902,"(0, 0)"
1460,china,201902,"(34870982.784346506, 486430.71158941067)"
1461,france,201902,"(0, 0)"
1462,germany,201902,"(0, 0)"
1463,india,201902,"(14940666.644665845, 835674.5407680196)"
1464,italy,201902,"(0, 0)"
1465,japan,201902,"(4294456.219591349, 124941.46705722745)"
1466,korea,201902,"(183263.23990209214, 114801.47309223705)"
1467,mexico,201902,"(0, 0)"
1468,russia,201902,"(114229362.43781826, 143487.3694510298)"
1469,saudiarab,201902,"(0, 0)"
1470,uk,201902,"(0, 0)"
1471,usa,201902,"(0, 0)"
1472,indonesia,201902,"(757726.5300596897, 20412.978297535523)"
1473,iran,201902,"(342238.3702170141, 56427.68118112499)"
1474,spain,201902,"(0, 0)"
1475,turkey,201902,"(0, 0)"
1476,brazil,201903,"(0, 0)"
1477,canada,201903,"(0, 0)"
1478,china,201903,"(37367548.83669858, 820271.849802174)"
1479,france,201903,"(0, 0)"
1480,germany,201903,"(0, 0)"
1481,india,201903,"(16350002.462072803, 1016249.4699395286)"
1482,italy,201903,"(0, 0)"
1483,japan,201903,"(3843030.1399834473, 206709.77989551087)"
1484,korea,201903,"(197866.0996836573, 121166.06349974645)"
1485,mexico,201903,"(0, 0)"
1486,russia,201903,"(42754261.11657102, 55247.038893248704)"
1487,saudiarab,201903,"(0, 0)"
1488,uk,201903,"(0, 0)"
1489,usa,201903,"(0, 0)"
1490,indonesia,201903,"(936237.1502553988, 35410.93908740891)"
1491,iran,201903,"(400630.82984595, 60676.8329601033)"
1492,spain,201903,"(0, 0)"
1493,turkey,201903,"(0, 0)"
1494,brazil,201904,"(0, 0)"
1495,canada,201904,"(0, 0)"
1496,china,201904,"(33050747.298095442, 786215.4116325474)"
1497,france,201904,"(0, 0)"
1498,germany,201904,"(0, 0)"
1499,india,201904,"(16362302.192880217, 935913.9704367227)"
1500,italy,201904,"(0, 0)"
1501,japan,201904,"(3384480.8196937237, 102565.95073323578)"
1502,korea,201904,"(134078.18011668324, 91199.79590666771)"
1503,mexico,201904,"(0, 0)"
1504,russia,201904,"(1316392.2600994557, 31339.59326724144)"
1505,saudiarab,201904,"(0, 0)"
1506,uk,201904,"(0, 0)"
1507,usa,201904,"(0, 0)"
1508,indonesia,201904,"(982042.0803293306, 61619.09448006157)"
1509,iran,201904,"(413677.6599895656, 63259.60455459799)"
1510,spain,201904,"(0, 0)"
1511,turkey,201904,"(0, 0)"
