country,year,luminosity,avg_luminosity,avg_luminosity/pixel_count,norm_viirs,norm_viirs/pixel
Albania,2012,121805.14565203545,40601.71521734514,0.008688709780536987,161038.4244080486,0.05237048889448817
Albania,2013,133856.59920374386,44618.86640124794,0.009548374466982573,165055.5755919514,0.05323015358093376
Albania,2014,108442.08831917176,36147.362773057255,0.007735484641119499,156584.0719637607,0.051417263755070684
Albania,2015,59634.974544914265,19878.324848304757,0.004253933475607746,140315.03403900826,0.047935712589558935
Albania,2016,51327.107552575966,17109.035850858654,0.003661309536731285,137545.74504156213,0.04734308865068247
Albania,2017,149801.4797087247,49933.826569574914,0.010685768445303438,170370.53576027838,0.054367547559254624
Albania,2018,196092.9766058769,65364.32553529232,0.013987873456490729,185801.0347259958,0.057669652570441925
Armenia,2012,68899.03321070211,22966.344403567367,0.004914765304230532,144881.73781627393,0.04778566333327231
Armenia,2013,81104.60631305836,27034.868771019454,0.005785423779484609,148950.26218372607,0.04865632180852638
Armenia,2014,24720.54692602828,8240.18230867609,0.0017633873898070102,130155.57572138267,0.04463428541884879
Armenia,2015,49452.88572046143,16484.29524015381,0.0035276159273487217,138399.68865286038,0.0463985139563905
Armenia,2016,53959.72529059372,17986.575096864573,0.003849101697450629,139901.96850957116,0.046719999726492406
Armenia,2017,97889.54928790644,32629.849762635484,0.006982741818969922,154545.24317534207,0.049853639848011694
Armenia,2018,58565.91256685202,19521.970855617343,0.004177674223873627,141437.36426832393,0.0470485722529154
Benin,2012,130886.78463833244,43628.92821277748,0.009336529091134612,57777.24393497671,0.06408427943070548
Benin,2013,93739.3210284722,31246.440342824062,0.006686694154676482,45394.75606502329,0.061434444494247335
Benin,2014,113506.69300406965,37835.56433468988,0.008096757393798894,51983.88005688911,0.06284450773336975
Benin,2015,146226.34211678046,48742.11403892682,0.010430743644868231,62890.429761126055,0.06517849398443909
Benin,2016,74175.9737785787,24725.32459285957,0.0052911845833831725,38873.6403150588,0.06003893492295403
Benin,2017,279171.40818799386,93057.13606266463,0.019914095843690426,107205.45178486386,0.07466184618326129
Benin,2018,338434.94298012584,112811.64766004196,0.02414153345826042,126959.96338224119,0.07888928379783128
Bosnia and Herzegovina,2012,221214.996015148,73738.33200504932,0.015779899027986162,405876.18480314076,0.05771999276234682
Bosnia and Herzegovina,2013,167963.88719630335,55987.96239876778,0.011981344972310248,388125.81519685924,0.05392143870667089
Bosnia and Herzegovina,2014,153258.48628792496,51086.16209597498,0.010932366622377872,383224.0148940664,0.05287246035673853
Bosnia and Herzegovina,2015,196845.98349528425,65615.3278317614,0.014041587593851523,397753.18062985287,0.05598168132821218
Bosnia and Herzegovina,2016,186136.77971707843,62045.593239026144,0.013277669426754731,394183.44603711757,0.05521776316111539
Bosnia and Herzegovina,2017,379171.54956698435,126390.51652232815,0.02704739223936858,458528.3693204196,0.06898748597372924
Bosnia and Herzegovina,2018,398585.6005596002,132861.86685320007,0.028432252081179093,464999.71965129155,0.07037234581553975
Cambodia,2012,193559.4344704798,64519.81149015994,0.013807148642170378,95719.22892952984,0.04946600904305235
Cambodia,2013,136654.06089330072,45551.35363110023,0.009747925418731087,76750.77107047015,0.04540678581961306
Cambodia,2014,224262.8304983357,74754.27683277857,0.01599730978794849,105953.69427214848,0.05165617018883047
Cambodia,2015,167281.3078614077,55760.43595380257,0.011932654634054402,86959.85339317247,0.04759151503493637
Cambodia,2016,96015.11382047171,32005.037940157235,0.006849032970368308,63204.45537952715,0.042507893371250285
Cambodia,2017,221953.8809845349,73984.62699484495,0.01583260580835933,105184.04443421484,0.05149146620924129
Cambodia,2018,206287.27495386713,68762.42498462237,0.014715061945020846,99961.84242399226,0.05037392234590282
Cote d'Ivoire,2012,485880.63200502616,161960.21066834204,0.03465925660920563,286785.8950044151,0.06790045065902914
Cote d'Ivoire,2013,317905.2619785354,105968.4206595118,0.022677092533741543,230794.10499558487,0.055918286583565055
Cote d'Ivoire,2014,380034.12257585156,126678.04085861721,0.027108922041729985,251503.7251946903,0.0603501160915535
Cote d'Ivoire,2015,902714.7008833254,300904.9002944418,0.06439322418287673,425730.5846305149,0.09763441823270023
Cote d'Ivoire,2016,295893.28982006357,98631.09660668788,0.021106915537043986,223456.78094276093,0.05434810958686749
Cote d'Ivoire,2017,1045868.4037271744,348622.80124239146,0.07460478767111145,473448.4855784645,0.10784598172093496
Cote d'Ivoire,2018,1205319.913115614,401773.30437187135,0.08597892036253743,526598.9887079444,0.11922011441236095
Congo,Congo,Congo,Congo,Congo,Congo,Congo
Congo,Congo,Congo,Congo,Congo,Congo,Congo
Congo,Congo,Congo,Congo,Congo,Congo,Congo
Congo,Congo,Congo,Congo,Congo,Congo,Congo
Congo,Congo,Congo,Congo,Congo,Congo,Congo
Congo,Congo,Congo,Congo,Congo,Congo,Congo
Congo,Congo,Congo,Congo,Congo,Congo,Congo
Dominican Republic,2012,150512.92097586693,50170.973658622315,0.010736517587821235,283271.24842894217,0.04510604081482837
Dominican Republic,2013,165286.43040221394,55095.476800737975,0.011790354313342294,288195.75157105783,0.046159877540349434
Dominican Republic,2014,244920.38327723212,81640.12775907737,0.017470872172453196,314740.40252939716,0.05184039539946033
Dominican Republic,2015,264505.67387212144,88168.5579573738,0.018867947025371205,321268.8327276937,0.053237470252378336
Dominican Republic,2016,154790.3300479321,51596.77668264404,0.011041637423611929,284697.0514529639,0.045411160650619065
Dominican Republic,2017,250682.57024890807,83560.85674963605,0.017881905466901275,316661.13151995593,0.052251428693908405
Dominican Republic,2018,359993.7076745745,119997.9025581915,0.0256793818689677,353098.1773285115,0.06004890509597484
Egypt,2012,125370.34016181793,41790.113387272635,0.008943025312453487,3422534.8661161168,0.04456425937884066
Egypt,2013,71740.14346511952,23913.38115503984,0.005117429833081066,3404658.1338838837,0.04073866389946824
Egypt,2014,92842.6500457146,30947.550015238197,0.006622732046211326,3411692.3027440817,0.0422439661125985
Egypt,2015,71724.02652682997,23908.008842276657,0.005116280165728352,3404652.7615711214,0.04073751423211552
Egypt,2016,69449.8422376017,23149.9474125339,0.004954056089144515,3403894.7001413773,0.040575290155531685
Egypt,2017,124655.56534772494,41551.85511590832,0.00889203837848739,3422296.6078447527,0.04451327244487457
Egypt,2018,102518.54387492404,34172.84795830801,0.007312941256169154,3414917.600687152,0.042934175322556334
Estonia,2012,7312.174028420359,2437.391342806787,0.0005215983089845995,472768.8995514198,0.04420837517905903
Estonia,2013,112189.7767199019,37396.5922399673,0.008002817984776846,507728.1004485803,0.05168959485485128
Estonia,2014,8322.913884258884,2774.3046280862945,0.0005936972767580186,473105.8128366993,0.04428047414683245
Estonia,2015,17865.230689287928,5955.076896429309,0.0012743780551357324,476286.58510504226,0.04496115492521016
Estonia,2016,34469.08522652602,11489.695075508673,0.002458778537890734,481821.2032841216,0.046145555407965166
Estonia,2017,30162.222809563216,10054.074269854404,0.002151557710680414,480385.58247846743,0.04583833458075485
Estonia,2018,10276.424155039518,3425.4747183465056,0.0007330467574819269,473756.98292695935,0.044419823627556365
Ethiopia,2012,241737.12688481683,80579.04229493895,0.01724380137997824,139038.66273202546,0.0655898661963657
Ethiopia,2013,139673.1504926643,46557.716830888094,0.009963285723830562,105017.33726797457,0.05830935054021801
Ethiopia,2014,272899.53873330506,90966.51291110169,0.01946670543845351,149426.13334818813,0.06781277025484096
Ethiopia,2015,394003.28343623935,131334.42781207975,0.028105382281105075,189794.04824916626,0.07645144709749252
Ethiopia,2016,112268.68654523537,37422.89551507845,0.008008446848545164,95882.51595216492,0.056354511664932626
Ethiopia,2017,1075170.918581561,358390.30619385367,0.07669501995191316,416849.9266309402,0.1250410847683006
Ethiopia,2018,912360.0412665964,304120.01375553204,0.06508125392805797,362579.63419261854,0.11342731874444542
Gambia,2012,47067.581296191885,15689.193765397298,0.0033574653333835447,11691.33107395822,0.05125001032421292
Gambia,2013,56185.59485244257,18728.531617480858,0.004007879346200253,14730.668926041782,0.051900424337029634
Gambia,2014,58317.14853721084,19439.04951240361,0.004159929173401262,15441.18682096453,0.05205247416423063
Gambia,2015,78911.67183793275,26303.89061264425,0.005628995484767634,22306.027921205165,0.053521540475597006
Gambia,2016,49598.21179901759,16532.737266339198,0.0035379824526162603,12534.87457490012,0.05143052744344563
Gambia,2017,298789.48421526264,99596.49473842086,0.021313509375368262,95598.6320469818,0.06920605436619763
Gambia,2018,198480.18655983,66160.06218661,0.014158159977343968,62162.19949517093,0.06205070496817334
Georgia,2012,167189.22877131822,55729.742923772734,0.01192608636892602,246573.71959009828,0.04847304629134648
Georgia,2013,168486.91123072835,56162.303743576114,0.012018653774159609,247006.28040990172,0.04856561369658007
Georgia,2014,161808.47598319786,53936.158661065936,0.011542261866877884,244780.1353273916,0.04808922178929835
Georgia,2015,117267.9829687186,39089.32765623953,0.008365060975953307,229933.30432256512,0.04491202089837377
Georgia,2016,121432.32744593588,40477.44248197862,0.008662115590477451,231321.4191483042,0.04520907551289791
Georgia,2017,242625.5765034318,80875.1921678106,0.017307177035000454,271719.1688341362,0.05385413695742092
Georgia,2018,137761.29557828806,45920.431859429336,0.009826907638942723,236764.40852575487,0.046373867561363184
Ghana,2012,92785.28383278834,30928.427944262778,0.006618639949997686,286021.2508122844,0.05718342302332164
Ghana,2013,94883.77895908171,31627.926319693906,0.006768331615572485,286720.7491877155,0.05733311468889644
Ghana,2014,131722.28912234327,43907.429707447765,0.009396128018117924,299000.25257546944,0.059960911091441874
Ghana,2015,469666.50152456143,156555.50050818713,0.03350265625924199,411648.32337620883,0.08406743933256594
Ghana,2016,267258.9811372602,89086.32704575342,0.019064348315607133,344179.14991377504,0.06962913138893109
Ghana,2017,656895.6651946107,218965.2217315369,0.04685824856097438,474058.0445995586,0.09742303163429833
Ghana,2018,772171.7693680711,257390.58978935704,0.0550812231194996,512483.4126573786,0.10564600619282356
Guinea,2012,445331.0652573298,148443.68841910994,0.031766739915340014,38263.59447486243,0.06834980167756086
Guinea,2013,380926.4984081552,126975.49946938507,0.02717257776481578,16795.40552513757,0.06375563952703663
Guinea,2014,196430.14999153872,65476.71666384622,0.014011924999453498,-44703.37728040128,0.050594986761674336
Guinea,2015,457786.8801036193,152595.6267012064,0.03265524885065775,42415.5327569589,0.06923831061287859
Guinea,2016,212253.51658560653,70751.17219520218,0.01514065104260159,-39428.92174904533,0.051723712804822436
Guinea,2017,713337.3672229813,237779.1224076605,0.05088439676529585,127599.02846341295,0.0874674585275167
Guinea,2018,318426.089728517,106142.02990950568,0.02271424466833336,-4038.064034741823,0.0592973064305542
Hungary,2012,422297.2702083028,140765.75673610088,0.030123673366270767,1029337.7635127528,0.04587043930225425
Hungary,2013,460773.68913178646,153591.22971059548,0.03286830649019105,1042163.2364872472,0.04861507242617453
Hungary,2014,219609.07136510962,73203.02378836986,0.01566534382476466,961775.0305650216,0.03141210976074814
Hungary,2015,438542.0731816,146180.6910605333,0.031282461672966784,1034752.6978371851,0.047029227608950265
Hungary,2016,420708.79914463015,140236.2663815434,0.03001036317733622,1028808.2731581952,0.0457571291133197
Hungary,2017,382845.5499223769,127615.18330745895,0.027309469203775225,1016187.1900841108,0.0430562351397587
Hungary,2018,262845.85302854964,87615.28434284987,0.018749547252354386,976187.2911195016,0.03449631318833787
Kenya,2012,600116.5890526825,200038.86301756086,0.04280803449519463,194969.25185898985,0.1049732770670322
Kenya,2013,498370.0778987436,166123.35929958118,0.03555016454342571,161053.74814101018,0.09771540711526328
Kenya,2014,262051.3632307948,87350.45441026492,0.01869287402037115,82280.84325169389,0.08085811659220872
Kenya,2015,899771.7309139456,299923.91030464857,0.06418329370892266,294854.29914607754,0.12634853628076026
Kenya,2016,404570.2217282293,134856.7405760764,0.028859152243748763,129787.12941750539,0.09102439481558633
Kenya,2017,2800804.025797127,933601.3419323757,0.19978937016200027,928531.7307738048,0.26195461273383785
Kenya,2018,1390593.778605432,463531.25953514397,0.09919503564684584,458461.648376573,0.16136027821868346
Lao PDR,2012,285508.00970846927,95169.33656948977,0.020366103772514743,106604.72821057212,0.09052583296704302
Lao PDR,2013,232562.64044503678,77520.88014834559,0.01658935899469147,88956.27178942789,0.08674908818921973
Lao PDR,2014,255609.2271461761,85203.07571539201,0.018233338008929737,96638.46735647434,0.08839306720345799
Lao PDR,2015,234558.8421536425,78186.28071788081,0.01673175377790559,89621.67235896314,0.08689148297243385
Lao PDR,2016,211910.93379847595,70636.97793282532,0.01511621363154436,82072.36957390764,0.08527594282607262
Lao PDR,2017,836192.0725584684,278730.6908528228,0.05964797464305524,290166.0824939051,0.1298077038375835
Lao PDR,2018,435287.0327260466,145095.67757534888,0.031050270317742726,156531.0692164312,0.10120999951227097
Latvia,2012,337787.53524718323,112595.8450823944,0.024095352011071942,372428.50111377385,0.09400627806006814
Latvia,2013,227243.52856454023,75747.84285484675,0.016209931515068658,335580.4988862261,0.08612085756406487
Latvia,2014,84971.57063566294,28323.856878554318,0.006061265416149,288156.5129099337,0.07597219146514521
Latvia,2015,54715.44579317582,18238.48193105861,0.003903009404608547,278071.13796243805,0.07381393545360476
Latvia,2016,57594.8963898954,19198.2987966318,0.004108408859848001,279030.9548280112,0.07401933490884421
Latvia,2017,35030.702122248615,11676.900707416202,0.002498840279031948,271509.5567387956,0.07240976632802816
Latvia,2018,34168.166261540646,11389.388753846884,0.002437313126555103,271222.0447852263,0.0723482391755513
Lithuania,2012,458133.8242507827,152711.2747502609,0.03267999737001317,498426.7990681863,0.12459529530140045
Lithuania,2013,458429.0298416648,152809.67661388827,0.03270105523001601,498525.2009318137,0.12461635316140328
Lithuania,2014,295650.3600570891,98550.12001902972,0.02108958666151708,444265.6443369552,0.11300488459290435
Lithuania,2015,339846.7007944557,113282.2335981519,0.024242238185170392,458997.7579160773,0.11615753611655767
Lithuania,2016,322054.702663652,107351.56755455064,0.022973084018103992,453067.0918724761,0.11488838194949128
Lithuania,2017,67222.99399991182,22407.66466663728,0.0047952086286450965,368123.1889845628,0.09671050656003237
Lithuania,2018,80657.42792500433,26885.80930833477,0.005753525264745097,372601.3336262602,0.09766882319613238
Moldova,2012,47117.50590968169,15705.835303227232,0.003361026599003287,212143.56145773482,0.4019957794542236
Moldova,2013,26006.13716327296,8668.712387757654,0.001855092222212209,205106.43854226518,0.4004898450774325
Moldova,2014,266652.24652399326,88884.08217466444,0.019021068198496627,285321.80832917197,0.41765582105371696
Moldova,2015,211615.6070431419,70538.5356810473,0.01509514712853425,266976.26183555485,0.4137298999837546
Moldova,2016,219630.33366675905,73210.11122225302,0.01566686052561756,269647.8373767605,0.4143016133808379
Moldova,2017,222853.9842198731,74284.66140662436,0.015896812749227968,270722.3875611319,0.41453156560444826
Moldova,2018,288919.5305329201,96306.51017764006,0.02060945732047232,292744.2363321476,0.41924421017569263
Montenegro,2012,80885.18813899464,26961.729379664877,0.00576977205291091,82687.33702046778,0.4080138929646887
Montenegro,2013,96126.16601618793,32042.055338729315,0.0068569546414430785,87767.66297953222,0.4091010755532209
Montenegro,2014,86015.56708515502,28671.85569505168,0.006135736671964917,84397.46333585457,0.4083798575837427
Montenegro,2015,92112.2894750871,30704.096491695702,0.006570633335607932,86429.7041324986,0.4088147542473857
Montenegro,2016,95750.60686609258,31916.8689553642,0.006830164932000706,87642.47659616711,0.4090742858437785
Montenegro,2017,134670.84449990958,44890.28149996986,0.009606456915229563,100615.88914077275,0.41185057782700735
Montenegro,2018,119429.07115163552,39809.6903838785,0.008519217583467688,95535.29802468141,0.4107633384952455
Myanmar,2012,761429.6831795506,253809.89439318352,0.0543149593559292,414630.7176411637,0.5325219816065242
Myanmar,2013,670807.3773325684,223602.45911085614,0.047850610818496696,384423.28235883627,0.5260576330690917
Myanmar,2014,233958.8144712003,77986.27149040009,0.016688952085373472,238807.09473838023,0.4948959743359685
Myanmar,2015,317278.5594912827,105759.51983042755,0.022632388051009464,266580.3430784077,0.5008394103016044
Myanmar,2016,408264.5309831334,136088.1769943778,0.02912267790010413,296909.000242358,0.5073297001506991
Myanmar,2017,784945.3290788074,261648.4430262691,0.05599239770573591,422469.2662742493,0.5341994199563309
Myanmar,2018,821357.7426632356,273785.91422107856,0.058589799419353036,434606.73746905866,0.536796821669948
Nepal,2012,1088924.41635681,362974.80545227,0.07767609632595879,-41438.52733096789,0.23126747846440765
Nepal,2013,1679426.5803426171,559808.8601142057,0.11979830635400456,155395.52733096786,0.27338968849245343
Nepal,2014,1339822.4540332232,446607.4846777411,0.09557337170137033,42194.15189450317,0.2491647538398192
Nepal,2015,1105904.2632910986,368634.75443036633,0.07888731742290192,-35778.578352871584,0.2324786995613508
Nepal,2016,1046924.0738395076,348974.6912798359,0.07468009164272077,-55438.64150340203,0.22827147378116966
Nepal,2017,2427504.019029928,809168.0063433094,0.17316081188139626,404754.6735600715,0.3267521940198451
Nepal,2018,2157910.242156228,719303.4140520759,0.15392991590113864,314890.081268838,0.3075212980395875
Pakistan,2012,101996.75363815614,33998.91787938537,0.007275720464639166,3263157.044074765,0.4047732280740496
Pakistan,2013,151661.489189565,50553.829729855,0.010818448246978129,3279711.9559252346,0.4083159558563886
Pakistan,2014,158722.23070163006,52907.41023387669,0.01132211115469288,3282065.536429256,0.4088196187641033
Pakistan,2015,134268.32487272832,44756.10829090943,0.009577744037765923,3273914.234486289,0.4070752516471763
Pakistan,2016,165780.92537403313,55260.30845801104,0.011825628055474222,3284418.4346533907,0.4093231356648847
Pakistan,2017,287618.07477009506,95872.69159003168,0.020516620754702758,3325030.817785411,0.4180141283641132
Pakistan,2018,451123.9517396173,150374.65057987242,0.03217996309377598,3379532.776775252,0.4296774707031864
Philippines,2012,248920.15495840856,82973.38498613617,0.01775618733824621,688789.1119597841,0.4543186631250777
Philippines,2013,222531.48319970397,74177.16106656799,0.015873807828104346,679992.8880402159,0.4524362836149358
Philippines,2014,59990.409496020686,19996.803165340232,0.004279287668318499,625812.5301389882,0.44084176345515
Philippines,2015,280332.62235259963,93444.20745086654,0.01999692857473228,699259.9344245145,0.4565594043615638
Philippines,2016,182978.1966715778,60992.732223859275,0.013052358654757632,666808.4591975072,0.4496148344415891
Philippines,2017,590639.7516304944,196879.9172101648,0.04213202454866944,802695.6441838128,0.4786945003355009
Philippines,2018,461030.8751975861,153676.95839919534,0.032886652308615795,759492.6853728433,0.4694491280954473
Poland,2012,130421.69486540172,43473.898288467244,0.009303352906029634,7196044.844214176,1.4217022757330695
Poland,2013,102462.62958034268,34154.209860114235,0.007308952729448053,7186725.155785822,1.4197078755564885
Poland,2014,142975.49974496017,47658.49991498672,0.010198851750976415,7200229.445840696,1.4225977745780165
Poland,2015,104365.0899495967,34788.36331653223,0.0074446606745347315,7187359.309242241,1.4198435835015748
Poland,2016,163264.99984657572,54421.66661552523,0.011646159884236444,7206992.612541234,1.4240450827112765
Poland,2017,139094.7741901364,46364.924730045466,0.009922028486217949,7198935.870655755,1.4223209513132582
Poland,2018,121083.44220225092,40361.14740075031,0.008637228607149586,7192932.093326459,1.4210361514341898
Romania,2012,623947.0016728786,207982.33389095953,0.044507926056416784,2095114.5921434308,0.4962771858353185
Romania,2013,692574.4488122939,230858.1496040981,0.04940331834860242,2117990.407856569,0.5011725781275042
Romania,2014,551485.6514099451,183828.5504699817,0.039339050477555336,2070960.8087224527,0.491108310256457
Romania,2015,606773.8694495573,202257.95648318573,0.04328291736641048,2089390.214735657,0.4950521771453122
Romania,2016,822306.1335029562,274102.0445009854,0.05865745085329485,2161234.302753457,0.5104267106321966
Romania,2017,838123.5455737315,279374.51519124385,0.059785752143248064,2166506.773443715,0.5115550119221498
Romania,2018,988397.5393953392,329465.8464651131,0.07050522637308196,2216598.1047175843,0.5222744861519837
Rwanada,2012,42242.018795829244,14080.672931943083,0.003013244144130422,16771.307049070503,0.3934299415714903
Rwanada,2013,52143.17650140623,17381.058833802075,0.003719522071344149,20071.692950929497,0.394136219498704
Rwanada,2014,42126.52496075063,14042.174986916874,0.0030050056382030445,16732.809104044296,0.3934217030655629
Rwanada,2015,87209.48753933203,29069.829179777335,0.006220902436283492,31760.46329690476,0.3966375998636433
Rwanada,2016,21324.35402871106,7108.118009570353,0.0015211272267773765,9798.752126697776,0.3919378246541372
Rwanada,2017,120311.25157840947,40103.750526136486,0.008582146039086521,42794.384643263904,0.3989988434664464
Rwanada,2018,106247.13929298984,35415.71309766328,0.007578912642707801,38106.3472147907,0.3979956100700677
Senegal,2012,156244.0918183682,52081.36393945607,0.01114533841297278,102017.18212209355,0.5152103897981056
Senegal,2013,77786.99908580686,25928.999695268954,0.005548769357299953,75864.81787790645,0.5096138207424328
Senegal,2014,133039.37076817267,44346.45692272423,0.009490079222860746,94282.27510536172,0.5135551306079935
Senegal,2015,60380.10439834416,20126.70146611472,0.0043070857214394746,70062.5196487522,0.5083721371065723
Senegal,2016,59566.35766193028,19855.45255397676,0.004249038836887014,69791.27073661426,0.5083140902220198
Senegal,2017,203434.1069355864,67811.36897852879,0.014511537301351268,117747.18716116625,0.518576588686484
Senegal,2018,129602.15127223851,43200.71709074617,0.00924489251508822,93136.53527338368,0.513309943900221
Serbia,2012,301146.0712150157,100382.02373833855,0.02148161147322162,987432.2753158172,0.4140187163342501
Serbia,2013,356212.4193201128,118737.47310670427,0.025409651744410417,1005787.7246841828,0.4179467566054389
Serbia,2014,332421.78910865326,110807.26303621776,0.023712597976304744,997857.5146136964,0.4162497028373333
Serbia,2015,348494.40019534394,116164.80006511464,0.0248591033427253,1003215.0516425931,0.4173962082037538
Serbia,2016,419323.80575412116,139774.6019180404,0.029911567633406806,1026824.853495519,0.4224486724944353
Serbia,2017,551700.1433400081,183900.0477800027,0.0393543508010401,1070950.2993574813,0.4318914556620686
Serbia,2018,494123.0698315407,164707.6899438469,0.035247213298353175,1051757.9415213256,0.4277843181593817
Sweden,2012,828452.8573782772,276150.9524594257,0.059095914266050265,4869420.776911956,1.3491952375748253
Sweden,2013,744589.1959065401,248196.3986355133,0.05311367918262669,4841466.223088044,1.3432130024914015
Sweden,2014,392457.52743879386,130819.17581293127,0.027995119080142315,4724089.000265462,1.3180944423889174
Sweden,2015,211036.1214085789,70345.37380285964,0.01505381075909144,4663615.19825539,1.3051531340678664
Sweden,2016,873941.8461139561,291313.94870465196,0.06234077407241285,4884583.773157182,1.352440097381188
Sweden,2017,605318.6656257114,201772.88854190373,0.04317911351125115,4795042.712994434,1.333278436820026
Sweden,2018,453742.9448854429,151247.6482951476,0.0323667833733256,4744517.472747678,1.3224661066821006
Tajikistan,2012,898441.2628821214,299480.4209607071,0.06408838761494016,242805.28587332,0.4171731833191564
Tajikistan,2013,504695.5476422014,168231.84921406713,0.036001378410723886,111556.71412668,0.3890861741149401
Tajikistan,2014,326085.1950629478,108695.0650209826,0.023260590580677167,52019.92993359547,0.3763453862848933
Tajikistan,2015,278275.0095132627,92758.33650442088,0.019850153159736445,36083.201417033764,0.3729349488639526
Tajikistan,2016,401243.8629594849,133747.95431982836,0.02862187354905283,77072.81923244124,0.38170666925326896
Tajikistan,2017,929961.7992569624,309987.2664189875,0.06633683772122907,253312.1313316004,0.4194216334254453
Tajikistan,2018,598100.6337804906,199366.8779268302,0.042664230633733334,142691.74283944312,0.3957490263379495
Tanzania,2012,89713.09554993211,29904.365183310703,0.006399491963777465,86926.8040595828,0.3397676413257794
Tanzania,2013,247217.27119243532,82405.75706414509,0.01763471576368074,139428.19594041718,0.3510028651256827
Tanzania,2014,119556.6607845666,39852.220261522205,0.008528318917287447,96874.65913779431,0.3418964682792894
Tanzania,2015,112676.45571516606,37558.81857172201,0.008037534190923123,94581.25744799412,0.34140568355292505
Tanzania,2016,171570.93244342794,57190.310814475975,0.0122386458371445,114212.74969074807,0.34560679519914644
Tanzania,2017,881289.1306145148,293763.0435381716,0.06286487691190012,350785.4824144437,0.3962330262739021
Tanzania,2018,859902.3129387109,286634.1043129037,0.0613392939743355,343656.54318917583,0.3947074433363375
Togo,2012,137260.06275714494,45753.35425238165,0.009791153266727337,38638.958054665236,0.3879250052435102
Togo,2013,137716.31442915348,45905.43814305117,0.009823699004789108,38791.041945334764,0.38795755098157203
Togo,2014,84197.55661056527,28065.852203521757,0.006006052779653733,20951.45600580535,0.38413990475643656
Togo,2015,75247.05858680625,25082.35286226875,0.005367588129384563,17967.95666455234,0.3835014401061674
Togo,2016,62562.437591610986,20854.145863870333,0.004462757796368857,13739.749666153923,0.3825966097731517
Togo,2017,168118.56021806857,56039.52007268952,0.011992378241798187,48925.12387497311,0.39012623021858095
Togo,2018,199356.669368702,66452.22312290066,0.014220682005564962,59337.826925184236,0.3923545339823478
Turkmenistan,2012,76821.38936417285,25607.129788057617,0.005479889651211749,675101.9708547315,0.4869715083619366
Turkmenistan,2013,213801.5642357836,71267.18807859451,0.015251077713714938,720762.0291452685,0.4967426964244397
Turkmenistan,2014,55330.475247086426,18443.49174902881,0.003946881216451186,667938.3328157028,0.485438499927176
Turkmenistan,2015,59893.628684637326,19964.54289487911,0.004272384015948696,669459.383961553,0.4857640027266735
Turkmenistan,2016,88782.76319622764,29594.254398742545,0.006333128693346559,679089.0954654164,0.4878247474040714
Turkmenistan,2017,96854.58759241157,32284.862530803846,0.006908915038024093,681779.7035974779,0.4884005337487489
Turkmenistan,2018,138661.0396732522,46220.346557750745,0.009891088961300223,695715.1876244246,0.491382707672025
Uganda,2012,463841.8056282786,154613.93520942618,0.033087164024231966,102580.66288790989,0.5373303089523342
Uganda,2013,168640.82830081932,56213.609433606434,0.012029633119450257,4180.337112090121,0.5162727780475526
Uganda,2014,194244.41654330454,64748.138847768176,0.013856010374602,12714.866526251863,0.5180991553027043
Uganda,2015,592857.1338078468,197619.04460261558,0.04229019676798265,145585.7722810993,0.5465333416960849
Uganda,2016,207202.6687486629,69067.55624955428,0.0147803596052741,17034.28392803797,0.5190235045333764
Uganda,2017,1039264.5850958512,346421.52836528374,0.07413371838069915,294388.25604376744,0.5783768633088014
Uganda,2018,876702.9909459192,292234.33031530643,0.06253773443873015,240201.0579937901,0.5667808793668324
Uzbekistan,2012,531856.9004006721,177285.6334668907,0.03793887546884752,1184124.2203021538,0.40077974233488
Uzbekistan,2013,406044.5785877493,135348.1928625831,0.02896432233977992,1142186.7796978462,0.3918051892058124
Uzbekistan,2014,153750.3328426753,51250.11094755843,0.010967451445337577,1058088.6977828215,0.37380831831137
Uzbekistan,2015,68698.25340918411,22899.417803061366,0.004900443106134178,1029738.0046383244,0.36774130997216653
Uzbekistan,2016,86529.80985646133,28843.269952153776,0.006172419081174325,1035681.8567874169,0.3690132859472068
Uzbekistan,2017,220358.87536557944,73452.95845519315,0.01571882949088733,1080291.5452904562,0.3785596963569198
Uzbekistan,2018,278417.29326790525,92805.76442263508,0.019860302667328723,1099644.351257898,0.3827011695333612
Vietnam,2012,260123.6539464152,86707.88464880506,0.01855536499787821,1482873.0871577081,0.5083656227703819
Vietnam,2013,286280.131000166,95426.71033338868,0.02042118139491742,1491591.9128422919,0.5102314391674211
Vietnam,2014,318412.6901632813,106137.56338776043,0.022713288838980702,1502302.7658966638,0.5125235466114844
Vietnam,2015,409128.1644915021,136376.05483050065,0.029184283350931293,1532541.2573394037,0.5189945411234349
Vietnam,2016,363633.1024649893,121211.03415499645,0.025938990319345046,1517376.2366638996,0.5157492480918486
Vietnam,2017,499524.6180729263,166508.20602430878,0.035632521199622326,1562673.4085332118,0.525442778972126
Vietnam,2018,274428.33534547564,91476.1117818252,0.019575758877908068,1487641.3142907284,0.5093860166504117
Australia,2012,116472.85437005086,38824.284790016936,0.008308342176471998,2559056.47341193,1.5472930045567026
Australia,2013,163894.01389847128,54631.33796615709,0.011691029257492751,2574863.52658807,1.5506756916377231
Australia,2014,55535.36157283821,18511.787190946063,0.003961496344678554,2538743.97581286,1.5429461587249091
Australia,2015,77587.7257773488,25862.575259116264,0.005534554621666815,2546094.7638810296,1.544519217001897
Australia,2016,191203.91780319007,63734.63926773003,0.013639122894196106,2583966.827889643,1.552623785274427
Australia,2017,201948.18085052003,67316.06028350668,0.014405541939337962,2587548.24890542,1.5533902043195686
Australia,2018,210512.50689558388,70170.83563186128,0.015016459836715068,2590403.0242537744,1.5540011222169456
Brazil,2012,622342.0516652922,207447.35055509745,0.04439344037723189,12688590.158350935,1.5443895278228434
Brazil,2013,672312.1015596882,224104.03385322946,0.04795794710580377,12705246.841649067,1.5479540345514151
Brazil,2014,581059.6469046895,193686.54896822985,0.041448648249711915,12674829.356764067,1.5414447356953234
Brazil,2015,720987.8069567176,240329.26898557265,0.051430124535531585,12721472.07678141,1.551426211981143
Brazil,2016,1036338.4488041613,345446.14960138703,0.07392498870117131,12826588.957397224,1.5739210761467828
Brazil,2017,2695503.4784487737,898501.1594829245,0.19227798063289755,13379643.967278762,1.6922740680785089
Brazil,2018,3731831.571750692,1243943.8572502306,0.2662022306464449,13725086.665046068,1.7661983180920564
Canada,2012,3510327.225665456,1170109.0752218186,0.2504016914495191,14630111.143400555,1.4712665819218418
Canada,2013,3119309.365262106,1039769.788420702,0.222509267940936,14499771.85659944,1.443374158413259
Canada,2014,2179302.7466366813,726434.2488788938,0.15545590449476082,14186436.317057636,1.3763207949670837
Canada,2015,2223803.3942569,741267.7980856333,0.1586302630996312,14201269.866264373,1.3794951535719542
Canada,2016,4319446.462854883,1439815.4876182943,0.3081184832332735,14899817.555797033,1.5289833737055962
Canada,2017,2318171.014017335,772723.6713391119,0.16536177560174514,14232725.73951785,1.386226666074068
Canada,2018,1725893.2516648052,575297.7505549351,0.12311290705847278,14035299.818733675,1.3439777975307954
China,2012,1056121.3930847335,352040.4643615778,0.07533616275739276,35509643.26237562,1.5135319101398563
China,2013,1261286.8188309704,420428.93961032346,0.08997119998645893,35578031.73762437,1.5281669473689226
China,2014,1140542.2403157149,380180.74677190493,0.08135814349630573,35537783.54478595,1.5195538908787694
China,2015,854459.6534084623,284819.88446948736,0.06095105348712573,35442422.68248353,1.4991468008695894
China,2016,890135.6493532086,296711.8831177362,0.06349592442206176,35454314.68113178,1.5016916718045257
China,2017,3243812.6949025136,1081270.898300838,0.2313904469105533,36238873.69631489,1.6695861942930168
China,2018,1537747.1269126527,512582.375637551,0.10969190529739616,35670185.1736516,1.5478876526798595
France,2012,388927.3654176188,129642.45513920626,0.027743302515939955,10652060.717258034,2.1135357164654507
France,2013,648126.0618694099,216042.02062313663,0.04623268764747426,10738460.282741964,2.1320251015969856
France,2014,283961.10439058754,94653.7014635292,0.02025575858723464,10617071.963582356,2.1060481725367457
France,2015,276592.4222447439,92197.47408158133,0.019730129392445443,10614615.736200407,2.1055225433419564
France,2016,243332.9958247203,81110.9986082401,0.017357639280605245,10603529.260727068,2.1031500532301166
France,2017,247792.7667687619,82597.58892292062,0.017675767510845583,10605015.851041747,2.103468181460357
France,2018,298819.9683544976,99606.65611816586,0.02131568389629925,10622024.918236993,2.1071080978458103
Germany,2012,315318.1816899572,105106.06056331906,0.02249254868966932,9524569.65241853,2.073051346346826
Germany,2013,350804.26717877825,116934.75572625945,0.025023872768050227,9536398.34758147,2.0755826704252067
Germany,2014,387109.8465683781,129036.6155227927,0.02761365369267249,9548500.207378004,2.078172451349829
Germany,2015,323971.33760941576,107990.44586980528,0.023109803076316448,9527454.037725016,2.073668600733473
Germany,2016,687945.0264917307,229315.0088305769,0.04907308839994472,9648778.600685788,2.099631886057101
Germany,2017,302868.158706707,100956.05290223572,0.02160445290452489,9520419.644757448,2.0721632505616814
Germany,2018,354031.6562678259,118010.55208927533,0.025254091672132613,9537474.143944487,2.0758128893292893
India,2012,983396.65981363,327798.8866045433,0.07014849931446479,20528121.702907003,2.330326220886547
India,2013,523372.4423716094,174457.48079053647,0.03733365478572245,20374780.297093,2.297511376357805
India,2014,393712.7727501246,131237.5909167082,0.028084659322101302,20331560.407219168,2.2882623808941838
India,2015,512688.9724442418,170896.32414808063,0.03657157228788474,20371219.14045054,2.2967492938599667
India,2016,968815.8800096741,322938.6266698913,0.06910841054471444,20523261.44297235,2.329286132116797
India,2017,1324873.3978050977,441624.4659350325,0.09450701271986912,20641947.282237493,2.3546847342919515
India,2018,1365915.6018206794,455305.2006068931,0.09743467064052627,20655628.016909353,2.3576123922126087
Indonesia,2012,60338.9539291938,20112.9846430646,0.0043041503406567785,3018357.876762355,2.543109624318746
Indonesia,2013,216924.69335506266,72308.23111835423,0.015473859455646275,3070553.123237645,2.5542793334337355
Indonesia,2014,83798.49207656775,27932.830692189247,0.005977586363879189,3026177.72281148,2.544783060341969
Indonesia,2015,220883.088036883,73627.69601229434,0.015756223081608442,3071872.588131585,2.5545616970596976
Indonesia,2016,120447.46367831787,40149.15455943929,0.008591862438162816,3038394.0466787308,2.547397336416252
Indonesia,2017,316767.4282030771,105589.14273435905,0.022595927592798142,3103834.03485365,2.5614014015708872
Indonesia,2018,299693.4873843671,99897.82912812236,0.021377994509678373,3098142.721247413,2.560183468487768
Iran,2012,205672.40332575847,68557.46777525282,0.014671201391344531,7685788.785673493,2.4575440143240086
Iran,2013,97955.68928481267,32651.896428270895,0.0069874597743151395,7649883.214326507,2.44986027270698
Iran,2014,89640.09965550716,29880.033218502387,0.00639428495763307,7647111.35111674,2.449267097890297
Iran,2015,61959.653988532125,20653.217996177373,0.004419759516127227,7637884.535894415,2.4472925724487915
Iran,2016,76471.14893635713,25490.382978785707,0.0054549059987197964,7642721.700877024,2.4483277189313846
Iran,2017,99616.54694798267,33205.515649327564,0.007105933506642423,7650436.833547566,2.4499787464393066
Iran,2018,210152.0755967401,70050.69186558004,0.014990749240215137,7687282.009763817,2.4578635621728795
Italy,2012,1824988.7808735685,608329.5936245228,0.13018167487804708,9324001.950932464,2.5957302452416977
Italy,2013,2002568.0752787725,667522.691759591,0.14284891437650887,9383195.049067536,2.60839748474016
Italy,2014,1459492.0285628918,486497.34285429725,0.10410974507938006,9202169.70016224,2.569658315443031
Italy,2015,1815658.4372045319,605219.4790681772,0.12951611475036148,9320891.83637612,2.5950646851140116
Italy,2016,2130658.465192668,710219.4883975559,0.15198596862557182,9425891.845705498,2.6175345389892226
Italy,2017,1605077.0828613047,535025.6942871015,0.11449474382808845,9250698.051595043,2.580043314191739
Italy,2018,2099042.359344196,699680.7864480653,0.14973070127510318,9415353.143756008,2.615279271638754
Japan,2012,341036.9944533932,113678.99815113106,0.024327145239800625,8025250.2488586325,2.567750023459654
Japan,2013,429535.501301606,143178.50043386864,0.030639997113986912,8054749.751141367,2.57406287533384
Japan,2014,703542.5900292776,234514.1966764259,0.05018570726457285,8146085.447383925,2.5936085854844264
Japan,2015,528366.4540243676,176122.15134145587,0.03768989193530392,8087693.4020489575,2.581112770155157
Japan,2016,579852.4919307057,193284.163976902,0.04136253842920369,8104855.414684403,2.5847854166490567
Japan,2017,337379.6822935893,112459.89409786313,0.02406625869216541,8024031.144805362,2.5674891369120187
Japan,2018,715423.2835678254,238474.42785594185,0.05103319115037549,8150045.678563441,2.5944560693702288
Korea,2012,191956.27903957613,63985.4263465254,0.013692790975278323,47588.385375417696,2.090029498849268
Korea,2013,364006.9667870701,121335.65559569,0.025965659131852663,104938.6146245823,2.1023023670058416
Korea,2014,95284.39187654069,31761.463958846885,0.00679690848197252,15364.422987739186,2.083133616355961
Korea,2015,325231.098923118,108410.36630770599,0.023199665457654388,92013.3253365983,2.0995363733316434
Korea,2016,301071.1504973409,100357.05016578033,0.021476267163923844,83960.00919467263,2.097812975037913
Korea,2017,794778.6556532544,264926.2185510848,0.05669383704415835,248529.1775799771,2.133030544918148
Korea,2018,497321.5453411088,165773.84844703626,0.0354753697140286,149376.80747592857,2.1118120775880183
Mexico,2012,92600.83376572996,30866.94458857665,0.006605482598614114,6826558.46745989,2.784903342952974
Mexico,2013,92091.02900639042,30697.00966879681,0.0065691167655048,6826388.532540111,2.7848669771198646
Mexico,2014,46104.68402333573,15368.228007778576,0.003288779114032695,6811059.750879092,2.7815866394683932
Mexico,2015,69505.10964796564,23168.36988265521,0.00495799847176229,6818859.892753969,2.7832558588261223
Mexico,2016,79564.65563308782,26521.551877695943,0.005675574688438585,6822213.07474901,2.7839734350427987
Mexico,2017,184477.873249534,61492.62441651133,0.013159334878797904,6857184.147287825,2.7914571952331584
Mexico,2018,102848.9621709576,34282.9873903192,0.007336510939248197,6829974.5102616325,2.785634371293608
Netherlands,2012,24761.502444416587,8253.834148138862,0.0017663088641936837,1879071.5600818864,2.2892325314042674
Netherlands,2013,19013.14195309756,6337.713984365854,0.0013562618521761635,1877155.4399181136,2.28882248439225
Netherlands,2014,18387.560941479554,6129.186980493185,0.001311637367512015,1876946.912914241,2.2887778599075856
Netherlands,2015,25647.692312865045,8549.230770955015,0.0018295233247666164,1879366.9567047032,2.2892957458648397
Netherlands,2016,20009.06427726961,6669.6880924232055,0.0014273038429916329,1877487.414026171,2.288893526383065
Netherlands,2017,22044.879488808598,7348.2931629362,0.0015725243707876947,1878166.0190966842,2.2890387469108613
Netherlands,2018,20993.779037557,6997.926345852334,0.0014975463661867534,1877815.6522796003,2.2889637689062603
Russia,2012,2975911.2750022286,991970.425000743,0.21228027159860866,37514700.69975189,2.872152613348318
Russia,2013,3914097.0764909177,1304699.0254969723,0.2792037509452259,37827429.30024812,2.9390760926949357
Russia,2014,6843747.086973867,2281249.028991289,0.4881840740947195,38803979.30374243,3.1480564158444286
Russia,2015,4345258.514891034,1448419.504963678,0.30995973080768163,37971149.77971482,2.969832072557391
Russia,2016,14541841.948355515,4847280.649451839,1.0373112210271245,41370010.92420298,3.697183562776834
Russia,2017,5898991.937738023,1966330.645912674,0.4207919843645513,38489060.92066382,3.080664326114261
Russia,2018,1803052.735200698,601017.5784002327,0.12861691393495314,37123747.85315137,2.7884892556846625
Saudi Arabia,2012,43358.856625349326,14452.952208449775,0.003092911384136408,6501454.22630761,2.4083967765557204
Saudi Arabia,2013,153136.49877969275,51045.49959323092,0.010923664904152369,6538046.773692391,2.4162275300757368
Saudi Arabia,2014,266863.8543019237,88954.61810064124,0.01903616278715213,6575955.892199801,2.4243400279587366
Saudi Arabia,2015,208267.18072187484,69422.39357395827,0.014856294292135096,6556423.6676731175,2.42016015946372
Saudi Arabia,2016,210849.703878304,70283.23462610133,0.015040513062923574,6557284.508725261,2.420344378234508
Saudi Arabia,2017,305678.2008162789,101892.73360542627,0.021804901253652163,6588894.007704586,2.4271087664252367
Saudi Arabia,2018,419985.0487265975,139995.01624219914,0.02995873598784298,6626996.29034136,2.4352626011594274
Spain,2012,345476.6742027541,115158.89140091804,0.02464384030760116,6314058.984176524,2.5083211367653466
Spain,2013,701369.7691436136,233789.9230478712,0.05003071372977953,6432690.015823478,2.533708010187526
Spain,2014,483792.7732743556,161264.2577581185,0.03451032366818374,6360164.350533724,2.5181876201259303
Spain,2015,1200284.177954133,400094.7259847109,0.08561970695561988,6598994.818760318,2.5692970034133658
Spain,2016,722916.3765474032,240972.12551580105,0.05156769492613647,6439872.218291407,2.5352449913838826
Spain,2017,1095604.873679863,365201.6245599545,0.07815263247367699,6564101.71733556,2.5618299289314233
Spain,2018,1615622.5858301432,538540.861943381,0.11524698474776007,6737440.9547189865,2.5989242812055062
Switzerland,2012,560168.5536058301,186722.85120194333,0.039958426751266735,1190363.0339254774,2.861344682145336
Switzerland,2013,593855.350052966,197951.78335098867,0.04236140239074702,1201591.9660745228,2.8637476577848164
Switzerland,2014,555555.2713143487,185185.09043811625,0.039629348117094086,1188825.2731616504,2.861015603511164
Switzerland,2015,599666.9051097354,199888.9683699118,0.042775957252050925,1203529.151093446,2.86416221264612
Switzerland,2016,569868.0519564193,189956.0173188064,0.040650319739316855,1193596.2000423404,2.862036575133386
Switzerland,2017,628686.7981880779,209562.26606269265,0.04484602931239098,1213202.4487862266,2.8662322847064603
Switzerland,2018,585602.7805842889,195200.92686142962,0.04177272298255603,1198841.1095849636,2.8631589783766254
Turkey,2012,1769851.1444239004,589950.3814746335,0.12624854940513386,5212453.737272523,2.9905212079689707
Turkey,2013,1767371.7207887515,589123.9069295839,0.1260716850183833,5211627.262727475,2.9903443435822203
Turkey,2014,2543938.94937503,847979.6497916767,0.18146644882858806,5470483.005589567,3.045739107392425
Turkey,2015,1444917.9036479737,481639.30121599114,0.10307013102191842,5104142.657013882,2.967342789585756
Turkey,2016,1345094.7505182996,448364.9168394332,0.09594945970480033,5070868.2726373235,2.960222118268637
Turkey,2017,3905839.5303042936,1301946.5101014313,0.2786147165334949,5924449.865899323,3.142887375097332
Turkey,2018,1600576.6002405647,533525.5334135216,0.1141737115173873,5156028.8892114125,2.9784463700812243
United Kingdom,2012,902944.0686315132,300981.3562105044,0.0644095856410594,6660704.494631412,2.5688722568092985
United Kingdom,2013,836974.1008430353,278991.36694767844,0.059703758959624126,6638714.505368588,2.5641664301278633
United Kingdom,2014,811082.836948353,270360.945649451,0.057856860976554965,6630084.0840703575,2.5623195321447936
United Kingdom,2015,684888.7852964108,228296.26176547023,0.04885507796513669,6588019.400186378,2.553317749133375
United Kingdom,2016,224087.46460095566,74695.82153365189,0.015984800436397027,6434418.95995456,2.520447471604636
United Kingdom,2017,486957.86225873523,162319.2874195784,0.03473609852742829,6522042.425840486,2.5391987696956666
United Kingdom,2018,859406.7489781972,286468.9163260657,0.061303943978179364,6646192.054746972,2.565766615146418
United States,2012,1811509.308350276,603836.4361167586,0.12922014550978714,71325099.63049951,3.173212684851706
United States,2013,1514514.5253531581,504838.1751177193,0.10803465731073092,71226101.36950047,3.1520271966526496
United States,2014,912457.4974822076,304152.4991607359,0.06508820575894511,71025415.69354351,3.1090807451008637
United States,2015,1003796.9389239728,334598.9796413243,0.0716037096315895,71055862.17402408,3.1155962489735085
United States,2016,1037676.9385740964,345892.3128580321,0.07402046700870035,71067155.50724079,3.1180130063506186
United States,2017,1624660.079714169,541553.359904723,0.11589165506182054,71262816.55428748,3.15988419440374
United States,2018,777784.845514405,259261.61517146835,0.05548161991185577,70980524.80955422,3.099474159253775
